task_key,task_number,task_id,title,level,form,difficulty,category,tier,score_role,counted_in_core_score,support_suite,exclusion_reason,target
001-bang-bang-phase-detector,1,v3_001_bang_bang_phase_detector,Bang Bang Phase Detector,L1,dut,D2,pll_clock_timing,formal-candidate,scored_benchmark,True,False,,bbpd_ref.va
002-capacitive-sar-feedback-dac,2,v3_002_capacitive_weighted_sar_feedback_dac,Capacitive Weighted SAR Feedback DAC,L1,dut,D2,data_converter,formal-candidate,scored_benchmark,True,False,,cdac_cal.va
003-pipeline-adc-stage,3,v3_003_pipeline_adc_stage,Pipeline ADC Stage,L1,dut,D3,data_converter,core-formal-candidate,scored_benchmark,True,False,,pipeline_stage.va
004-trim-calibration-controller,4,v3_004_trim_calibration_controller,Trim Calibration Controller,L1,dut,D2,calibration_control,formal-candidate,scored_benchmark,True,False,,cdac_calibration.va
005-debounce-latch,5,v3_005_debounce_latch,Debounce Latch,L1,dut,D2,comparator_decision,formal-candidate,scored_benchmark,True,False,,debounce_latch.va
006-element-shuffler,6,v3_006_element_shuffler,Element Shuffler,L1,dut,D2,calibration_control,formal-candidate,scored_benchmark,True,False,,element_shuffler.va
007-first-order-lowpass,7,v3_007_first_order_lowpass,First Order Lowpass,L1,dut,D1,baseband_signal_conditioning,formal-candidate,scored_benchmark,True,False,,first_order_lowpass.va
008-gain-trim-controller,8,v3_008_gain_trim_controller,Gain Trim Controller,L1,dut,D2,calibration_control,<none>,scored_benchmark,True,False,,gain_trim_controller.va
009-lock-detector,9,v3_009_lock_detector,Lock Detector,L1,dut,D2,pll_clock_timing,formal-candidate,scored_benchmark,True,False,,lock_detector.va
010-offset-comparator,10,v3_010_offset_comparator,Offset Comparator,L1,dut,D1,comparator_decision,<none>,scored_benchmark,True,False,,cmp_offset_ref.va
011-pfd-up-dn-logic,11,v3_011_pfd_up_dn_logic,PFD Up DN Logic,L1,dut,D2,pll_clock_timing,<none>,scored_benchmark,True,False,,pfd_updn.va
012-clock-divider,12,v3_012_clock_divider,Clock Divider,L1,dut,D2,pll_clock_timing,<none>,scored_benchmark,True,False,,clk_divider_ref.va
013-resettable-integrator,13,v3_013_resettable_integrator,Resettable Integrator,L1,dut,D2,baseband_signal_conditioning,<none>,scored_benchmark,True,False,,resettable_integrator.va
014-sar-logic,14,v3_014_sar_logic,SAR Logic,L1,dut,D2,data_converter,<none>,scored_benchmark,True,False,,sar_logic_4b.va
015-segmented-dac,15,v3_015_segmented_dac,Segmented DAC,L1,dut,D2,data_converter,<none>,scored_benchmark,True,False,,segmented_dac.va
016-binary-weighted-voltage-dac,16,v3_016_binary_weighted_voltage_dac,Binary Weighted Voltage DAC,L1,dut,D1,data_converter,<none>,scored_benchmark,True,False,,simple_binary_voltage_dac_4b.va
017-slew-rate-limiter,17,v3_017_slew_rate_limiter,Slew Rate Limiter,L1,dut,D2,baseband_signal_conditioning,<none>,scored_benchmark,True,False,,slew_rate_limiter.va
018-strongarm-style-latch-comparator,18,v3_018_strongarm_style_latch_comparator,Strongarm Style Latch Comparator,L1,dut,D2,comparator_decision,<none>,scored_benchmark,True,False,,cmp_strongarm.va
019-unit-element-thermometer-dac,19,v3_019_unit_element_thermometer_dac,Unit Element Thermometer DAC,L1,dut,D1,data_converter,<none>,scored_benchmark,True,False,,thermometer_dac_15seg.va
020-thermometer-code-decoder,20,v3_020_thermometer_code_decoder,Thermometer Code Decoder,L1,dut,D1,testbench_utility_modules,support-formal-candidate,support,False,True,v3_support_category_excluded_from_core_score,thermometer_decoder_guarded.va
021-vco-phase-integrator,21,v3_021_vco_phase_integrator,VCO Phase Integrator,L1,dut,D2,pll_clock_timing,<none>,scored_benchmark,True,False,,vco_phase_integrator.va
022-bandgap-reference-macro-model,22,v3_022_bandgap_reference_macro_model,Bandgap Reference Macro Model,L1,dut,D2,bias_reference_power_management,<none>,scored_benchmark,True,False,,bandgap_reference_macro_model.va
023-calibration-deadband-controller,23,v3_023_calibration_deadband_controller,Calibration Deadband Controller,L1,dut,D2,calibration_control,<none>,scored_benchmark,True,False,,calibration_deadband_controller.va
024-charge-pump-abstraction,24,v3_024_charge_pump_abstraction,Charge Pump Abstraction,L1,dut,D2,pll_clock_timing,<none>,scored_benchmark,True,False,,charge_pump_abstraction.va
025-clocked-adc-quantizer,25,v3_025_clocked_adc_quantizer,Clocked ADC Quantizer,L1,dut,D2,data_converter,<none>,scored_benchmark,True,False,,flash_adc_3b.va
026-clocked-sample-and-hold,26,v3_026_clocked_sample_and_hold,Clocked Sample And Hold,L1,dut,D2,sampling_analog_memory,<none>,scored_benchmark,True,False,,sample_hold.va
027-dac-mismatch-unit-weighting-model,27,v3_027_dac_mismatch_unit_weighting_model,DAC Mismatch Unit Weighting Model,L1,dut,D2,data_converter,<none>,scored_benchmark,True,False,,dac_mismatch_unit_weighting_model.va
028-digital-phase-accumulator-with-modulo-wrap,28,v3_028_digital_phase_accumulator_with_modulo_wrap,Digital Phase Accumulator With Modulo Wrap,L1,dut,D2,pll_clock_timing,<none>,scored_benchmark,True,False,,phase_accumulator_timer_wrap_ref.va
029-dwa-dem-encoder,29,v3_029_dwa_dem_encoder,DWA DEM Encoder,L1,dut,D2,calibration_control,<none>,scored_benchmark,True,False,,dwa_ptr_gen.va;v2b_4b.va
030-higher-order-filter,30,v3_030_higher_order_filter,Clocked Cascaded Two-Pole Filter,L1,dut,D2,baseband_signal_conditioning,<none>,scored_benchmark,True,False,,higher_order_filter.va
031-hysteresis-comparator,31,v3_031_hysteresis_comparator,Hysteresis Comparator,L1,dut,D2,comparator_decision,<none>,scored_benchmark,True,False,,cmp_hysteresis.va
032-ldo-regulator-macro-model,32,v3_032_ldo_regulator_macro_model,LDO Regulator Macro Model,L1,dut,D2,bias_reference_power_management,<none>,scored_benchmark,True,False,,ldo_regulator_macro_model.va
033-limiting-amplifier-frontend,33,v3_033_limiting_amplifier_frontend,Limiting Amplifier Frontend,L1,dut,D1,rf_afe_behavioral_macromodels,<none>,scored_benchmark,True,False,,limiting_amplifier_frontend.va
034-lna-gain-compression-macro,34,v3_034_lna_gain_compression_macro,LNA Gain Compression Macro,L1,dut,D2,rf_afe_behavioral_macromodels,<none>,scored_benchmark,True,False,,lna_gain_compression_macro.va
035-log-rssi-power-detector,35,v3_035_log_rssi_power_detector,Log RSSI Power Detector,L1,dut,D3,rf_afe_behavioral_macromodels,<none>,scored_benchmark,True,False,,log_rssi_power_detector.va
036-loop-filter-abstraction,36,v3_036_loop_filter_abstraction,Loop Filter Abstraction,L1,dut,D2,pll_clock_timing,<none>,scored_benchmark,True,False,,loop_filter_abstraction.va
037-pa-compression-macro,37,v3_037_pa_compression_macro,PA Compression Macro,L1,dut,D3,rf_afe_behavioral_macromodels,<none>,scored_benchmark,True,False,,pa_compression_macro.va
038-power-on-reset-detector,38,v3_038_power_on_reset_detector,Power On Reset Detector,L1,dut,D2,bias_reference_power_management,<none>,scored_benchmark,True,False,,power_on_reset_detector.va
039-precision-rectifier-envelope-detector,39,v3_039_precision_rectifier_envelope_detector,Precision Rectifier Envelope Detector,L1,dut,D2,baseband_signal_conditioning,<none>,scored_benchmark,True,False,,precision_rectifier_envelope_detector.va
040-programmable-gain-amplifier,40,v3_040_programmable_gain_amplifier,Programmable Gain Amplifier,L1,dut,D2,baseband_signal_conditioning,<none>,scored_benchmark,True,False,,programmable_gain_amplifier.va
041-propagation-delay-comparator,41,v3_041_propagation_delay_comparator,Propagation Delay Comparator,L1,dut,D2,comparator_decision,<none>,scored_benchmark,True,False,,cmp_delay.va;edge_interval_timer.va
042-ptat-ctat-reference-generator,42,v3_042_ptat_ctat_reference_generator,PTAT CTAT Reference Generator,L1,dut,D2,bias_reference_power_management,<none>,scored_benchmark,True,False,,ptat_ctat_reference_generator.va
043-rf-mixer-downconverter-macro,43,v3_043_rf_mixer_downconverter_macro,RF Mixer Downconverter Macro,L1,dut,D2,rf_afe_behavioral_macromodels,<none>,scored_benchmark,True,False,,rf_mixer_downconverter_macro.va
044-sample-and-hold-with-droop-leakage,44,v3_044_sample_and_hold_with_droop_leakage,Sample And Hold With Droop Leakage,L1,dut,D2,sampling_analog_memory,<none>,scored_benchmark,True,False,,leaky_hold.va
045-soft-hysteretic-limiter,45,v3_045_soft_hysteretic_limiter,Soft Hysteretic Limiter,L1,dut,D2,baseband_signal_conditioning,<none>,scored_benchmark,True,False,,soft_hysteretic_limiter.va
046-successive-approximation-calibration-search-fsm,46,v3_046_successive_approximation_calibration_search_fsm,Successive Approximation Calibration Search Fsm,L1,dut,D2,calibration_control,<none>,scored_benchmark,True,False,,successive_approximation_calibration_search_fsm.va
047-threshold-comparator,47,v3_047_threshold_comparator,Threshold Comparator,L1,dut,D1,comparator_decision,<none>,scored_benchmark,True,False,,comparator.va
048-uvlo-brownout-detector,48,v3_048_uvlo_brownout_detector,UVLO Brownout Detector,L1,dut,D1,bias_reference_power_management,<none>,scored_benchmark,True,False,,uvlo_brownout_detector.va
049-window-comparator-detector,49,v3_049_window_comparator_detector,Window Comparator Detector,L1,dut,D2,comparator_decision,<none>,scored_benchmark,True,False,,window_comparator_ref.va
050-bin-to-thermometer-decoder-8b,50,v3_050_bin_to_thermometer_decoder_8b,Binary To Thermometer Decoder 8b,L1,dut,D1,testbench_utility_modules,support-formal-candidate,support,False,True,v3_support_category_excluded_from_core_score,bin_to_therm_8b.va
051-thermometer-to-binary-encoder-8b,51,v3_051_thermometer_to_binary_encoder_8b,Thermometer To Binary Encoder 8b,L1,dut,D2,testbench_utility_modules,support-formal-candidate,support,False,True,v3_support_category_excluded_from_core_score,therm_to_bin_8b.va
052-dc-aware-adc3bit,52,v3_052_dc_aware_adc3bit,DC Aware ADC3bit,L1,dut,D2,data_converter,formal-candidate,scored_benchmark,True,False,,dc_aware_adc3bit.va
053-latched-bus-dac8,53,v3_053_latched_bus_dac8,Latched Bus DAC8,L1,dut,D2,data_converter,formal-candidate,scored_benchmark,True,False,,latched_bus_dac8.va
054-thermometer-bus-encoder,54,v3_054_thermometer_bus_encoder,Thermometer Bus Encoder,L1,dut,D2,data_converter,formal-candidate,scored_benchmark,True,False,,thermometer_bus_encoder.va
055-slew-rate-dac4,55,v3_055_slew_rate_dac4,Slew Rate DAC4,L1,dut,D2,data_converter,formal-candidate,scored_benchmark,True,False,,slew_rate_dac4.va
056-correlated-double-sampler,56,v3_056_correlated_double_sampler,Correlated Double Sampler,L1,dut,D2,data_converter,formal-candidate,scored_benchmark,True,False,,correlated_double_sampler.va
057-first-order-sigma-delta-modulator,57,v3_057_first_order_sigma_delta_modulator,First Order Sigma Delta Modulator,L1,dut,D3,data_converter,formal-candidate,scored_benchmark,True,False,,first_order_sigma_delta_modulator.va
058-config-latch-32b-clocked,58,v3_058_config_latch_32b_clocked,Config Latch 32b Clocked,L1,dut,D2,testbench_utility_modules,support-formal-candidate,support,False,True,v3_support_category_excluded_from_core_score,config_latch_32b.va
059-config-latch-128b-static-enable,59,v3_059_config_latch_128b_static_enable,Config Latch 128b Static Enable,L1,dut,D2,testbench_utility_modules,support-formal-candidate,support,False,True,v3_support_category_excluded_from_core_score,config_latch_128b.va
060-config-shift-register-64b,60,v3_060_config_shift_register_64b,Config Shift Register 64b,L1,dut,D2,testbench_utility_modules,support-formal-candidate,support,False,True,v3_support_category_excluded_from_core_score,config_shift_reg_64b.va
061-bus-splitter-256-to-16x16,61,v3_061_bus_splitter_256_to_16x16,Bus Splitter 256 To 16x16,L1,dut,D1,testbench_utility_modules,support-formal-candidate,support,False,True,v3_support_category_excluded_from_core_score,bus_split_256_to_16x16.va
062-bus-combiner-16x16-to-256,62,v3_062_bus_combiner_16x16_to_256,Bus Combiner 16x16 To 256,L1,dut,D1,testbench_utility_modules,support-formal-candidate,support,False,True,v3_support_category_excluded_from_core_score,bus_combine_16x16_to_256.va
063-masked-config-update-32b,63,v3_063_masked_config_update_32b,Masked Config Update 32b,L1,dut,D2,testbench_utility_modules,support-formal-candidate,support,False,True,v3_support_category_excluded_from_core_score,masked_config_update_32b.va
064-edge-interval-tdc-8b,64,v3_064_edge_interval_tdc_8b,Edge Interval TDC 8b,L1,dut,D1,testbench_utility_modules,support-formal-candidate,support,False,True,v3_support_category_excluded_from_core_score,edge_interval_tdc_8b.va
065-period-meter-16b,65,v3_065_period_meter_16b,Period Meter 16b,L1,dut,D1,testbench_utility_modules,support-formal-candidate,support,False,True,v3_support_category_excluded_from_core_score,period_meter_16b.va
066-duty-cycle-meter-8b,66,v3_066_duty_cycle_meter_8b,Duty Cycle Meter 8b,L1,dut,D1,testbench_utility_modules,support-formal-candidate,support,False,True,v3_support_category_excluded_from_core_score,duty_cycle_meter_8b.va
067-event-counter-windowed-16b,67,v3_067_event_counter_windowed_16b,Event Counter Windowed 16b,L1,dut,D1,testbench_utility_modules,support-formal-candidate,support,False,True,v3_support_category_excluded_from_core_score,event_counter_windowed_16b.va
068-latency-counter-ready-valid-12b,68,v3_068_latency_counter_ready_valid_12b,Ready/Valid Latency Counter 12b,L1,dut,D1,testbench_utility_modules,support-formal-candidate,support,False,True,v3_support_category_excluded_from_core_score,ready_valid_latency_counter_12b.va
069-settling-window-detector,69,v3_069_settling_window_detector,Settling Window Detector,L1,dut,D1,testbench_utility_modules,support-formal-candidate,support,False,True,v3_support_category_excluded_from_core_score,settling_window_detector.va
070-active-low-reset-synchronizer,70,v3_070_active_low_reset_synchronizer,Active Low Reset Synchronizer,L1,dut,D1,testbench_utility_modules,support-formal-candidate,support,False,True,v3_support_category_excluded_from_core_score,reset_sync_active_low.va
071-active-high-reset-synchronizer,71,v3_071_active_high_reset_synchronizer,Active High Reset Synchronizer,L1,dut,D1,testbench_utility_modules,support-formal-candidate,support,False,True,v3_support_category_excluded_from_core_score,reset_sync_active_high.va
072-enable-gated-clock-pulse,72,v3_072_enable_gated_clock_pulse,Enable Gated Clock Pulse,L1,dut,D1,testbench_utility_modules,support-formal-candidate,support,False,True,v3_support_category_excluded_from_core_score,enable_gated_clock_pulse.va
073-low-active-enable-decoder-4b,73,v3_073_low_active_enable_decoder_4b,Low Active Enable Decoder 4b,L1,dut,D1,testbench_utility_modules,support-formal-candidate,support,False,True,v3_support_category_excluded_from_core_score,low_active_enable_decoder_4b.va
074-configurable-polarity-edge-detector,74,v3_074_configurable_polarity_edge_detector,Configurable Polarity Edge Detector,L1,dut,D1,testbench_utility_modules,support-formal-candidate,support,False,True,v3_support_category_excluded_from_core_score,configurable_polarity_edge_detector.va
075-adc-static-linearity-monitor,75,v3_075_adc_static_linearity_monitor,ADC Static Linearity Monitor,L2,dut,D2,data_converter,formal-candidate,scored_benchmark,True,False,,adc_static_linearity_monitor.va
076-multiphase-clock-generator-4ph,76,v3_076_multiphase_clock_generator_4ph,Multiphase Clock Generator 4ph,L1,dut,D1,testbench_utility_modules,support-formal-candidate,support,False,True,v3_support_category_excluded_from_core_score,multiphase_clock_generator_4ph.va
077-configurable-pulse-train-generator,77,v3_077_configurable_pulse_train_generator,Configurable Pulse Train Generator,L1,dut,D1,testbench_utility_modules,support-formal-candidate,support,False,True,v3_support_category_excluded_from_core_score,configurable_pulse_train.va
078-staircase-dac-stimulus-8b,78,v3_078_staircase_dac_stimulus_8b,Staircase DAC Stimulus 8b,L1,dut,D1,testbench_utility_modules,support-formal-candidate,support,False,True,v3_support_category_excluded_from_core_score,staircase_dac_stimulus_8b.va
079-jittered-clock-source-deterministic,79,v3_079_jittered_clock_source_deterministic,Deterministic Jittered Clock Source,L1,dut,D1,testbench_utility_modules,support-formal-candidate,support,False,True,v3_support_category_excluded_from_core_score,deterministic_jittered_clock.va
080-acquisition-limited-sample-and-hold,80,v3_080_acquisition_limited_sample_and_hold,Acquisition Limited Sample And Hold,L1,dut,D2,sampling_analog_memory,<none>,scored_benchmark,True,False,,acquisition_limited_sample_hold.va
081-aperture-delay-track-and-hold,81,v3_081_aperture_delay_track_and_hold,Aperture Delay Track And Hold,L1,dut,D2,sampling_analog_memory,<none>,scored_benchmark,True,False,,sample_hold_aperture_ref.va
082-bias-voltage-generator-with-enable-trim,82,v3_082_bias_voltage_generator_with_enable_trim,Bias Voltage Generator With Enable Trim,L1,dut,D2,bias_reference_power_management,<none>,scored_benchmark,True,False,,bias_voltage_generator_with_enable_trim.va
083-crossing-metric-writer,83,v3_083_crossing_metric_writer,Crossing Metric Writer,L1,dut,D2,measurement_instrumentation_flows,<none>,support,False,True,v3_support_category_excluded_from_core_score,file_metric_writer.va
084-peak-detector,84,v3_084_peak_detector,Peak Detector,L1,dut,D2,measurement_instrumentation_flows,<none>,support,False,True,v3_support_category_excluded_from_core_score,peak_detector.va
085-burst-clock-source,85,v3_085_burst_clock_source,Burst Clock Source,L1,dut,D2,stimulus_source_generators,<none>,support,False,True,v3_support_category_excluded_from_core_score,clk_burst_gen.va
086-dither-noise-like-deterministic-source,86,v3_086_dither_noise_like_deterministic_source,Dither Noise Like Deterministic Source,L1,dut,D2,stimulus_source_generators,<none>,support,False,True,v3_support_category_excluded_from_core_score,noise_gen_ref.va
087-lfsr-prbs-generator,87,v3_087_lfsr_prbs_generator,LFSR PRBS Generator,L1,dut,D2,stimulus_source_generators,<none>,support,False,True,v3_support_category_excluded_from_core_score,prbs7_ref.va
088-ramp-step-source,88,v3_088_ramp_step_source,Ramp Step Source,L1,dut,D2,stimulus_source_generators,<none>,support,False,True,v3_support_category_excluded_from_core_score,bound_step_period_guard_ref.va
089-sine-periodic-voltage-source,89,v3_089_sine_periodic_voltage_source,Sine Periodic Voltage Source,L1,dut,D1,stimulus_source_generators,<none>,support,False,True,v3_support_category_excluded_from_core_score,multitone.va
090-adpll-ratio-hop-timer,90,v3_090_adpll_ratio_hop_timer,ADPLL Ratio Hop Timer,L2,dut,D2,pll_clock_timing_systems,<none>,scored_benchmark,True,False,,adpll_ratio_hop_ref.va
091-agc-receiver-leveling-loop,91,v3_091_agc_receiver_leveling_loop,AGC Receiver Leveling Loop,L2,dut,D2,rf_afe_behavioral_macromodels,<none>,scored_benchmark,True,False,,agc_receiver_leveling_loop.va
092-amplifier-filter-chain,92,v3_092_amplifier_filter_chain,Amplifier Filter Chain,L2,dut,D2,baseband_signal_conditioning,<none>,scored_benchmark,True,False,,amplifier_filter_chain.va
093-bbpd-data-edge-alignment,93,v3_093_bbpd_data_edge_alignment,BBPD Data Edge Alignment,L1,dut,D2,pll_clock_timing_systems,<none>,scored_benchmark,True,False,,bbpd_data_edge_alignment_ref.va
094-comparator-offset-search,94,v3_094_comparator_offset_search,Comparator Offset Search,L2,dut,D2,comparator_decision_circuits,<none>,scored_benchmark,True,False,,comparator_offset_search_ref.va
095-complete-calibration-loop,95,v3_095_complete_calibration_loop,Complete Calibration Loop,L2,dut,D2,calibration_dem_control,<none>,scored_benchmark,True,False,,complete_calibration_loop.va
096-converter-static-linearity-measurement,96,v3_096_converter_static_linearity_measurement,Converter Static Linearity Measurement,L2,dut,D2,data_converter_models,<none>,scored_benchmark,True,False,,converter_static_linearity_measurement_flow.va
097-cppll-tracking-reacquire-timer,97,v3_097_cppll_tracking_reacquire_timer,CPPLL Tracking Reacquire Timer,L2,dut,D2,pll_clock_timing_systems,<none>,scored_benchmark,True,False,,cppll_timer_ref.va;ref_step_clk.va
098-edge-crossing-interval-timer,98,v3_098_edge_crossing_interval_timer,Edge Crossing Interval Timer,L1,dut,D2,measurement_instrumentation_flows,<none>,support,False,True,v3_support_category_excluded_from_core_score,cross_interval_163p333_ref.va
099-dither-adder,99,v3_099_dither_adder,Dither Adder,L1,dut,D2,measurement_instrumentation_flows,<none>,support,False,True,v3_support_category_excluded_from_core_score,dither_adder.va
100-final-step-file-metric,100,v3_100_final_step_file_metric,Final Step File Metric,L1,dut,D2,measurement_instrumentation_flows,<none>,support,False,True,v3_support_category_excluded_from_core_score,final_step_file_metric_ref.va
101-fixed-gain-amplifier,101,v3_101_fixed_gain_amplifier,Fixed Gain Amplifier,L1,dut,D2,measurement_instrumentation_flows,<none>,support,False,True,v3_support_category_excluded_from_core_score,gain_amp_fixed.va
102-gain-estimator,102,v3_102_gain_estimator,Gain Estimator,L1,dut,D2,measurement_instrumentation_flows,<none>,support,False,True,v3_support_category_excluded_from_core_score,gain_estimator.va
103-iq-downconversion-chain,103,v3_103_iq_downconversion_chain,IQ Downconversion Chain,L2,dut,D2,rf_afe_behavioral_macromodels,<none>,scored_benchmark,True,False,,iq_downconversion_chain.va
104-ldo-load-step-recovery,104,v3_104_ldo_load_step_recovery,LDO Load Step Recovery,L2,dut,D2,bias_reference_power_management,<none>,scored_benchmark,True,False,,ldo_load_step_recovery_flow.va
105-pipeline-adc-chain-4b,105,v3_105_pipeline_adc_chain_4b,Pipeline ADC Chain 4b,L2,dut,D2,data_converter_models,<none>,scored_benchmark,True,False,,pipeline_adc_chain_4b.va
106-programmable-stimulus-sequencer,106,v3_106_programmable_stimulus_sequencer,Programmable Stimulus Sequencer,L2,dut,D2,stimulus_source_generators,<none>,support,False,True,v3_support_category_excluded_from_core_score,programmable_stimulus_sequencer.va
107-reference-step-clock,107,v3_107_reference_step_clock,Reference Step Clock,L2,dut,D2,pll_clock_timing_systems,<none>,scored_benchmark,True,False,,ref_step_clk.va;cppll_timer_ref.va
108-reference-startup-enable-flow,108,v3_108_reference_startup_enable_flow,Reference Startup Enable Flow,L2,dut,D2,bias_reference_power_management,<none>,scored_benchmark,True,False,,reference_startup_enable_flow.va
109-sample-hold-droop-front-end,109,v3_109_sample_hold_droop_front_end,Sample Hold Droop Front End,L2,dut,D2,sampling_analog_memory,<none>,scored_benchmark,True,False,,sample_hold_droop_ref.va
110-settling-time-measurement,110,v3_110_settling_time_measurement,Settling Time Measurement,L1,dut,D2,measurement_instrumentation_flows,support-formal-candidate,support,False,True,v3_support_category_excluded_from_core_score,settling_time_measurement_tb.va
111-clocked-sine-source,111,v3_111_clocked_sine_source,Clocked Sine Source,L2,dut,D2,measurement_instrumentation_flows,<none>,support,False,True,v3_support_category_excluded_from_core_score,vin_src.va
112-clocked-sar-comparator,112,v3_112_clocked_sar_comparator,Clocked SAR Comparator,L1,dut,D2,data_converter,<none>,scored_benchmark,True,False,,clocked_sar_comparator.va
113-clocked-dac-restore-4b,113,v3_113_clocked_dac_restore_4b,Clocked DAC Restore 4b,L1,dut,D2,data_converter,<none>,scored_benchmark,True,False,,clocked_dac_restore_4b.va
114-sample-and-hold-ideal,114,v3_114_sample_and_hold_ideal,Ideal Sample And Hold,L1,dut,D1,data_converter,<none>,scored_benchmark,True,False,,source_sample_hold.va
115-single-shot-pulse,115,v3_115_single_shot_pulse,Single Shot Pulse,L1,dut,D2,timing_primitive,<none>,scored_benchmark,True,False,,source_single_shot.va
116-clocked-comparator-reset-low,116,v3_116_clocked_comparator_reset_low,Clocked Comparator Reset Low,L1,dut,D2,data_converter,<none>,scored_benchmark,True,False,,clocked_comparator_reset_low.va
117-bipolar-dac-4b-continuous,117,v3_117_bipolar_dac_4b_continuous,Bipolar DAC 4b Continuous,L1,dut,D1,data_converter,<none>,scored_benchmark,True,False,,bipolar_dac_4b_continuous.va
118-clocked-dac-restore-7b,118,v3_118_clocked_dac_restore_7b,Clocked DAC Restore 7b,L1,dut,D2,data_converter,<none>,scored_benchmark,True,False,,clocked_dac_restore_7b.va
119-crossing-pulse-detector,119,v3_119_crossing_pulse_detector,Crossing Pulse Detector,L1,dut,D2,timing_primitive,<none>,scored_benchmark,True,False,,source_crossing_pulse_detector.va
120-not-gate-voltage,120,v3_120_not_gate_voltage,Not Gate Voltage,L1,dut,D1,logic,<none>,scored_benchmark,True,False,,source_not_gate.va
121-dff-reset-voltage,121,v3_121_dff_reset_voltage,DFF Reset Voltage,L1,dut,D2,logic,<none>,scored_benchmark,True,False,,source_dff_reset.va
122-comparator-offset-calibration-loop,122,v3_122_comparator_offset_calibration_loop,Comparator Offset Calibration Loop,L2,dut,D3,comparator,<none>,scored_benchmark,True,False,,comparator_offset_calibration_loop.va
123-start-gated-offset-search,123,v3_123_start_gated_offset_search,Start Gated Offset Search,L1,dut,D2,data_converter,<none>,scored_benchmark,True,False,,start_gated_offset_search.va
124-hysteresis-trip-characterizer,124,v3_124_hysteresis_trip_characterizer,Hysteresis Trip Characterizer,L2,dut,D3,comparator,<none>,scored_benchmark,True,False,,hysteresis_trip_characterizer.va
125-clocked-dac-4b-binary,125,v3_125_clocked_dac_4b_binary,Clocked DAC 4b Binary,L1,dut,D2,data_converter,<none>,scored_benchmark,True,False,,clocked_dac_4b_binary.va
126-latched-comparator-delay,126,v3_126_latched_comparator_delay,Latched Comparator Delay,L1,dut,D2,data_converter,<none>,scored_benchmark,True,False,,latched_comparator_delay.va
127-sar-weighted-sum,127,v3_127_sar_weighted_sum,SAR Weighted Sum,L1,dut,D2,data_converter,<none>,scored_benchmark,True,False,,sar_weighted_sum.va
128-two-input-and-gate,128,v3_128_two_input_and_gate,Two Input AND Gate,L1,dut,D2,mixed_signal,<none>,scored_benchmark,True,False,,two_input_and_gate.va
129-two-input-xor-gate,129,v3_129_two_input_xor_gate,Two Input XOR Gate,L1,dut,D2,mixed_signal,<none>,scored_benchmark,True,False,,two_input_xor_gate.va
130-analog-mux-threshold,130,v3_130_analog_mux_threshold,Analog Mux Threshold,L1,dut,D2,mixed_signal,<none>,scored_benchmark,True,False,,analog_mux_threshold.va
131-two-bit-counter-marker,131,v3_131_two_bit_counter_marker,Two Bit Counter Marker,L1,dut,D2,mixed_signal,<none>,scored_benchmark,True,False,,two_bit_counter_marker.va
132-max-detector-hold,132,v3_132_max_detector_hold,Max Detector Hold,L1,dut,D2,mixed_signal,<none>,scored_benchmark,True,False,,max_detector_hold.va
133-time-diff-detector,133,v3_133_time_diff_detector,Time Diff Detector,L1,dut,D2,mixed_signal,<none>,scored_benchmark,True,False,,time_diff_detector.va
134-differential-buffer,134,v3_134_differential_buffer,Differential Buffer,L1,dut,D2,mixed_signal,<none>,scored_benchmark,True,False,,differential_buffer.va
135-two-input-or-gate,135,v3_135_two_input_or_gate,Two Input OR Gate,L1,dut,D2,mixed_signal,<none>,scored_benchmark,True,False,,two_input_or_gate.va
136-sar-cdac-residue,136,v3_136_sar_cdac_residue,SAR CDAC Residue,L1,dut,D2,mixed_signal,<none>,scored_benchmark,True,False,,sar_cdac_residue.va
137-two-input-nand-gate,137,v3_137_two_input_nand_gate,Two Input NAND Gate,L1,dut,D1,digital_logic,<none>,scored_benchmark,True,False,,two_input_nand_gate.va
138-two-input-nor-gate,138,v3_138_two_input_nor_gate,Two Input NOR Gate,L1,dut,D1,digital_logic,<none>,scored_benchmark,True,False,,two_input_nor_gate.va
139-three-input-and-gate,139,v3_139_three_input_and_gate,Three Input AND Gate,L1,dut,D1,digital_logic,<none>,scored_benchmark,True,False,,three_input_and_gate.va
140-three-input-or-gate,140,v3_140_three_input_or_gate,Three Input OR Gate,L1,dut,D1,digital_logic,<none>,scored_benchmark,True,False,,three_input_or_gate.va
141-three-input-xor-gate,141,v3_141_three_input_xor_gate,Three Input XOR Gate,L1,dut,D1,digital_logic,<none>,scored_benchmark,True,False,,three_input_xor_gate.va
142-attenuator-gain,142,v3_142_attenuator_gain,Attenuator Gain,L1,dut,D1,mixed_signal,<none>,scored_benchmark,True,False,,attenuator_gain.va
143-deadband-window,143,v3_143_deadband_window,Deadband Window,L1,dut,D1,mixed_signal,<none>,scored_benchmark,True,False,,deadband_window.va
144-differential-deadband,144,v3_144_differential_deadband,Differential Deadband,L1,dut,D2,mixed_signal,<none>,scored_benchmark,True,False,,differential_deadband.va
145-hard-voltage-clamp,145,v3_145_hard_voltage_clamp,Hard Voltage Clamp,L1,dut,D1,mixed_signal,<none>,scored_benchmark,True,False,,hard_voltage_clamp_behavior.va
146-smooth-comparator-tanh,146,v3_146_smooth_comparator_tanh,Smooth Comparator Tanh,L1,dut,D2,comparator,<none>,scored_benchmark,True,False,,smooth_comparator_tanh.va
147-limiter-rails,147,v3_147_limiter_rails,Limiter Rails,L1,dut,D2,mixed_signal,<none>,scored_benchmark,True,False,,limiter_rails.va
148-absolute-value,148,v3_148_absolute_value,Absolute Value,L1,dut,D1,mixed_signal,<none>,scored_benchmark,True,False,,absolute_value_behavior.va
149-offset-gain-amplifier,149,v3_149_offset_gain_amplifier,Offset Gain Amplifier,L1,dut,D1,mixed_signal,<none>,scored_benchmark,True,False,,offset_gain_amplifier.va
150-safe-voltage-divider,150,v3_150_safe_voltage_divider,Safe Voltage Divider,L1,dut,D2,mixed_signal,<none>,scored_benchmark,True,False,,safe_voltage_divider.va
151-polynomial-differential-vcvs,151,v3_151_polynomial_differential_vcvs,Polynomial Differential VCVS,L1,dut,D2,mixed_signal,<none>,scored_benchmark,True,False,,polynomial_differential_vcvs.va
152-differential-gain-driver,152,v3_152_differential_gain_driver,Differential Gain Driver,L1,dut,D2,mixed_signal,<none>,scored_benchmark,True,False,,differential_gain_driver.va
153-limiting-differential-amplifier,153,v3_153_limiting_differential_amplifier,Limiting Differential Amplifier,L1,dut,D2,mixed_signal,<none>,scored_benchmark,True,False,,limiting_differential_amplifier.va
154-analog-multiplier,154,v3_154_analog_multiplier,Analog Multiplier,L1,dut,D1,mixed_signal,<none>,scored_benchmark,True,False,,analog_multiplier_gain.va
155-three-way-threshold-mux,155,v3_155_three_way_threshold_mux,Three Way Threshold Mux,L1,dut,D2,mixed_signal,<none>,scored_benchmark,True,False,,three_way_threshold_mux.va
156-differential-amplifier-core,156,v3_156_differential_amplifier_core,Differential Amplifier Core,L1,dut,D2,mixed_signal,<none>,scored_benchmark,True,False,,differential_amplifier_core.va
157-logarithmic-amplifier,157,v3_157_logarithmic_amplifier,Logarithmic Amplifier,L1,dut,D2,mixed_signal,<none>,scored_benchmark,True,False,,logarithmic_amplifier.va
158-soft-voltage-clamp,158,v3_158_soft_voltage_clamp,Soft Voltage Clamp,L1,dut,D2,mixed_signal,<none>,scored_benchmark,True,False,,soft_voltage_clamp_behavior.va
159-variable-gain-differential-amplifier,159,v3_159_variable_gain_differential_amplifier,Variable Gain Differential Amplifier,L1,dut,D2,mixed_signal,<none>,scored_benchmark,True,False,,variable_gain_differential_amplifier.va
160-voltage-controlled-gain-amplifier,160,v3_160_voltage_controlled_gain_amplifier,Voltage Controlled Gain Amplifier,L1,dut,D2,mixed_signal,<none>,scored_benchmark,True,False,,voltage_controlled_gain_amplifier.va
161-ideal-differential-opamp,161,v3_161_ideal_differential_opamp,Ideal Differential Opamp,L1,dut,D2,mixed_signal,<none>,scored_benchmark,True,False,,ideal_differential_opamp.va
162-half-adder-logic,162,v3_162_half_adder_logic,Half Adder Logic,L1,dut,D2,digital_logic,<none>,scored_benchmark,True,False,,half_adder_logic.va
163-full-adder-logic,163,v3_163_full_adder_logic,Full Adder Logic,L1,dut,D2,digital_logic,<none>,scored_benchmark,True,False,,full_adder_logic.va
164-half-subtractor-logic,164,v3_164_half_subtractor_logic,Half Subtractor Logic,L1,dut,D2,digital_logic,<none>,scored_benchmark,True,False,,half_subtractor_logic.va
165-full-subtractor-logic,165,v3_165_full_subtractor_logic,Full Subtractor Logic,L1,dut,D2,digital_logic,<none>,scored_benchmark,True,False,,full_subtractor_logic.va
166-rs-latch-voltage,166,v3_166_rs_latch_voltage,RS Latch Voltage,L1,dut,D2,digital_logic,<none>,scored_benchmark,True,False,,rs_latch_voltage.va
167-ideal-adc-4bit-quantizer,167,v3_167_ideal_adc_4bit_quantizer,Ideal ADC 4bit Quantizer,L1,dut,D2,data_converter,<none>,scored_benchmark,True,False,,ideal_adc_4bit_quantizer.va
168-ideal-dac-4bit-differential,168,v3_168_ideal_dac_4bit_differential,Ideal DAC 4bit Differential,L1,dut,D2,data_converter,<none>,scored_benchmark,True,False,,ideal_dac_4bit_differential.va
169-two-period-sample-delay,169,v3_169_two_period_sample_delay,Two Period Sample Delay,L1,dut,D2,mixed_signal,<none>,scored_benchmark,True,False,,two_period_sample_delay.va
170-clocked-four-input-mux,170,v3_170_clocked_four_input_mux,Clocked Four Input Mux,L1,dut,D2,mixed_signal,<none>,scored_benchmark,True,False,,clocked_four_input_mux.va
171-divide-by-eight-clock,171,v3_171_divide_by_eight_clock,Divide By Eight Clock,L1,dut,D2,digital_logic,<none>,scored_benchmark,True,False,,divide_by_eight_clock.va
172-flash-thermometer-centered-sum,172,v3_172_flash_thermometer_centered_sum,Flash Thermometer Centered Sum,L1,dut,D2,data_converter,<none>,scored_benchmark,True,False,,flash_thermometer_centered_sum.va
173-weighted-sar-decoder-9b,173,v3_173_weighted_sar_decoder_9b,Weighted SAR Decoder 9b,L1,dut,D2,data_converter,<none>,scored_benchmark,True,False,,weighted_sar_decoder_9b.va
174-control-word-encoder-7b,174,v3_174_control_word_encoder_7b,Control Word Encoder 7b,L1,dut,D2,digital_logic,<none>,scored_benchmark,True,False,,control_word_encoder_7b.va
175-four-channel-edge-sampler,175,v3_175_four_channel_edge_sampler,Four Channel Edge Sampler,L1,dut,D2,mixed_signal,<none>,scored_benchmark,True,False,,four_channel_edge_sampler.va
176-dual-modulus-divider-16-17,176,v3_176_dual_modulus_divider_16_17,Dual Modulus Divider 16 17,L1,dut,D2,clocking,<none>,scored_benchmark,True,False,,dual_modulus_divider_16_17.va
177-sar-5bit-serial-decoder,177,v3_177_sar_5bit_serial_decoder,SAR 5bit Serial Decoder,L1,dut,D2,data_converter,<none>,scored_benchmark,True,False,,sar_5bit_serial_decoder.va
178-cyclic-decoder-12bit,178,v3_178_cyclic_decoder_12bit,Cyclic Decoder 12bit,L1,dut,D2,data_converter,<none>,scored_benchmark,True,False,,cyclic_decoder_12bit.va
179-flash-8level-sum-delay,179,v3_179_flash_8level_sum_delay,Flash 8level Sum Delay,L1,dut,D2,data_converter,<none>,scored_benchmark,True,False,,flash_8level_sum_delay.va
180-flash-sum8-fraction,180,v3_180_flash_sum8_fraction,Flash Sum8 Fraction,L1,dut,D2,data_converter,<none>,scored_benchmark,True,False,,flash_sum8_fraction.va
181-two-channel-sample-demux,181,v3_181_two_channel_sample_demux,Two Channel Sample Demux,L1,dut,D2,mixed_signal,<none>,scored_benchmark,True,False,,two_channel_sample_demux.va
182-differential-dac-calc-6b,182,v3_182_differential_dac_calc_6b,Differential DAC Calc 6b,L1,dut,D2,data_converter,<none>,scored_benchmark,True,False,,differential_dac_calc_6b.va
183-flash-adc-threshold-taps,183,v3_183_flash_adc_threshold_taps,Flash ADC Threshold Taps,L1,dut,D2,data_converter,<none>,scored_benchmark,True,False,,flash_adc_threshold_taps.va
184-divide-by-two-toggle,184,v3_184_divide_by_two_toggle,Divide By Two Toggle,L1,dut,D2,clocking,<none>,scored_benchmark,True,False,,divide_by_two_toggle.va
185-dac-5v-weighted-7b,185,v3_185_dac_5v_weighted_7b,DAC 5V Weighted 7b,L1,dut,D2,data_converter,<none>,scored_benchmark,True,False,,dac_5v_weighted_7b.va
186-folded-flash-dac-4b,186,v3_186_folded_flash_dac_4b,Folded Flash DAC 4b,L1,dut,D2,data_converter,<none>,scored_benchmark,True,False,,folded_flash_dac_4b.va
187-ref-flash-8level-decoder,187,v3_187_ref_flash_8level_decoder,Ref Flash 8level Decoder,L1,dut,D2,data_converter,<none>,scored_benchmark,True,False,,ref_flash_8level_decoder.va
188-ref-flash-15level-decoder,188,v3_188_ref_flash_15level_decoder,Ref Flash 15level Decoder,L1,dut,D2,data_converter,<none>,scored_benchmark,True,False,,ref_flash_15level_decoder.va
189-divide-by-8-9-switch,189,v3_189_divide_by_8_9_switch,Divide By 8 9 Switch,L1,dut,D2,timing,<none>,scored_benchmark,True,False,,divide_by_8_9_switch.va
190-dac-restore-10bit-offset,190,v3_190_dac_restore_10bit_offset,DAC Restore 10bit Offset,L1,dut,D2,data_converter,<none>,scored_benchmark,True,False,,dac_restore_10bit_offset.va
191-dac-8bit-ideal-scalar,191,v3_191_dac_8bit_ideal_scalar,DAC 8bit Ideal Scalar,L1,dut,D2,data_converter,<none>,scored_benchmark,True,False,,dac_8bit_ideal_scalar.va
192-flash-data-align-pipeline,192,v3_192_flash_data_align_pipeline,Flash Data Align Pipeline,L1,dut,D2,data_converter,<none>,scored_benchmark,True,False,,flash_data_align_pipeline.va
193-cyclic-decoder-10b,193,v3_193_cyclic_decoder_10b,Cyclic Decoder 10b,L1,dut,D2,data_converter,<none>,scored_benchmark,True,False,,cyclic_decoder_10b.va
194-ideal-adc-out-7bits,194,v3_194_ideal_adc_out_7bits,Ideal ADC Out 7bits,L1,dut,D2,data_converter,<none>,scored_benchmark,True,False,,ideal_adc_out_7bits_scalar.va
195-va-lx-adc-ideal-4b,195,v3_195_va_lx_adc_ideal_4b,VA Lx ADC Ideal 4b,L1,dut,D2,data_converter,<none>,scored_benchmark,True,False,,va_lx_adc_ideal_4b.va
196-va-lx-dac-ideal-4b,196,v3_196_va_lx_dac_ideal_4b,VA Lx DAC Ideal 4b,L1,dut,D2,data_converter,<none>,scored_benchmark,True,False,,va_lx_dac_ideal_4b.va
197-l1-dac-4b-bipolar,197,v3_197_l1_dac_4b_bipolar,L1 DAC 4b Bipolar,L1,dut,D2,data_converter,<none>,scored_benchmark,True,False,,l1_dac_4b_bipolar.va
198-l2-cdac-4b-residue,198,v3_198_l2_cdac_4b_residue,L2 CDAC 4b Residue,L1,dut,D2,data_converter,<none>,scored_benchmark,True,False,,l2_cdac_4b_residue.va
199-ideal-clkmux-8channel,199,v3_199_ideal_clkmux_8channel,Ideal Clkmux 8channel,L1,dut,D2,timing,<none>,scored_benchmark,True,False,,ideal_clkmux_8channel.va
200-dac-ideal-4b-offset,200,v3_200_dac_ideal_4b_offset,DAC Ideal 4b Offset,L1,dut,D2,data_converter,<none>,scored_benchmark,True,False,,dac_ideal_4b_offset.va
201-linear-pfd-gain,201,v3_201_linear_pfd_gain,Linear PFD Gain,L1,dut,D2,timing,<none>,scored_benchmark,True,False,,linear_pfd_gain.va
202-comparator-delay-overdrive-meter,202,v3_202_comparator_delay_overdrive_meter,Comparator Delay Overdrive Meter,L2,dut,D3,comparator,<none>,scored_benchmark,True,False,,comparator_delay_overdrive_meter.va
203-comparator-offset-driver,203,v3_203_comparator_offset_driver,Comparator Offset Driver,L1,dut,D2,comparator,<none>,scored_benchmark,True,False,,comparator_offset_binary_driver.va
204-pipe-2lane-edge-align,204,v3_204_pipe_2lane_edge_align,Pipe 2lane Edge Align,L1,dut,D2,data_converter,<none>,scored_benchmark,True,False,,pipe_2lane_edge_align.va
205-dac-serial-accumulator,205,v3_205_dac_serial_accumulator,DAC Serial Accumulator,L1,dut,D2,data_converter,<none>,scored_benchmark,True,False,,dac_serial_accumulator.va
206-sar-sum-weighted-11b,206,v3_206_sar_sum_weighted_11b,SAR Sum Weighted 11b,L1,dut,D2,data_converter,<none>,scored_benchmark,True,False,,sar_sum_weighted_11b.va
207-iterative-isar-dac,207,v3_207_iterative_isar_dac,Iterative ISAR DAC,L1,dut,D2,data_converter,<none>,scored_benchmark,True,False,,iterative_isar_dac.va
208-offset-bisection-driver,208,v3_208_offset_bisection_driver,Offset Bisection Driver,L1,dut,D2,comparator,<none>,scored_benchmark,True,False,,offset_bisection_driver.va
209-weighted-decoder-7b5,209,v3_209_weighted_decoder_7b5,Weighted Decoder 7b5,L1,dut,D2,data_converter,<none>,scored_benchmark,True,False,,weighted_decoder_7b5.va
210-toggle-flip-flop,210,v3_210_toggle_flip_flop,Toggle Flip Flop,L1,dut,D2,logic,<none>,scored_benchmark,True,False,,toggle_flip_flop.va
211-sync-8b-dffs-v2,211,v3_211_sync_8b_dffs_v2,Sync 8b DFFs V2,L1,dut,D2,data_converter,<none>,scored_benchmark,True,False,,sync_8b_dffs_v2.va
212-onehot-progress-encoder,212,v3_212_onehot_progress_encoder,Onehot Progress Encoder,L1,dut,D2,logic,<none>,scored_benchmark,True,False,,onehot_progress_encoder.va
213-tdc-ideal-edge-delta,213,v3_213_tdc_ideal_edge_delta,TDC Ideal Edge Delta,L1,dut,D2,measurement,<none>,support,False,True,v3_support_category_excluded_from_core_score,tdc_ideal_edge_delta.va
214-foreground-cload-calibrator,214,v3_214_foreground_cload_calibrator,Foreground Cload Calibrator,L1,dut,D2,calibration,<none>,scored_benchmark,True,False,,foreground_cload_calibrator.va
215-pipe15-data-align,215,v3_215_pipe15_data_align,Pipe15 Data Align,L1,dut,D2,data_converter,<none>,scored_benchmark,True,False,,pipe15_data_align.va
216-clocked-mux4-sampler,216,v3_216_clocked_mux4_sampler,Clocked Mux4 Sampler,L1,dut,D2,logic,<none>,scored_benchmark,True,False,,clocked_mux4_sampler.va
217-dac7-code-generator,217,v3_217_dac7_code_generator,DAC7 Code Generator,L1,dut,D2,stimulus,<none>,support,False,True,v3_support_category_excluded_from_core_score,dac7_code_generator.va
218-foreground-rdac-calibrator,218,v3_218_foreground_rdac_calibrator,Foreground RDAC Calibrator,L1,dut,D2,calibration,<none>,scored_benchmark,True,False,,foreground_rdac_calibrator.va
219-offset-rdac-search-flow,219,v3_219_offset_rdac_search_flow,Offset RDAC Search Flow,L2,dut,D2,calibration,<none>,scored_benchmark,True,False,,offset_rdac_search_flow.va
220-spi-shift-mux,220,v3_220_spi_shift_mux,SPI Shift Mux,L1,dut,D2,logic,<none>,scored_benchmark,True,False,,spi_shift_mux.va
221-dff-set-reset-hold,221,v3_221_dff_set_reset_hold,DFF Set Reset Hold,L1,dut,D2,logic,<none>,scored_benchmark,True,False,,dff_set_reset_hold.va
222-sarfend-logic-4b,222,v3_222_sarfend_logic_4b,SARFEND Logic 4b,L1,dut,D2,data_converter,<none>,scored_benchmark,True,False,,sarfend_logic_4b.va
223-adc-sample-clock-sequencer,223,v3_223_adc_sample_clock_sequencer,ADC Sample Clock Sequencer,L1,dut,D2,clock_timing,<none>,scored_benchmark,True,False,,adc_sample_clock_sequencer.va
224-pipeline-counter-onehot,224,v3_224_pipeline_counter_onehot,Pipeline Counter Onehot,L1,dut,D2,logic,<none>,scored_benchmark,True,False,,pipeline_counter_onehot.va
225-cdac-bidirect-residue,225,v3_225_cdac_bidirect_residue,CDAC Bidirect Residue,L1,dut,D2,data_converter,<none>,scored_benchmark,True,False,,cdac_bidirect_residue.va
226-pfd-reset-pulse,226,v3_226_pfd_reset_pulse,PFD Reset Pulse,L1,dut,D2,clock_timing,<none>,scored_benchmark,True,False,,pfd_reset_pulse.va
227-trim-ctrl-4bit,227,v3_227_trim_ctrl_4bit,Trim Ctrl 4bit,L1,dut,D2,calibration,<none>,scored_benchmark,True,False,,trim_ctrl_4bit.va
228-linearity-rdac-offset-sweep,228,v3_228_linearity_rdac_offset_sweep,Linearity RDAC Offset Sweep,L2,dut,D2,calibration,<none>,scored_benchmark,True,False,,linearity_rdac_offset_sweep.va
229-sar-das-logic-6b,229,v3_229_sar_das_logic_6b,SAR DAS Logic 6b,L1,dut,D2,data_converter,<none>,scored_benchmark,True,False,,sar_das_logic_6b.va
230-sar-logic-4b-self-timed,230,v3_230_sar_logic_4b_self_timed,SAR Logic 4b Self Timed,L1,dut,D2,data_converter,<none>,scored_benchmark,True,False,,sar_logic_4b_self_timed.va
231-pfd-tdomain-reset-window,231,v3_231_pfd_tdomain_reset_window,PFD Tdomain Reset Window,L1,dut,D2,clock_timing,<none>,scored_benchmark,True,False,,pfd_tdomain_reset_window.va
232-pipe-adc-gain-control-loop,232,v3_232_pipe_adc_gain_control_loop,Pipe ADC Gain Control Loop,L2,dut,D2,calibration,<none>,scored_benchmark,True,False,,pipe_adc_gain_control_loop.va
233-clock-sample-1600n-sequencer,233,v3_233_clock_sample_1600n_sequencer,Clock Sample 1600n Sequencer,L1,dut,D2,clock_timing,<none>,scored_benchmark,True,False,,clock_sample_1600n_sequencer.va
234-l2-sar-logic-4b,234,v3_234_l2_sar_logic_4b,L2 SAR Logic 4b,L1,dut,D2,data_converter,<none>,scored_benchmark,True,False,,l2_sar_logic_4b.va
235-phase-detector-chopper,235,v3_235_phase_detector_chopper,Phase Detector Chopper,L1,dut,D2,signal_processing,<none>,scored_benchmark,True,False,,phase_detector_chopper.va
236-single-adc-7b-weighted,236,v3_236_single_adc_7b_weighted,Single ADC 7b Weighted,L1,dut,D2,data_converter,<none>,scored_benchmark,True,False,,single_adc_7b_weighted.va
237-qtz-differential-2level,237,v3_237_qtz_differential_2level,QTZ Differential 2level,L1,dut,D2,data_converter,<none>,scored_benchmark,True,False,,qtz_differential_2level.va
238-l2-7b-dac-ready,238,v3_238_l2_7b_dac_ready,L2 7b DAC Ready,L1,dut,D2,data_converter,<none>,scored_benchmark,True,False,,l2_7b_dac_ready.va
239-l2-cdac-4b-switch,239,v3_239_l2_cdac_4b_switch,L2 CDAC 4b Switch,L1,dut,D2,data_converter,<none>,scored_benchmark,True,False,,l2_cdac_4b_switch.va
240-cdac-monodown-7b,240,v3_240_cdac_monodown_7b,CDAC Monodown 7b,L1,dut,D2,data_converter,<none>,scored_benchmark,True,False,,cdac_monodown_7b.va
241-cdac-6b-stage1-up,241,v3_241_cdac_6b_stage1_up,CDAC 6b Stage1 Up,L1,dut,D2,data_converter,<none>,scored_benchmark,True,False,,cdac_6b_stage1_up.va
242-adc-zoom-timing-sequencer,242,v3_242_adc_zoom_timing_sequencer,ADC Zoom Timing Sequencer,L1,dut,D2,clock_timing,<none>,scored_benchmark,True,False,,adc_zoom_timing_sequencer.va
243-l2-sar-logic-7b,243,v3_243_l2_sar_logic_7b,L2 SAR Logic 7b,L2,dut,D3,data_converter,<none>,scored_benchmark,True,False,,l2_sar_logic_7b.va
244-l3-sar2-logic-7b,244,v3_244_l3_sar2_logic_7b,L3 SAR2 Logic 7b,L3,dut,D3,data_converter,<none>,scored_benchmark,True,False,,l3_sar2_logic_7b.va
245-cdac-8b-monodown,245,v3_245_cdac_8b_monodown,CDAC 8b Monodown,L2,dut,D2,data_converter,<none>,scored_benchmark,True,False,,cdac_8b_monodown.va
246-va-dac-6b-se,246,v3_246_va_dac_6b_se,VA DAC 6b SE,L2,dut,D2,data_converter,<none>,scored_benchmark,True,False,,va_dac_6b_se.va
247-offset-halving-search,247,v3_247_offset_halving_search,Offset Halving Search,L1,dut,D2,calibration,<none>,scored_benchmark,True,False,,offset_halving_search.va
248-sar-comparator-reset-high,248,v3_248_sar_comparator_reset_high,SAR Comparator Reset High,L1,dut,D2,comparator,<none>,scored_benchmark,True,False,,sar_comparator_reset_high.va
249-dac-restore-4bit-clocked,249,v3_249_dac_restore_4bit_clocked,DAC Restore 4bit Clocked,L1,dut,D2,data_converter,<none>,scored_benchmark,True,False,,dac_restore_4bit_clocked.va
250-dac-restore-7bit-clocked,250,v3_250_dac_restore_7bit_clocked,DAC Restore 7bit Clocked,L1,dut,D2,data_converter,<none>,scored_benchmark,True,False,,dac_restore_7bit_clocked.va
251-dac-restore-6bit-1p8,251,v3_251_dac_restore_6bit_1p8,DAC Restore 6bit 1p8,L1,dut,D2,data_converter,<none>,scored_benchmark,True,False,,dac_restore_6bit_1p8.va
252-sample-hold-5v-clock,252,v3_252_sample_hold_5v_clock,Sample Hold 5v Clock,L1,dut,D1,clock_timing,<none>,scored_benchmark,True,False,,sample_hold_5v_clock.va
253-sum5-signed-sar-weight,253,v3_253_sum5_signed_sar_weight,SUM5 Signed SAR Weight,L1,dut,D2,data_converter,<none>,scored_benchmark,True,False,,sum5_signed_sar_weight.va
254-lt-readout-sar4,254,v3_254_lt_readout_sar4,LT Readout SAR4,L1,dut,D2,data_converter,<none>,scored_benchmark,True,False,,lt_readout_sar4.va
255-tool-4bit-sar-signed-dac,255,v3_255_tool_4bit_sar_signed_dac,Tool 4bit SAR Signed DAC,L2,dut,D2,data_converter,<none>,scored_benchmark,True,False,,tool_4bit_sar_signed_dac.va
256-dac4bit-small-swing,256,v3_256_dac4bit_small_swing,DAC4bit Small Swing,L1,dut,D1,data_converter,<none>,scored_benchmark,True,False,,dac4bit_small_swing.va
257-comparator-reset-low-1p8,257,v3_257_comparator_reset_low_1p8,Comparator Reset Low 1p8,L1,dut,D2,comparator,<none>,scored_benchmark,True,False,,comparator_reset_low_1p8.va
258-lt-read-sar6b-weighted,258,v3_258_lt_read_sar6b_weighted,LT Read SAR6B Weighted,L1,dut,D2,data_converter,<none>,scored_benchmark,True,False,,lt_read_sar6b_weighted.va
259-lt-read-sar7b-weighted,259,v3_259_lt_read_sar7b_weighted,LT Read SAR7B Weighted,L1,dut,D2,data_converter,<none>,scored_benchmark,True,False,,lt_read_sar7b_weighted.va
260-dac-serial-16b-nobridge,260,v3_260_dac_serial_16b_nobridge,DAC Serial 16b Nobridge,L3,dut,D3,data_converter,<none>,scored_benchmark,True,False,,dac_serial_16b_nobridge.va
261-sar-13bit-serial-decoder,261,v3_261_sar_13bit_serial_decoder,SAR 13bit Serial Decoder,L3,dut,D3,data_converter,<none>,scored_benchmark,True,False,,sar_13bit_serial_decoder.va
262-single-shot-timer-pulse,262,v3_262_single_shot_timer_pulse,Single Shot Timer Pulse,L2,dut,D2,clock_timing,<none>,scored_benchmark,True,False,,single_shot_timer_pulse.va
263-clocked-comparator-dual-output,263,v3_263_clocked_comparator_dual_output,Clocked Comparator Dual Output,L1,dut,D2,comparator,<none>,scored_benchmark,True,False,,clocked_comparator_dual_output.va
264-dac4bit-bipolar-252m,264,v3_264_dac4bit_bipolar_252m,DAC4bit Bipolar 252m,L1,dut,D1,data_converter,<none>,scored_benchmark,True,False,,dac4bit_bipolar_252m.va
265-bin2ther-2b,265,v3_265_bin2ther_2b,Bin2ther 2b,L1,dut,D1,digital_logic,<none>,scored_benchmark,True,False,,bin2ther_2b.va
266-dff-set-reset,266,v3_266_dff_set_reset,DFF Set Reset,L2,dut,D2,digital_logic,<none>,scored_benchmark,True,False,,dff_set_reset.va
267-pfd-up-down-state,267,v3_267_pfd_up_down_state,PFD Up Down State,L2,dut,D2,clock_timing,<none>,scored_benchmark,True,False,,pfd_up_down_state.va
268-samplehold-rising-edge,268,v3_268_samplehold_rising_edge,Samplehold Rising Edge,L1,dut,D1,sampling_memory,<none>,scored_benchmark,True,False,,samplehold_rising_edge.va
269-trim-ctrl-5bit,269,v3_269_trim_ctrl_5bit,Trim Ctrl 5bit,L1,dut,D1,digital_logic,<none>,scored_benchmark,True,False,,trim_ctrl_5bit.va
270-therm8-to-bin4-count,270,v3_270_therm8_to_bin4_count,Therm8 To Bin4 Count,L1,dut,D2,digital_logic,<none>,scored_benchmark,True,False,,therm8_to_bin4_count.va
271-coarse-qtz-3bit-residue,271,v3_271_coarse_qtz_3bit_residue,Coarse QTZ 3bit Residue,L2,dut,D2,data_converter,<none>,scored_benchmark,True,False,,coarse_qtz_3bit_residue.va
272-rs-phase-detector,272,v3_272_rs_phase_detector,RS Phase Detector,L2,dut,D2,clock_timing,<none>,scored_benchmark,True,False,,rs_phase_detector.va
273-level-shifter-offset,273,v3_273_level_shifter_offset,Level Shifter Offset,L1,dut,D1,analog_primitive,<none>,scored_benchmark,True,False,,level_shifter_offset.va
274-weighted-decoder-6bit,274,v3_274_weighted_decoder_6bit,Weighted Decoder 6bit,L1,dut,D2,data_converter,<none>,scored_benchmark,True,False,,weighted_decoder_6bit.va
275-divide-by-two-toggle,275,v3_275_divide_by_two_toggle,Divide By Two Toggle,L1,dut,D2,clock_timing,<none>,scored_benchmark,True,False,,divide_by_two_toggle.va
276-accum3-pulse,276,v3_276_accum3_pulse,Accum3 Pulse,L2,dut,D2,clock_timing,<none>,scored_benchmark,True,False,,accum3_pulse.va
277-xor-phase-detector,277,v3_277_xor_phase_detector,XOR Phase Detector,L1,dut,D1,clock_timing,<none>,scored_benchmark,True,False,,xor_phase_detector.va
278-decision-router-logic,278,v3_278_decision_router_logic,Decision Router Logic,L1,dut,D2,digital_logic,<none>,scored_benchmark,True,False,,decision_router_logic.va
279-safe-analog-divider,279,v3_279_safe_analog_divider,Safe Analog Divider,L1,dut,D2,analog_primitive,<none>,scored_benchmark,True,False,,safe_analog_divider.va
280-vargain-diffamp-clip,280,v3_280_vargain_diffamp_clip,Vargain Diffamp Clip,L1,dut,D2,filter_amp,<none>,scored_benchmark,True,False,,vargain_diffamp_clip.va
281-programmable-divider-by-n,281,v3_281_programmable_divider_by_n,Programmable Divider By N,L2,dut,D2,clock_timing,<none>,scored_benchmark,True,False,,programmable_divider_by_n.va
282-pfd-timer-reset,282,v3_282_pfd_timer_reset,PFD Timer Reset,L2,dut,D2,clock_timing,<none>,scored_benchmark,True,False,,pfd_timer_reset.va
283-weighted-sar-adc-dac-loop,283,v3_283_weighted_sar_adc_dac_loop,Weighted SAR ADC DAC Loop,L2,e2e,D3,data_converter,<none>,scored_benchmark,True,False,,dac_weighted_8b.va;sar_adc_weighted_8b.va;sh_ideal.va;tb_sar_adc_dac_weighted_8b_ref.scs
284-window-comparator-testbench,284,v3_284_window_comparator_testbench,Window Comparator Testbench,L1,tb,D2,comparator_decision,<none>,scored_benchmark,True,False,,tb_window_comparator_ref.scs
285-dual-track-sample-hold,285,v3_285_dual_track_sample_hold,Dual Track Sample Hold,L1,dut,D2,sampling_analog_memory,<none>,scored_benchmark,True,False,,dual_track_sample_hold.va
286-first-order-lowpass-bugfix,286,v3_286_first_order_lowpass_bugfix,First Order Lowpass Bugfix,L1,bugfix,D1,baseband_signal_conditioning,<none>,scored_benchmark,True,False,,dut_fixed.va
287-gain-extraction-flow,287,v3_287_gain_extraction_flow,Gain Extraction Flow,L2,e2e,D2,measurement_instrumentation_flows,<none>,support,False,True,v3_support_category_excluded_from_core_score,dither_adder.va;gain_amp_fixed.va;lfsr.va;vin_src.va;tb_gain_extraction_ref.scs
288-absolute-value,288,v3_288_absolute_value,Absolute Value,L1,dut,D1,analog_primitive,<none>,scored_benchmark,True,False,,absolute_value.va
289-deadband-voltage,289,v3_289_deadband_voltage,Deadband Voltage,L1,dut,D2,baseband_signal_conditioning,<none>,scored_benchmark,True,False,,deadband_voltage.va
290-deadband-diffamp,290,v3_290_deadband_diffamp,Deadband Diffamp,L1,dut,D2,baseband_signal_conditioning,<none>,scored_benchmark,True,False,,deadband_diffamp.va
291-limiting-diffamp,291,v3_291_limiting_diffamp,Limiting Diffamp,L1,dut,D2,baseband_signal_conditioning,<none>,scored_benchmark,True,False,,limiting_diffamp.va
292-hysteretic-comparator-receiver,292,v3_292_hysteretic_comparator_receiver,Hysteretic Comparator Receiver,L1,dut,D2,comparator,<none>,scored_benchmark,True,False,,hysteretic_comparator_receiver.va
293-flash-folded-dac4,293,v3_293_flash_folded_dac4,Flash Folded DAC4,L1,dut,D2,data_converter,<none>,scored_benchmark,True,False,,flash_folded_dac4.va
294-subradix-dac10,294,v3_294_subradix_dac10,Subradix DAC10,L1,dut,D2,data_converter,<none>,scored_benchmark,True,False,,subradix_dac10.va
295-clocked-adc3bit,295,v3_295_clocked_adc3bit,Clocked ADC3bit,L1,dut,D2,data_converter,<none>,scored_benchmark,True,False,,clocked_adc3bit.va
296-cal4bit-modulo,296,v3_296_cal4bit_modulo,CAL4bit Modulo,L1,dut,D2,calibration_control,<none>,scored_benchmark,True,False,,cal4bit_modulo.va
297-mux4-priority,297,v3_297_mux4_priority,Mux4 Priority,L1,dut,D2,digital_logic,<none>,scored_benchmark,True,False,,mux4_priority.va
298-xnor-gate-voltage,298,v3_298_xnor_gate_voltage,XNOR Gate Voltage,L1,dut,D1,digital_logic,<none>,scored_benchmark,True,False,,xnor_gate_voltage.va
299-bipolar-dff-sample,299,v3_299_bipolar_dff_sample,Bipolar DFF Sample,L1,dut,D2,clock_timing,<none>,scored_benchmark,True,False,,bipolar_dff_sample.va
300-pfd-active-low-reset,300,v3_300_pfd_active_low_reset,PFD Active Low Reset,L2,dut,D2,clock_timing,<none>,scored_benchmark,True,False,,pfd_active_low_reset.va
301-function-clamp-window,301,v3_301_function_clamp_window,Function Clamp Window,SX,dut,D2,veriloga_language_semantics,syntax-extension-candidate,language_extension,False,False,language_or_semantics_extension_excluded_from_core_score,function_clamp_window.va
302-function-deadband-map,302,v3_302_function_deadband_map,Function Deadband Map,SX,dut,D2,veriloga_language_semantics,syntax-extension-candidate,language_extension,False,False,language_or_semantics_extension_excluded_from_core_score,function_deadband_map.va
303-function-piecewise-gain,303,v3_303_function_piecewise_gain,Function Piecewise Gain,SX,dut,D2,veriloga_language_semantics,syntax-extension-candidate,language_extension,False,False,language_or_semantics_extension_excluded_from_core_score,function_piecewise_gain.va
304-function-code-normalizer,304,v3_304_function_code_normalizer,Function Code Normalizer,SX,dut,D2,veriloga_language_semantics,syntax-extension-candidate,language_extension,False,False,language_or_semantics_extension_excluded_from_core_score,function_code_normalizer.va
305-function-soft-threshold,305,v3_305_function_soft_threshold,Function Soft Threshold,SX,dut,D2,veriloga_language_semantics,syntax-extension-candidate,language_extension,False,False,language_or_semantics_extension_excluded_from_core_score,function_soft_threshold.va
306-case-mode-gain-selector,306,v3_306_case_mode_gain_selector,Case Mode Gain Selector,SX,dut,D1,veriloga_language_semantics,syntax-extension-candidate,language_extension,False,False,language_or_semantics_extension_excluded_from_core_score,case_mode_gain_selector.va
307-case-priority-status-decoder,307,v3_307_case_priority_status_decoder,Case Priority Status Decoder,SX,dut,D1,veriloga_language_semantics,syntax-extension-candidate,language_extension,False,False,language_or_semantics_extension_excluded_from_core_score,case_priority_status_decoder.va
308-case-quantized-output-level,308,v3_308_case_quantized_output_level,Case Quantized Output Level,SX,dut,D1,veriloga_language_semantics,syntax-extension-candidate,language_extension,False,False,language_or_semantics_extension_excluded_from_core_score,case_quantized_output_level.va
309-case-clocked-range-bucket,309,v3_309_case_clocked_range_bucket,Case Clocked Range Bucket,SX,dut,D1,veriloga_language_semantics,syntax-extension-candidate,language_extension,False,False,language_or_semantics_extension_excluded_from_core_score,case_clocked_range_bucket.va
310-case-resettable-state-decoder,310,v3_310_case_resettable_state_decoder,Case Resettable State Decoder,SX,dut,D1,veriloga_language_semantics,syntax-extension-candidate,language_extension,False,False,language_or_semantics_extension_excluded_from_core_score,case_resettable_state_decoder.va
311-for-loop-running-average,311,v3_311_for_loop_running_average,For Loop Running Average,SX,dut,D2,veriloga_language_semantics,syntax-extension-candidate,language_extension,False,False,language_or_semantics_extension_excluded_from_core_score,for_loop_running_average.va
312-for-loop-thermometer-count,312,v3_312_for_loop_thermometer_count,For Loop Thermometer Count,SX,dut,D2,veriloga_language_semantics,syntax-extension-candidate,language_extension,False,False,language_or_semantics_extension_excluded_from_core_score,for_loop_thermometer_count.va
313-for-loop-weighted-accumulator,313,v3_313_for_loop_weighted_accumulator,For Loop Weighted Accumulator,SX,dut,D2,veriloga_language_semantics,syntax-extension-candidate,language_extension,False,False,language_or_semantics_extension_excluded_from_core_score,for_loop_weighted_accumulator.va
314-for-loop-windowed-peak,314,v3_314_for_loop_windowed_peak,For Loop Windowed Peak,SX,dut,D2,veriloga_language_semantics,syntax-extension-candidate,language_extension,False,False,language_or_semantics_extension_excluded_from_core_score,for_loop_windowed_peak.va
315-for-loop-code-popcount,315,v3_315_for_loop_code_popcount,For Loop Code Popcount,SX,dut,D2,veriloga_language_semantics,syntax-extension-candidate,language_extension,False,False,language_or_semantics_extension_excluded_from_core_score,for_loop_code_popcount.va
316-final-step-edge-counter-file,316,v3_316_final_step_edge_counter_file,Final Step Edge Counter File,SX,dut,D2,veriloga_language_semantics,syntax-extension-candidate,language_extension,False,False,language_or_semantics_extension_excluded_from_core_score,final_step_edge_counter_file.va
317-final-step-average-metric-file,317,v3_317_final_step_average_metric_file,Final Step Average Metric File,SX,dut,D2,veriloga_language_semantics,syntax-extension-candidate,language_extension,False,False,language_or_semantics_extension_excluded_from_core_score,final_step_average_metric_file.va
318-final-step-max-observer-file,318,v3_318_final_step_max_observer_file,Final Step Max Observer File,SX,dut,D2,veriloga_language_semantics,syntax-extension-candidate,language_extension,False,False,language_or_semantics_extension_excluded_from_core_score,final_step_max_observer_file.va
319-display-strobe-event-logger,319,v3_319_display_strobe_event_logger,Display Strobe Event Logger,SX,dut,D2,veriloga_language_semantics,syntax-extension-candidate,language_extension,False,False,language_or_semantics_extension_excluded_from_core_score,display_strobe_event_logger.va
320-file-io-sampled-metric-writer,320,v3_320_file_io_sampled_metric_writer,File Io Sampled Metric Writer,SX,dut,D2,veriloga_language_semantics,syntax-extension-candidate,language_extension,False,False,language_or_semantics_extension_excluded_from_core_score,file_io_sampled_metric_writer.va
321-slew-limited-voltage-follower,321,v3_321_slew_limited_voltage_follower,Slew Limited Voltage Follower,SX,dut,D2,veriloga_language_semantics,syntax-extension-candidate,language_extension,False,False,language_or_semantics_extension_excluded_from_core_score,slew_limited_voltage_follower.va
322-slew-limited-mode-stepper,322,v3_322_slew_limited_mode_stepper,Slew Limited Mode Stepper,SX,dut,D2,veriloga_language_semantics,syntax-extension-candidate,language_extension,False,False,language_or_semantics_extension_excluded_from_core_score,slew_limited_mode_stepper.va
323-slew-output-reset-recovery,323,v3_323_slew_output_reset_recovery,Slew Output Reset Recovery,SX,dut,D2,veriloga_language_semantics,syntax-extension-candidate,language_extension,False,False,language_or_semantics_extension_excluded_from_core_score,slew_output_reset_recovery.va
324-slew-limited-envelope,324,v3_324_slew_limited_envelope,Slew Limited Envelope,SX,dut,D2,veriloga_language_semantics,syntax-extension-candidate,language_extension,False,False,language_or_semantics_extension_excluded_from_core_score,slew_limited_envelope.va
325-slew-asymmetric-rise-fall,325,v3_325_slew_asymmetric_rise_fall,Slew Asymmetric Rise Fall,SX,dut,D2,veriloga_language_semantics,syntax-extension-candidate,language_extension,False,False,language_or_semantics_extension_excluded_from_core_score,slew_asymmetric_rise_fall.va
326-idtmod-phase-accumulator,326,v3_326_idtmod_phase_accumulator,Idtmod Phase Accumulator,SX,dut,D2,veriloga_language_semantics,syntax-extension-candidate,language_extension,False,False,language_or_semantics_extension_excluded_from_core_score,idtmod_phase_accumulator.va
327-idtmod-wrapped-ramp-source,327,v3_327_idtmod_wrapped_ramp_source,Idtmod Wrapped Ramp Source,SX,dut,D2,veriloga_language_semantics,syntax-extension-candidate,language_extension,False,False,language_or_semantics_extension_excluded_from_core_score,idtmod_wrapped_ramp_source.va
328-idtmod-frequency-control,328,v3_328_idtmod_frequency_control,Idtmod Frequency Control,SX,dut,D2,veriloga_language_semantics,syntax-extension-candidate,language_extension,False,False,language_or_semantics_extension_excluded_from_core_score,idtmod_frequency_control.va
329-idtmod-modulo-phase-marker,329,v3_329_idtmod_modulo_phase_marker,Idtmod Modulo Phase Marker,SX,dut,D2,veriloga_language_semantics,syntax-extension-candidate,language_extension,False,False,language_or_semantics_extension_excluded_from_core_score,idtmod_modulo_phase_marker.va
330-idtmod-clock-phase-meter,330,v3_330_idtmod_clock_phase_meter,Idtmod Clock Phase Meter,SX,dut,D2,veriloga_language_semantics,syntax-extension-candidate,language_extension,False,False,language_or_semantics_extension_excluded_from_core_score,idtmod_clock_phase_meter.va
331-above-threshold-latch,331,v3_331_above_threshold_latch,Above Threshold Latch,SX,dut,D2,veriloga_language_semantics,syntax-extension-candidate,language_extension,False,False,language_or_semantics_extension_excluded_from_core_score,above_threshold_latch.va
332-above-window-qualifier,332,v3_332_above_window_qualifier,Above Window Qualifier,SX,dut,D2,veriloga_language_semantics,syntax-extension-candidate,language_extension,False,False,language_or_semantics_extension_excluded_from_core_score,above_window_qualifier.va
333-last-crossing-period-meter,333,v3_333_last_crossing_period_meter,Last Crossing Period Meter,SX,dut,D2,veriloga_language_semantics,syntax-extension-candidate,language_extension,False,False,language_or_semantics_extension_excluded_from_core_score,last_crossing_period_meter.va
334-last-crossing-edge-age,334,v3_334_last_crossing_edge_age,Last Crossing Edge Age,SX,dut,D2,veriloga_language_semantics,syntax-extension-candidate,language_extension,False,False,language_or_semantics_extension_excluded_from_core_score,last_crossing_edge_age.va
335-above-resettable-peak-marker,335,v3_335_above_resettable_peak_marker,Above Resettable Peak Marker,SX,dut,D2,veriloga_language_semantics,syntax-extension-candidate,language_extension,False,False,language_or_semantics_extension_excluded_from_core_score,above_resettable_peak_marker.va
336-directive-configurable-threshold,336,v3_336_directive_configurable_threshold,Directive Configurable Threshold,SX,dut,D2,veriloga_language_semantics,syntax-extension-candidate,language_extension,False,False,language_or_semantics_extension_excluded_from_core_score,directive_configurable_threshold.va
337-parameter-range-limited-gain,337,v3_337_parameter_range_limited_gain,Parameter Range Limited Gain,SX,dut,D2,veriloga_language_semantics,syntax-extension-candidate,language_extension,False,False,language_or_semantics_extension_excluded_from_core_score,parameter_range_limited_gain.va
338-math-trig-envelope-detector,338,v3_338_math_trig_envelope_detector,Math Trig Envelope Detector,SX,dut,D2,veriloga_language_semantics,syntax-extension-candidate,language_extension,False,False,language_or_semantics_extension_excluded_from_core_score,math_trig_envelope_detector.va
339-random-seeded-dither-source,339,v3_339_random_seeded_dither_source,Random Seeded Dither Source,SX,dut,D2,veriloga_language_semantics,syntax-extension-candidate,language_extension,False,False,language_or_semantics_extension_excluded_from_core_score,random_seeded_dither_source.va
340-bound-step-clock-guard,340,v3_340_bound_step_clock_guard,Bound Step Clock Guard,SX,dut,D2,veriloga_language_semantics,syntax-extension-candidate,language_extension,False,False,language_or_semantics_extension_excluded_from_core_score,bound_step_clock_guard.va
361-white-noise-voltage-source,361,v3_361_white_noise_voltage_source,White Noise Voltage Source,NA,dut,D3,veriloga_noise_analysis_semantics,noise-analysis-candidate,language_extension,False,False,language_or_semantics_extension_excluded_from_core_score,white_noise_voltage_source.va
362-white-noise-gated-source,362,v3_362_white_noise_gated_source,White Noise Gated Source,NA,dut,D3,veriloga_noise_analysis_semantics,noise-analysis-candidate,language_extension,False,False,language_or_semantics_extension_excluded_from_core_score,white_noise_gated_source.va
363-flicker-noise-voltage-source,363,v3_363_flicker_noise_voltage_source,Flicker Noise Voltage Source,NA,dut,D3,veriloga_noise_analysis_semantics,noise-analysis-candidate,language_extension,False,False,language_or_semantics_extension_excluded_from_core_score,flicker_noise_voltage_source.va
364-flicker-noise-corner-selector,364,v3_364_flicker_noise_corner_selector,Flicker Noise Corner Selector,NA,dut,D3,veriloga_noise_analysis_semantics,noise-analysis-candidate,language_extension,False,False,language_or_semantics_extension_excluded_from_core_score,flicker_noise_corner_selector.va
365-noise-table-voltage-shaper,365,v3_365_noise_table_voltage_shaper,Noise Table Voltage Shaper,NA,dut,D3,veriloga_noise_analysis_semantics,noise-analysis-candidate,language_extension,False,False,language_or_semantics_extension_excluded_from_core_score,noise_table_voltage_shaper.va
366-noise-table-gated-shaper,366,v3_366_noise_table_gated_shaper,Noise Table Gated Shaper,NA,dut,D3,veriloga_noise_analysis_semantics,noise-analysis-candidate,language_extension,False,False,language_or_semantics_extension_excluded_from_core_score,noise_table_gated_shaper.va
367-analysis-dependent-dc-tran-mode,367,v3_367_analysis_dependent_dc_tran_mode,Analysis Dependent Dc Tran Mode,NA,dut,D3,veriloga_noise_analysis_semantics,noise-analysis-candidate,language_extension,False,False,language_or_semantics_extension_excluded_from_core_score,analysis_dependent_dc_tran_mode.va
368-analysis-dependent-noise-enable,368,v3_368_analysis_dependent_noise_enable,Analysis Dependent Noise Enable,NA,dut,D3,veriloga_noise_analysis_semantics,noise-analysis-candidate,language_extension,False,False,language_or_semantics_extension_excluded_from_core_score,analysis_dependent_noise_enable.va
369-ac-stim-small-signal-source,369,v3_369_ac_stim_small_signal_source,Ac Stim Small Signal Source,NA,dut,D3,veriloga_noise_analysis_semantics,noise-analysis-candidate,language_extension,False,False,language_or_semantics_extension_excluded_from_core_score,ac_stim_small_signal_source.va
370-ac-stim-phase-selector,370,v3_370_ac_stim_phase_selector,Ac Stim Phase Selector,NA,dut,D3,veriloga_noise_analysis_semantics,noise-analysis-candidate,language_extension,False,False,language_or_semantics_extension_excluded_from_core_score,ac_stim_phase_selector.va
371-combined-white-flicker-noise,371,v3_371_combined_white_flicker_noise,Combined White Flicker Noise,NA,dut,D3,veriloga_noise_analysis_semantics,noise-analysis-candidate,language_extension,False,False,language_or_semantics_extension_excluded_from_core_score,combined_white_flicker_noise.va
372-analysis-aware-noise-metric,372,v3_372_analysis_aware_noise_metric,Analysis Aware Noise Metric,NA,dut,D3,veriloga_noise_analysis_semantics,noise-analysis-candidate,language_extension,False,False,language_or_semantics_extension_excluded_from_core_score,analysis_aware_noise_metric.va
379-file-fgets-config-loader,379,v3_379_file_fgets_config_loader,File Fgets Config Loader,NA,dut,D3,veriloga_file_read_semantics,syntax-extension-candidate,language_extension,False,False,language_or_semantics_extension_excluded_from_core_score,file_fgets_config_loader.va
380-file-feof-line-counter,380,v3_380_file_feof_line_counter,File Feof Line Counter,NA,dut,D3,veriloga_file_read_semantics,syntax-extension-candidate,language_extension,False,False,language_or_semantics_extension_excluded_from_core_score,file_feof_line_counter.va
381-file-fseek-offset-reader,381,v3_381_file_fseek_offset_reader,File Fseek Offset Reader,NA,dut,D3,veriloga_file_read_semantics,syntax-extension-candidate,language_extension,False,False,language_or_semantics_extension_excluded_from_core_score,file_fseek_offset_reader.va
382-file-ftell-position-meter,382,v3_382_file_ftell_position_meter,File Ftell Position Meter,NA,dut,D3,veriloga_file_read_semantics,syntax-extension-candidate,language_extension,False,False,language_or_semantics_extension_excluded_from_core_score,file_ftell_position_meter.va
383-file-rewind-second-pass,383,v3_383_file_rewind_second_pass,File Rewind Second Pass,NA,dut,D3,veriloga_file_read_semantics,syntax-extension-candidate,language_extension,False,False,language_or_semantics_extension_excluded_from_core_score,file_rewind_second_pass.va
384-file-fopen-mode-selector,384,v3_384_file_fopen_mode_selector,File Fopen Mode Selector,NA,dut,D3,veriloga_file_read_semantics,syntax-extension-candidate,language_extension,False,False,language_or_semantics_extension_excluded_from_core_score,file_fopen_mode_selector.va
385-table-model-linear-gain,385,v3_385_table_model_linear_gain,Table Model Linear Gain,NA,dut,D3,veriloga_table_model_semantics,syntax-extension-candidate,language_extension,False,False,language_or_semantics_extension_excluded_from_core_score,table_model_linear_gain.va
386-table-model-clamped-transfer,386,v3_386_table_model_clamped_transfer,Table Model Clamped Transfer,NA,dut,D3,veriloga_table_model_semantics,syntax-extension-candidate,language_extension,False,False,language_or_semantics_extension_excluded_from_core_score,table_model_clamped_transfer.va
387-table-model-threshold-map,387,v3_387_table_model_threshold_map,Table Model Threshold Map,NA,dut,D3,veriloga_table_model_semantics,syntax-extension-candidate,language_extension,False,False,language_or_semantics_extension_excluded_from_core_score,table_model_threshold_map.va
388-table-model-dac-code-map,388,v3_388_table_model_dac_code_map,Table Model Dac Code Map,NA,dut,D3,veriloga_table_model_semantics,syntax-extension-candidate,language_extension,False,False,language_or_semantics_extension_excluded_from_core_score,table_model_dac_code_map.va
389-table-model-temperature-profile,389,v3_389_table_model_temperature_profile,Table Model Temperature Profile,NA,dut,D3,veriloga_table_model_semantics,syntax-extension-candidate,language_extension,False,False,language_or_semantics_extension_excluded_from_core_score,table_model_temperature_profile.va
390-table-model-piecewise-calibrator,390,v3_390_table_model_piecewise_calibrator,Table Model Piecewise Calibrator,NA,dut,D3,veriloga_table_model_semantics,syntax-extension-candidate,language_extension,False,False,language_or_semantics_extension_excluded_from_core_score,table_model_piecewise_calibrator.va
391-rdist-exponential-jitter,391,v3_391_rdist_exponential_jitter,Rdist Exponential Jitter,NA,dut,D3,veriloga_random_distribution_semantics,syntax-extension-candidate,language_extension,False,False,language_or_semantics_extension_excluded_from_core_score,rdist_exponential_jitter.va
392-rdist-poisson-count-noise,392,v3_392_rdist_poisson_count_noise,Rdist Poisson Count Noise,NA,dut,D3,veriloga_random_distribution_semantics,syntax-extension-candidate,language_extension,False,False,language_or_semantics_extension_excluded_from_core_score,rdist_poisson_count_noise.va
393-rdist-normal-offset-dither,393,v3_393_rdist_normal_offset_dither,Rdist Normal Offset Dither,NA,dut,D3,veriloga_random_distribution_semantics,syntax-extension-candidate,language_extension,False,False,language_or_semantics_extension_excluded_from_core_score,rdist_normal_offset_dither.va
396-rdist-erlang-latency,396,v3_396_rdist_erlang_latency,Rdist Erlang Latency,NA,dut,D3,veriloga_random_distribution_semantics,syntax-extension-candidate,language_extension,False,False,language_or_semantics_extension_excluded_from_core_score,rdist_erlang_latency.va
397-hierarchy-gain-child,397,v3_397_hierarchy_gain_child,Hierarchy Gain Child,NA,dut,D3,veriloga_hierarchy_semantics,syntax-extension-candidate,language_extension,False,False,language_or_semantics_extension_excluded_from_core_score,hierarchy_gain_child.va
398-hierarchy-two-stage-chain,398,v3_398_hierarchy_two_stage_chain,Hierarchy Two Stage Chain,NA,dut,D3,veriloga_hierarchy_semantics,syntax-extension-candidate,language_extension,False,False,language_or_semantics_extension_excluded_from_core_score,hierarchy_two_stage_chain.va
399-hierarchy-parameter-override,399,v3_399_hierarchy_parameter_override,Hierarchy Parameter Override,NA,dut,D3,veriloga_hierarchy_semantics,syntax-extension-candidate,language_extension,False,False,language_or_semantics_extension_excluded_from_core_score,hierarchy_parameter_override.va
400-hierarchy-named-port-map,400,v3_400_hierarchy_named_port_map,Hierarchy Named Port Map,NA,dut,D3,veriloga_hierarchy_semantics,syntax-extension-candidate,language_extension,False,False,language_or_semantics_extension_excluded_from_core_score,hierarchy_named_port_map.va
401-hierarchy-ordered-port-map,401,v3_401_hierarchy_ordered_port_map,Hierarchy Ordered Port Map,NA,dut,D3,veriloga_hierarchy_semantics,syntax-extension-candidate,language_extension,False,False,language_or_semantics_extension_excluded_from_core_score,hierarchy_ordered_port_map.va
402-hierarchy-shared-threshold-child,402,v3_402_hierarchy_shared_threshold_child,Hierarchy Shared Threshold Child,NA,dut,D3,veriloga_hierarchy_semantics,syntax-extension-candidate,language_extension,False,False,language_or_semantics_extension_excluded_from_core_score,hierarchy_shared_threshold_child.va
404-vector-part-select-window,404,v3_404_vector_part_select_window,Vector Part Select Window,NA,dut,D3,veriloga_integer_control_semantics,behavioral-control-candidate,language_extension,False,False,language_or_semantics_extension_excluded_from_core_score,vector_part_select_window.va
405-vector-concat-code-build,405,v3_405_vector_concat_code_build,Vector Concat Code Build,NA,dut,D3,veriloga_integer_control_semantics,behavioral-control-candidate,language_extension,False,False,language_or_semantics_extension_excluded_from_core_score,vector_concat_code_build.va
407-vector-reduction-parity,407,v3_407_vector_reduction_parity,Vector Reduction Parity,NA,dut,D3,veriloga_vector_operator_semantics,syntax-extension-candidate,language_extension,False,False,language_or_semantics_extension_excluded_from_core_score,vector_reduction_parity.va
408-vector-shift-and-mask-decoder,408,v3_408_vector_shift_and_mask_decoder,Vector Shift And Mask Decoder,NA,dut,D3,veriloga_vector_operator_semantics,syntax-extension-candidate,language_extension,False,False,language_or_semantics_extension_excluded_from_core_score,vector_shift_and_mask_decoder.va
409-macro-functionlike-clamp,409,v3_409_macro_functionlike_clamp,Macro Functionlike Clamp,NA,dut,D3,veriloga_preprocessor_control_semantics,syntax-extension-candidate,language_extension,False,False,language_or_semantics_extension_excluded_from_core_score,macro_functionlike_clamp.va
410-macro-ifdef-gain-select,410,v3_410_macro_ifdef_gain_select,Macro Ifdef Gain Select,NA,dut,D3,veriloga_preprocessor_control_semantics,syntax-extension-candidate,language_extension,False,False,language_or_semantics_extension_excluded_from_core_score,macro_ifdef_gain_select.va
411-escaped-identifier-state,411,v3_411_escaped_identifier_state,Escaped Identifier State,NA,dut,D3,veriloga_preprocessor_control_semantics,syntax-extension-candidate,language_extension,False,False,language_or_semantics_extension_excluded_from_core_score,escaped_identifier_state.va
412-initial-final-step-lifecycle,412,v3_412_initial_final_step_lifecycle,Initial Final Step Lifecycle,NA,dut,D3,veriloga_preprocessor_control_semantics,syntax-extension-candidate,language_extension,False,False,language_or_semantics_extension_excluded_from_core_score,initial_final_step_lifecycle.va
413-while-loop-array-sum,413,v3_413_while_loop_array_sum,While Loop Array Sum,NA,dut,D3,veriloga_preprocessor_control_semantics,syntax-extension-candidate,language_extension,False,False,language_or_semantics_extension_excluded_from_core_score,while_loop_array_sum.va
414-parameter-range-real-control,414,v3_414_parameter_range_real_control,Parameter Range Real Control,NA,dut,D3,veriloga_preprocessor_control_semantics,syntax-extension-candidate,language_extension,False,False,language_or_semantics_extension_excluded_from_core_score,parameter_range_real_control.va
422-file-fscanf-table-stimulus,422,v3_422_file_fscanf_table_stimulus,File Fscanf Table Stimulus,NA,dut,D3,veriloga_file_read_semantics,syntax-extension-candidate,language_extension,False,False,language_or_semantics_extension_excluded_from_core_score,file_fscanf_table_stimulus.va
423-file-profile-replay-controller,423,v3_423_file_profile_replay_controller,File Profile Replay Controller,NA,dut,D3,veriloga_file_read_semantics,syntax-extension-candidate,language_extension,False,False,language_or_semantics_extension_excluded_from_core_score,file_profile_replay_controller.va
424-file-fscanf-multi-column-profile,424,v3_424_file_fscanf_multi_column_profile,File Fscanf Multi Column Profile,NA,dut,D3,veriloga_file_read_semantics,syntax-extension-candidate,language_extension,False,False,language_or_semantics_extension_excluded_from_core_score,file_fscanf_multi_column_profile.va
425-string-swrite-label-builder,425,v3_425_string_swrite_label_builder,String Swrite Label Builder,NA,dut,D3,veriloga_string_format_semantics,syntax-extension-candidate,language_extension,False,False,language_or_semantics_extension_excluded_from_core_score,string_swrite_label_builder.va
426-string-sformat-mode-tag,426,v3_426_string_sformat_mode_tag,String Sformat Mode Tag,NA,dut,D3,veriloga_string_format_semantics,syntax-extension-candidate,language_extension,False,False,language_or_semantics_extension_excluded_from_core_score,string_sformat_mode_tag.va
427-string-formatted-metric-line,427,v3_427_string_formatted_metric_line,String Formatted Metric Line,NA,dut,D3,veriloga_string_format_semantics,syntax-extension-candidate,language_extension,False,False,language_or_semantics_extension_excluded_from_core_score,string_formatted_metric_line.va
428-string-mode-tagged-log,428,v3_428_string_mode_tagged_log,String Mode Tagged Log,NA,dut,D3,veriloga_string_format_semantics,syntax-extension-candidate,language_extension,False,False,language_or_semantics_extension_excluded_from_core_score,string_mode_tagged_log.va
429-string-config-label-select,429,v3_429_string_config_label_select,String Config Label Select,NA,dut,D3,veriloga_string_format_semantics,syntax-extension-candidate,language_extension,False,False,language_or_semantics_extension_excluded_from_core_score,string_config_label_select.va
430-rdist-seed-reproducibility,430,v3_430_rdist_seed_reproducibility,Rdist Seed Reproducibility,NA,dut,D3,veriloga_random_distribution_semantics,syntax-extension-candidate,language_extension,False,False,language_or_semantics_extension_excluded_from_core_score,rdist_seed_reproducibility.va
431-hierarchy-support-artifact-staging,431,v3_431_hierarchy_support_artifact_staging,Hierarchy Support Artifact Staging,NA,dut,D3,veriloga_hierarchy_semantics,syntax-extension-candidate,language_extension,False,False,language_or_semantics_extension_excluded_from_core_score,hierarchy_support_artifact_staging.va
432-hierarchy-nested-parameter-chain,432,v3_432_hierarchy_nested_parameter_chain,Hierarchy Nested Parameter Chain,NA,dut,D3,veriloga_hierarchy_semantics,syntax-extension-candidate,language_extension,False,False,language_or_semantics_extension_excluded_from_core_score,hierarchy_nested_parameter_chain.va
434-repeat-loop-accumulator,434,v3_434_repeat_loop_accumulator,Repeat Loop Accumulator,NA,dut,D3,veriloga_preprocessor_control_semantics,syntax-extension-candidate,language_extension,False,False,language_or_semantics_extension_excluded_from_core_score,repeat_loop_accumulator.va
435-ddt-voltage-derivative-source,435,v3_435_ddt_voltage_derivative_source,Ddt Voltage Derivative Source,NA,dut,D3,veriloga_dynamic_operator_semantics,behavioral-continuous-time-candidate,language_extension,False,False,language_or_semantics_extension_excluded_from_core_score,ddt_voltage_derivative_source.va
436-idt-voltage-integrator-source,436,v3_436_idt_voltage_integrator_source,Idt Voltage Integrator Source,NA,dut,D3,veriloga_dynamic_operator_semantics,behavioral-continuous-time-candidate,language_extension,False,False,language_or_semantics_extension_excluded_from_core_score,idt_voltage_integrator_source.va
437-laplace-nd-lowpass-filter,437,v3_437_laplace_nd_lowpass_filter,Laplace Nd Lowpass Filter,NA,dut,D3,veriloga_laplace_filter_semantics,behavioral-continuous-time-candidate,language_extension,False,False,language_or_semantics_extension_excluded_from_core_score,laplace_nd_lowpass_filter.va
438-laplace-np-pole-filter,438,v3_438_laplace_np_pole_filter,Laplace Np Pole Filter,NA,dut,D3,veriloga_laplace_filter_semantics,behavioral-continuous-time-candidate,language_extension,False,False,language_or_semantics_extension_excluded_from_core_score,laplace_np_pole_filter.va
439-laplace-zd-zero-den-filter,439,v3_439_laplace_zd_zero_den_filter,Laplace Zd Zero Den Filter,NA,dut,D3,veriloga_laplace_filter_semantics,behavioral-continuous-time-candidate,language_extension,False,False,language_or_semantics_extension_excluded_from_core_score,laplace_zd_zero_den_filter.va
440-laplace-zp-zero-pole-filter,440,v3_440_laplace_zp_zero_pole_filter,Laplace Zp Zero Pole Filter,NA,dut,D3,veriloga_laplace_filter_semantics,behavioral-continuous-time-candidate,language_extension,False,False,language_or_semantics_extension_excluded_from_core_score,laplace_zp_zero_pole_filter.va
441-zi-nd-discrete-filter,441,v3_441_zi_nd_discrete_filter,Zi Nd Discrete Filter,NA,dut,D3,veriloga_z_domain_filter_semantics,behavioral-continuous-time-candidate,language_extension,False,False,language_or_semantics_extension_excluded_from_core_score,zi_nd_discrete_filter.va
442-zi-np-discrete-filter,442,v3_442_zi_np_discrete_filter,Zi Np Discrete Filter,NA,dut,D3,veriloga_z_domain_filter_semantics,behavioral-continuous-time-candidate,language_extension,False,False,language_or_semantics_extension_excluded_from_core_score,zi_np_discrete_filter.va
443-zi-zd-discrete-filter,443,v3_443_zi_zd_discrete_filter,Zi Zd Discrete Filter,NA,dut,D3,veriloga_z_domain_filter_semantics,behavioral-continuous-time-candidate,language_extension,False,False,language_or_semantics_extension_excluded_from_core_score,zi_zd_discrete_filter.va
444-zi-zp-discrete-filter,444,v3_444_zi_zp_discrete_filter,Zi Zp Discrete Filter,NA,dut,D3,veriloga_z_domain_filter_semantics,behavioral-continuous-time-candidate,language_extension,False,False,language_or_semantics_extension_excluded_from_core_score,zi_zp_discrete_filter.va
445-limexp-soft-exponential,445,v3_445_limexp_soft_exponential,Limexp Soft Exponential,NA,dut,D3,veriloga_math_function_semantics,syntax-extension-candidate,language_extension,False,False,language_or_semantics_extension_excluded_from_core_score,limexp_soft_exponential.va
446-fstrobe-file-line-writer,446,v3_446_fstrobe_file_line_writer,Fstrobe File Line Writer,NA,dut,D3,veriloga_system_output_semantics,syntax-extension-candidate,language_extension,False,False,language_or_semantics_extension_excluded_from_core_score,fstrobe_file_line_writer.va
447-display-warning-debug-log,447,v3_447_display_warning_debug_log,Display Warning Debug Log,NA,dut,D3,veriloga_system_output_semantics,syntax-extension-candidate,language_extension,False,False,language_or_semantics_extension_excluded_from_core_score,display_warning_debug_log.va
448-rdist-uniform-seeded-dither,448,v3_448_rdist_uniform_seeded_dither,Rdist Uniform Seeded Dither,NA,dut,D3,veriloga_random_distribution_semantics,syntax-extension-candidate,language_extension,False,False,language_or_semantics_extension_excluded_from_core_score,rdist_uniform_seeded_dither.va
450-custom-nature-discipline-voltage,450,v3_450_custom_nature_discipline_voltage,Custom Nature Discipline Voltage,NA,dut,D3,verilogams_discipline_semantics,syntax-extension-candidate,language_extension,False,False,language_or_semantics_extension_excluded_from_core_score,custom_nature_discipline_voltage.vams
456-event-or-cross-timer,456,v3_456_event_or_cross_timer,Event Or Cross Timer,NA,dut,D3,veriloga_event_semantics,syntax-extension-candidate,language_extension,False,False,language_or_semantics_extension_excluded_from_core_score,event_or_cross_timer.va
457-nested-function-pipeline,457,v3_457_nested_function_pipeline,Nested Function Pipeline,NA,dut,D3,veriloga_function_semantics,syntax-extension-candidate,language_extension,False,False,language_or_semantics_extension_excluded_from_core_score,nested_function_pipeline.va
460-analog-initial-block-state,460,v3_460_analog_initial_block_state,Analog Initial Block State,NA,dut,D3,veriloga_analog_initial_semantics,syntax-extension-candidate,language_extension,False,False,language_or_semantics_extension_excluded_from_core_score,analog_initial_block_state.va
461-vt-thermal-voltage-source,461,v3_461_vt_thermal_voltage_source,Vt Thermal Voltage Source,NA,dut,D3,veriloga_environment_function_semantics,syntax-extension-candidate,language_extension,False,False,language_or_semantics_extension_excluded_from_core_score,vt_thermal_voltage_source.va
462-vt-temperature-argument,462,v3_462_vt_temperature_argument,Vt Temperature Argument,NA,dut,D3,veriloga_environment_function_semantics,syntax-extension-candidate,language_extension,False,False,language_or_semantics_extension_excluded_from_core_score,vt_temperature_argument.va
463-discontinuity-event-announcement,463,v3_463_discontinuity_event_announcement,Discontinuity Event Announcement,NA,dut,D3,veriloga_simulator_control_semantics,syntax-extension-candidate,language_extension,False,False,language_or_semantics_extension_excluded_from_core_score,discontinuity_event_announcement.va
464-param-given-gain-select,464,v3_464_param_given_gain_select,Param Given Gain Select,NA,dut,D3,veriloga_environment_function_semantics,syntax-extension-candidate,language_extension,False,False,language_or_semantics_extension_excluded_from_core_score,param_given_gain_select.va
465-port-connected-output-enable,465,v3_465_port_connected_output_enable,Port Connected Output Enable,NA,dut,D3,veriloga_environment_function_semantics,syntax-extension-candidate,language_extension,False,False,language_or_semantics_extension_excluded_from_core_score,port_connected_output_enable.va
466-temperature-environment-metric,466,v3_466_temperature_environment_metric,Temperature Environment Metric,NA,dut,D3,veriloga_environment_function_semantics,syntax-extension-candidate,language_extension,False,False,language_or_semantics_extension_excluded_from_core_score,temperature_environment_metric.va
467-simparam-query-tnom,467,v3_467_simparam_query_tnom,Simparam Query Tnom,NA,dut,D3,veriloga_environment_function_semantics,syntax-extension-candidate,language_extension,False,False,language_or_semantics_extension_excluded_from_core_score,simparam_query_tnom.va
468-branch-declaration-voltage-probe,468,v3_468_branch_declaration_voltage_probe,Branch Declaration Voltage Probe,NA,dut,D3,veriloga_branch_semantics,syntax-extension-candidate,language_extension,False,False,language_or_semantics_extension_excluded_from_core_score,branch_declaration_voltage_probe.va
469-current-contribution-conductance,469,v3_469_current_contribution_conductance,Current Contribution Conductance,NA,dut,D3,veriloga_kcl_contribution_semantics,kcl-syntax-candidate,language_extension,False,False,language_or_semantics_extension_excluded_from_core_score,current_contribution_conductance.va
470-branch-current-probe-contribution,470,v3_470_branch_current_probe_contribution,Branch Current Probe Contribution,NA,dut,D3,veriloga_kcl_contribution_semantics,kcl-syntax-candidate,language_extension,False,False,language_or_semantics_extension_excluded_from_core_score,branch_current_probe_contribution.va
471-indirect-branch-null-balance,471,v3_471_indirect_branch_null_balance,Indirect Branch Null Balance,NA,dut,D3,veriloga_indirect_branch_semantics,behavioral-continuous-time-candidate,language_extension,False,False,language_or_semantics_extension_excluded_from_core_score,indirect_branch_null_balance.va
472-indirect-branch-ddt-balance,472,v3_472_indirect_branch_ddt_balance,Indirect Branch Ddt Balance,NA,dut,D3,veriloga_indirect_branch_semantics,behavioral-continuous-time-candidate,language_extension,False,False,language_or_semantics_extension_excluded_from_core_score,indirect_branch_ddt_balance.va
473-attribute-potential-abstol-probe,473,v3_473_attribute_potential_abstol_probe,Attribute Potential Abstol Probe,NA,dut,D3,veriloga_attribute_semantics,syntax-extension-candidate,language_extension,False,False,language_or_semantics_extension_excluded_from_core_score,attribute_potential_abstol_probe.va
474-generic-potential-access-function,474,v3_474_generic_potential_access_function,Generic Potential Access Function,NA,dut,D3,veriloga_access_function_semantics,syntax-extension-candidate,language_extension,False,False,language_or_semantics_extension_excluded_from_core_score,generic_potential_access_function.va
475-generic-potential-contribution,475,v3_475_generic_potential_contribution,Generic Potential Contribution,NA,dut,D3,veriloga_access_function_semantics,syntax-extension-candidate,language_extension,False,False,language_or_semantics_extension_excluded_from_core_score,generic_potential_contribution.va
476-oomr-string-voltage-probe,476,v3_476_oomr_string_voltage_probe,Oomr String Voltage Probe,NA,dut,D3,veriloga_oomr_semantics,syntax-extension-candidate,language_extension,False,False,language_or_semantics_extension_excluded_from_core_score,oomr_string_voltage_probe.va
477-analog-node-alias-initial,477,v3_477_analog_node_alias_initial,Analog Node Alias Initial,NA,dut,D3,veriloga_alias_semantics,syntax-extension-candidate,language_extension,False,False,language_or_semantics_extension_excluded_from_core_score,analog_node_alias_initial.va
478-inherited-port-attribute-supply,478,v3_478_inherited_port_attribute_supply,Inherited Port Attribute Supply,NA,dut,D3,veriloga_inherited_port_semantics,syntax-extension-candidate,language_extension,False,False,language_or_semantics_extension_excluded_from_core_score,inherited_port_attribute_supply.va
479-inherited-mfactor-parameter,479,v3_479_inherited_mfactor_parameter,Inherited Mfactor Parameter,NA,dut,D3,veriloga_mfactor_semantics,syntax-extension-candidate,language_extension,False,False,language_or_semantics_extension_excluded_from_core_score,inherited_mfactor_parameter.va
480-mfactor-system-function-gain,480,v3_480_mfactor_system_function_gain,Mfactor System Function Gain,NA,dut,D3,veriloga_mfactor_semantics,syntax-extension-candidate,language_extension,False,False,language_or_semantics_extension_excluded_from_core_score,mfactor_system_function_gain.va
481-analog-primitive-resistor-instance,481,v3_481_analog_primitive_resistor_instance,Analog Primitive Resistor Instance,NA,dut,D3,veriloga_analog_primitive_semantics,kcl-syntax-candidate,language_extension,False,False,language_or_semantics_extension_excluded_from_core_score,analog_primitive_resistor_instance.va
482-analog-primitive-isource-instance,482,v3_482_analog_primitive_isource_instance,Analog Primitive Isource Instance,NA,dut,D3,veriloga_analog_primitive_semantics,kcl-syntax-candidate,language_extension,False,False,language_or_semantics_extension_excluded_from_core_score,analog_primitive_isource_instance.va
483-cds-violation-threshold-assert,483,v3_483_cds_violation_threshold_assert,Cds Violation Threshold Assert,NA,dut,D3,veriloga_assert_semantics,cadence-simulator-function-candidate,language_extension,False,False,language_or_semantics_extension_excluded_from_core_score,cds_violation_threshold_assert.va
484-rtoi-conversion-quantizer,484,v3_484_rtoi_conversion_quantizer,Rtoi Conversion Quantizer,NA,dut,D3,veriloga_conversion_semantics,syntax-extension-candidate,language_extension,False,False,language_or_semantics_extension_excluded_from_core_score,rtoi_conversion_quantizer.va
485-mc-trial-number-metric,485,v3_485_mc_trial_number_metric,Mc Trial Number Metric,NA,dut,D3,veriloga_monte_carlo_semantics,cadence-simulator-function-candidate,language_extension,False,False,language_or_semantics_extension_excluded_from_core_score,mc_trial_number_metric.va
486-rf-source-info-registration,486,v3_486_rf_source_info_registration,Rf Source Info Registration,NA,dut,D3,veriloga_rf_source_semantics,cadence-simulator-function-candidate,language_extension,False,False,language_or_semantics_extension_excluded_from_core_score,rf_source_info_registration.va
487-table-model-2d-array-surface,487,v3_487_table_model_2d_array_surface,Table Model 2d Array Surface,NA,dut,D3,veriloga_table_model_semantics,syntax-extension-candidate,language_extension,False,False,language_or_semantics_extension_excluded_from_core_score,table_model_2d_array_surface.va
488-table-model-string-param-source,488,v3_488_table_model_string_param_source,Table Model String Param Source,NA,dut,D3,veriloga_table_model_semantics,syntax-extension-candidate,language_extension,False,False,language_or_semantics_extension_excluded_from_core_score,table_model_string_param_source.va
489-event-nested-or-expression,489,v3_489_event_nested_or_expression,Event Nested Or Expression,NA,dut,D3,veriloga_event_semantics,syntax-extension-candidate,language_extension,False,False,language_or_semantics_extension_excluded_from_core_score,event_nested_or_expression.va
491-kcl-capacitor-ddt-current,491,v3_491_kcl_capacitor_ddt_current,Kcl Capacitor Ddt Current,NA,dut,D3,veriloga_kcl_contribution_semantics,kcl-syntax-candidate,language_extension,False,False,language_or_semantics_extension_excluded_from_core_score,kcl_capacitor_ddt_current.va
492-kcl-inductor-idt-voltage,492,v3_492_kcl_inductor_idt_voltage,Kcl Inductor Idt Voltage,NA,dut,D3,veriloga_kcl_contribution_semantics,conservative-current/KCL-behavior-certified,language_extension,False,False,language_or_semantics_extension_excluded_from_core_score,kcl_inductor_idt_voltage.va
493-continuous-laplace-nd-filter,493,v3_493_continuous_laplace_nd_filter,Continuous Laplace Nd Filter,NA,dut,D3,veriloga_continuous_time_semantics,behavioral-continuous-time-candidate,language_extension,False,False,language_or_semantics_extension_excluded_from_core_score,continuous_laplace_nd_filter.va
494-continuous-zi-nd-filter,494,v3_494_continuous_zi_nd_filter,Continuous Zi Nd Filter,NA,dut,D3,veriloga_continuous_time_semantics,behavioral-continuous-time-candidate,language_extension,False,False,language_or_semantics_extension_excluded_from_core_score,continuous_zi_nd_filter.va
502-sine-vco-idtmod-bound-step,502,v3_502_sine_vco_idtmod_bound_step,Sine VCO With Idtmod And Bound Step,L1,dut,D2,pll_clock_timing,behavior-extension-candidate,candidate_provenance,False,False,outside_current_v3_score_slots_until_explicit_promotion,sine_vco_idtmod_bound_step.va
503-differential-vco-clip-idtmod,503,v3_503_differential_vco_clip_idtmod,Differential VCO With Clip And Idtmod,L1,dut,D2,pll_clock_timing,behavior-extension-candidate,candidate_provenance,False,False,outside_current_v3_score_slots_until_explicit_promotion,differential_vco_clip_idtmod.va
504-charge-pump-pfd-state-machine,504,v3_504_charge_pump_pfd_state_machine,Charge Pump PFD State Machine,L1,dut,D2,pll_clock_timing,behavior-extension-candidate,candidate_provenance,False,False,outside_current_v3_score_slots_until_explicit_promotion,charge_pump_pfd_state_machine.va
505-fractional-n-divider-accumulator-flow,505,v3_505_fractional_n_divider_accumulator_flow,Fractional-N Divider Accumulator Flow,L2,dut,D3,pll_clock_timing_systems,behavior-extension-candidate,candidate_provenance,False,False,outside_current_v3_score_slots_until_explicit_promotion,fracn_pll_timer_ref.va
candidate-bias-dynamic-supply-level-driver,,v3_candidate_bias_dynamic_supply_level_driver,Dynamic Supply Level Driver,L1,dut,D2,bias_reference_power_management,bias-reference-power-replacement-candidate,candidate_provenance,False,False,outside_current_v3_score_slots_until_explicit_promotion,dynamic_supply_level_driver.va
candidate-bias-power-enable-turnon-delay-gate,,v3_candidate_bias_power_enable_turnon_delay_gate,Power Enable Turn-On Delay Gate,L1,dut,D2,bias_reference_power_management,bias-reference-power-replacement-candidate,candidate_provenance,False,False,outside_current_v3_score_slots_until_explicit_promotion,power_enable_turnon_delay_gate.va
candidate-bias-power-mode-supply-current-metric,,v3_candidate_bias_power_mode_supply_current_metric,Power Mode Supply Current Metric,L1,dut,D2,bias_reference_power_management,bias-reference-power-replacement-candidate,candidate_provenance,False,False,outside_current_v3_score_slots_until_explicit_promotion,power_mode_supply_current_metric.va
candidate-bias-reference-settling-window-monitor,,v3_candidate_bias_reference_settling_window_monitor,Reference Settling Window Monitor,L2,dut,D2,bias_reference_power_management,bias-reference-power-replacement-candidate,candidate_provenance,False,False,outside_current_v3_score_slots_until_explicit_promotion,reference_settling_window_monitor.va
candidate-bias-supply-bias-validity-gate,,v3_candidate_bias_supply_bias_validity_gate,Supply Bias Validity Gate,L1,dut,D2,bias_reference_power_management,bias-reference-power-replacement-candidate,candidate_provenance,False,False,outside_current_v3_score_slots_until_explicit_promotion,supply_bias_validity_gate.va
