release_entry_id,form,level,category,base_function,package_status,source_task_id,static,evas,spectre,dual_status,pending_cause,disposition,queue_reason,ready_for_dual_rerun,source_equivalence_failure_count,blocker_count,benchmark_score_enabled,counted_in_score,evidence,release_path
vbr1_l1_aperture_delay_track_and_hold,dut,L1,"Sample, Hold, and Analog Memory",Aperture-delay track-and-hold,current_l1_seed,vbm1_track_hold_aperture_dut,pass,pass,pass,pass,certified,none,,False,0,0,True,True,benchmark-vabench-release-v1/evidence/dual/vbr1_l1_aperture_delay_track_and_hold/dut/evidence.json,benchmark-vabench-release-v1/tasks/vbr1_l1_aperture_delay_track_and_hold/forms/dut
vbr1_l1_aperture_delay_track_and_hold,tb,L1,"Sample, Hold, and Analog Memory",Aperture-delay track-and-hold,current_l1_seed,vbm1_track_hold_aperture_tb,pass,pass,pass,pass,certified,none,,False,0,0,True,True,benchmark-vabench-release-v1/evidence/dual/vbr1_l1_aperture_delay_track_and_hold/tb/evidence.json,benchmark-vabench-release-v1/tasks/vbr1_l1_aperture_delay_track_and_hold/forms/tb
vbr1_l1_aperture_delay_track_and_hold,bugfix,L1,"Sample, Hold, and Analog Memory",Aperture-delay track-and-hold,current_l1_seed,vbm1_track_hold_aperture_bugfix,pass,pass,pass,pass,certified,none,,False,0,0,True,True,benchmark-vabench-release-v1/evidence/dual/vbr1_l1_aperture_delay_track_and_hold/bugfix/evidence.json,benchmark-vabench-release-v1/tasks/vbr1_l1_aperture_delay_track_and_hold/forms/bugfix
vbr1_l1_aperture_delay_track_and_hold,e2e,L1,"Sample, Hold, and Analog Memory",Aperture-delay track-and-hold,current_l1_seed,vbm1_track_hold_aperture_e2e,pass,pass,pass,pass,certified,none,,False,0,0,True,True,benchmark-vabench-release-v1/evidence/dual/vbr1_l1_aperture_delay_track_and_hold/e2e/evidence.json,benchmark-vabench-release-v1/tasks/vbr1_l1_aperture_delay_track_and_hold/forms/e2e
vbr1_l1_bang_bang_phase_detector,dut,L1,PLL / Clock / Event Timing,Bang-bang phase detector,selected_l1_addition,bbpd,pass,pass,pass,pass,certified,none,,False,0,0,True,True,benchmark-vabench-release-v1/evidence/dual/vbr1_l1_bang_bang_phase_detector/dut/evidence.json,benchmark-vabench-release-v1/tasks/vbr1_l1_bang_bang_phase_detector/forms/dut
vbr1_l1_bang_bang_phase_detector,tb,L1,PLL / Clock / Event Timing,Bang-bang phase detector,selected_l1_addition,vbr1_l1_bang_bang_phase_detector_tb,pass,pass,pass,pass,certified,none,,False,0,0,True,True,benchmark-vabench-release-v1/evidence/dual/vbr1_l1_bang_bang_phase_detector/tb/evidence.json,benchmark-vabench-release-v1/tasks/vbr1_l1_bang_bang_phase_detector/forms/tb
vbr1_l1_bang_bang_phase_detector,bugfix,L1,PLL / Clock / Event Timing,Bang-bang phase detector,selected_l1_addition,vbr1_l1_bang_bang_phase_detector_bugfix,pass,pass,pass,pass,certified,none,,False,0,0,True,True,benchmark-vabench-release-v1/evidence/dual/vbr1_l1_bang_bang_phase_detector/bugfix/evidence.json,benchmark-vabench-release-v1/tasks/vbr1_l1_bang_bang_phase_detector/forms/bugfix
vbr1_l1_bang_bang_phase_detector,e2e,L1,PLL / Clock / Event Timing,Bang-bang phase detector,selected_l1_addition,bbpd_data_edge_alignment_smoke,pass,pass,pass,pass,certified,none,,False,0,0,True,True,benchmark-vabench-release-v1/evidence/dual/vbr1_l1_bang_bang_phase_detector/e2e/evidence.json,benchmark-vabench-release-v1/tasks/vbr1_l1_bang_bang_phase_detector/forms/e2e
vbr1_l1_binary_weighted_voltage_dac,dut,L1,Data Converters,Simple 4-bit binary-coded DAC,current_l1_seed,vbm1_simple_binary_voltage_dac_4b_dut,pass,pass,pass,pass,certified,none,,False,0,0,True,True,benchmark-vabench-release-v1/evidence/dual/vbr1_l1_binary_weighted_voltage_dac/dut/evidence.json,benchmark-vabench-release-v1/tasks/vbr1_l1_binary_weighted_voltage_dac/forms/dut
vbr1_l1_binary_weighted_voltage_dac,tb,L1,Data Converters,Simple 4-bit binary-coded DAC,current_l1_seed,vbm1_simple_binary_voltage_dac_4b_tb,pass,pass,pass,pass,certified,none,,False,0,0,True,True,benchmark-vabench-release-v1/evidence/dual/vbr1_l1_binary_weighted_voltage_dac/tb/evidence.json,benchmark-vabench-release-v1/tasks/vbr1_l1_binary_weighted_voltage_dac/forms/tb
vbr1_l1_binary_weighted_voltage_dac,bugfix,L1,Data Converters,Simple 4-bit binary-coded DAC,current_l1_seed,vbm1_simple_binary_voltage_dac_4b_bugfix,pass,pass,pass,pass,certified,none,,False,0,0,True,True,benchmark-vabench-release-v1/evidence/dual/vbr1_l1_binary_weighted_voltage_dac/bugfix/evidence.json,benchmark-vabench-release-v1/tasks/vbr1_l1_binary_weighted_voltage_dac/forms/bugfix
vbr1_l1_binary_weighted_voltage_dac,e2e,L1,Data Converters,Simple 4-bit binary-coded DAC,current_l1_seed,vbm1_simple_binary_voltage_dac_4b_e2e,pass,pass,pass,pass,certified,none,,False,0,0,True,True,benchmark-vabench-release-v1/evidence/dual/vbr1_l1_binary_weighted_voltage_dac/e2e/evidence.json,benchmark-vabench-release-v1/tasks/vbr1_l1_binary_weighted_voltage_dac/forms/e2e
vbr1_l1_burst_clock_source,dut,L1,Stimulus and Sources,Burst clock source,selected_l1_addition,vbr1_l1_burst_clock_source_dut,pass,pass,pass,pass,certified,none,,False,0,0,True,True,benchmark-vabench-release-v1/evidence/dual/vbr1_l1_burst_clock_source/dut/evidence.json,benchmark-vabench-release-v1/tasks/vbr1_l1_burst_clock_source/forms/dut
vbr1_l1_burst_clock_source,tb,L1,Stimulus and Sources,Burst clock source,selected_l1_addition,vbr1_l1_burst_clock_source_tb,pass,pass,pass,pass,certified,none,,False,0,0,True,True,benchmark-vabench-release-v1/evidence/dual/vbr1_l1_burst_clock_source/tb/evidence.json,benchmark-vabench-release-v1/tasks/vbr1_l1_burst_clock_source/forms/tb
vbr1_l1_burst_clock_source,e2e,L1,Stimulus and Sources,Burst clock source,selected_l1_addition,clk_burst_gen_smoke,pass,pass,pass,pass,certified,none,,False,0,0,True,True,benchmark-vabench-release-v1/evidence/dual/vbr1_l1_burst_clock_source/e2e/evidence.json,benchmark-vabench-release-v1/tasks/vbr1_l1_burst_clock_source/forms/e2e
vbr1_l1_calibration_deadband_controller,dut,L1,"Calibration, DEM, and Control",Calibration deadband controller,selected_l1_addition,vbr1_l1_calibration_deadband_controller_dut,pass,pass,pass,pass,certified,none,,False,0,0,True,True,benchmark-vabench-release-v1/evidence/dual/vbr1_l1_calibration_deadband_controller/dut/evidence.json,benchmark-vabench-release-v1/tasks/vbr1_l1_calibration_deadband_controller/forms/dut
vbr1_l1_calibration_deadband_controller,tb,L1,"Calibration, DEM, and Control",Calibration deadband controller,selected_l1_addition,vbr1_l1_calibration_deadband_controller_tb,pass,pass,pass,pass,certified,none,,False,0,0,True,True,benchmark-vabench-release-v1/evidence/dual/vbr1_l1_calibration_deadband_controller/tb/evidence.json,benchmark-vabench-release-v1/tasks/vbr1_l1_calibration_deadband_controller/forms/tb
vbr1_l1_calibration_deadband_controller,bugfix,L1,"Calibration, DEM, and Control",Calibration deadband controller,selected_l1_addition,vbr1_l1_calibration_deadband_controller_bugfix,pass,pass,pass,pass,certified,none,,False,0,0,True,True,benchmark-vabench-release-v1/evidence/dual/vbr1_l1_calibration_deadband_controller/bugfix/evidence.json,benchmark-vabench-release-v1/tasks/vbr1_l1_calibration_deadband_controller/forms/bugfix
vbr1_l1_calibration_deadband_controller,e2e,L1,"Calibration, DEM, and Control",Calibration deadband controller,selected_l1_addition,vbr1_l1_calibration_deadband_controller_e2e,pass,pass,pass,pass,certified,none,,False,0,0,True,True,benchmark-vabench-release-v1/evidence/dual/vbr1_l1_calibration_deadband_controller/e2e/evidence.json,benchmark-vabench-release-v1/tasks/vbr1_l1_calibration_deadband_controller/forms/e2e
vbr1_l1_capacitive_weighted_sar_feedback_dac,dut,L1,Data Converters,Capacitive/weighted SAR feedback DAC,selected_l1_addition,cdac_cal,pass,pass,pass,pass,certified,none,,False,0,0,True,True,benchmark-vabench-release-v1/evidence/dual/vbr1_l1_capacitive_weighted_sar_feedback_dac/dut/evidence.json,benchmark-vabench-release-v1/tasks/vbr1_l1_capacitive_weighted_sar_feedback_dac/forms/dut
vbr1_l1_capacitive_weighted_sar_feedback_dac,tb,L1,Data Converters,Capacitive/weighted SAR feedback DAC,selected_l1_addition,vbr1_l1_capacitive_weighted_sar_feedback_dac_tb,pass,pass,pass,pass,certified,none,,False,0,0,True,True,benchmark-vabench-release-v1/evidence/dual/vbr1_l1_capacitive_weighted_sar_feedback_dac/tb/evidence.json,benchmark-vabench-release-v1/tasks/vbr1_l1_capacitive_weighted_sar_feedback_dac/forms/tb
vbr1_l1_capacitive_weighted_sar_feedback_dac,bugfix,L1,Data Converters,Capacitive/weighted SAR feedback DAC,selected_l1_addition,vbr1_l1_capacitive_weighted_sar_feedback_dac_bugfix,pass,pass,pass,pass,certified,none,,False,0,0,True,True,benchmark-vabench-release-v1/evidence/dual/vbr1_l1_capacitive_weighted_sar_feedback_dac/bugfix/evidence.json,benchmark-vabench-release-v1/tasks/vbr1_l1_capacitive_weighted_sar_feedback_dac/forms/bugfix
vbr1_l1_capacitive_weighted_sar_feedback_dac,e2e,L1,Data Converters,Capacitive/weighted SAR feedback DAC,selected_l1_addition,vbr1_l1_capacitive_weighted_sar_feedback_dac_e2e,pass,pass,pass,pass,certified,none,,False,0,0,True,True,benchmark-vabench-release-v1/evidence/dual/vbr1_l1_capacitive_weighted_sar_feedback_dac/e2e/evidence.json,benchmark-vabench-release-v1/tasks/vbr1_l1_capacitive_weighted_sar_feedback_dac/forms/e2e
vbr1_l1_charge_pump_abstraction,dut,L1,PLL / Clock / Event Timing,Voltage-domain charge-pump control abstraction,selected_l1_addition,vbr1_l1_charge_pump_abstraction_dut,pass,pass,pass,pass,certified,none,,False,0,0,True,True,benchmark-vabench-release-v1/evidence/dual/vbr1_l1_charge_pump_abstraction/dut/evidence.json,benchmark-vabench-release-v1/tasks/vbr1_l1_charge_pump_abstraction/forms/dut
vbr1_l1_charge_pump_abstraction,tb,L1,PLL / Clock / Event Timing,Voltage-domain charge-pump control abstraction,selected_l1_addition,vbr1_l1_charge_pump_abstraction_tb,pass,pass,pass,pass,certified,none,,False,0,0,True,True,benchmark-vabench-release-v1/evidence/dual/vbr1_l1_charge_pump_abstraction/tb/evidence.json,benchmark-vabench-release-v1/tasks/vbr1_l1_charge_pump_abstraction/forms/tb
vbr1_l1_charge_pump_abstraction,bugfix,L1,PLL / Clock / Event Timing,Voltage-domain charge-pump control abstraction,selected_l1_addition,vbr1_l1_charge_pump_abstraction_bugfix,pass,pass,pass,pass,certified,none,,False,0,0,True,True,benchmark-vabench-release-v1/evidence/dual/vbr1_l1_charge_pump_abstraction/bugfix/evidence.json,benchmark-vabench-release-v1/tasks/vbr1_l1_charge_pump_abstraction/forms/bugfix
vbr1_l1_charge_pump_abstraction,e2e,L1,PLL / Clock / Event Timing,Voltage-domain charge-pump control abstraction,selected_l1_addition,vbr1_l1_charge_pump_abstraction_e2e,pass,pass,pass,pass,certified,none,,False,0,0,True,True,benchmark-vabench-release-v1/evidence/dual/vbr1_l1_charge_pump_abstraction/e2e/evidence.json,benchmark-vabench-release-v1/tasks/vbr1_l1_charge_pump_abstraction/forms/e2e
vbr1_l1_clock_divider,dut,L1,PLL / Clock / Event Timing,Clock divider,current_l1_seed,vbm1_resettable_counter_divider_dut,pass,pass,pass,pass,certified,none,,False,0,0,True,True,benchmark-vabench-release-v1/evidence/dual/vbr1_l1_clock_divider/dut/evidence.json,benchmark-vabench-release-v1/tasks/vbr1_l1_clock_divider/forms/dut
vbr1_l1_clock_divider,tb,L1,PLL / Clock / Event Timing,Clock divider,current_l1_seed,vbm1_resettable_counter_divider_tb,pass,pass,pass,pass,certified,none,,False,0,0,True,True,benchmark-vabench-release-v1/evidence/dual/vbr1_l1_clock_divider/tb/evidence.json,benchmark-vabench-release-v1/tasks/vbr1_l1_clock_divider/forms/tb
vbr1_l1_clock_divider,bugfix,L1,PLL / Clock / Event Timing,Clock divider,current_l1_seed,vbr1_l1_clock_divider_bugfix,pass,pass,pass,pass,certified,none,,False,0,0,True,True,benchmark-vabench-release-v1/evidence/dual/vbr1_l1_clock_divider/bugfix/evidence.json,benchmark-vabench-release-v1/tasks/vbr1_l1_clock_divider/forms/bugfix
vbr1_l1_clock_divider,e2e,L1,PLL / Clock / Event Timing,Clock divider,current_l1_seed,vbm1_resettable_counter_divider_e2e,pass,pass,pass,pass,certified,none,,False,0,0,True,True,benchmark-vabench-release-v1/evidence/dual/vbr1_l1_clock_divider/e2e/evidence.json,benchmark-vabench-release-v1/tasks/vbr1_l1_clock_divider/forms/e2e
vbr1_l1_clocked_adc_quantizer,dut,L1,Data Converters,Clocked ADC quantizer,selected_l1_addition,vbr1_l1_clocked_adc_quantizer_dut,pass,pass,pass,pass,certified,none,,False,0,0,True,True,benchmark-vabench-release-v1/evidence/dual/vbr1_l1_clocked_adc_quantizer/dut/evidence.json,benchmark-vabench-release-v1/tasks/vbr1_l1_clocked_adc_quantizer/forms/dut
vbr1_l1_clocked_adc_quantizer,tb,L1,Data Converters,Clocked ADC quantizer,selected_l1_addition,vbr1_l1_clocked_adc_quantizer_tb,pass,pass,pass,pass,certified,none,,False,0,0,True,True,benchmark-vabench-release-v1/evidence/dual/vbr1_l1_clocked_adc_quantizer/tb/evidence.json,benchmark-vabench-release-v1/tasks/vbr1_l1_clocked_adc_quantizer/forms/tb
vbr1_l1_clocked_adc_quantizer,bugfix,L1,Data Converters,Clocked ADC quantizer,selected_l1_addition,vbr1_l1_clocked_adc_quantizer_bugfix,pass,pass,pass,pass,certified,none,,False,0,0,True,True,benchmark-vabench-release-v1/evidence/dual/vbr1_l1_clocked_adc_quantizer/bugfix/evidence.json,benchmark-vabench-release-v1/tasks/vbr1_l1_clocked_adc_quantizer/forms/bugfix
vbr1_l1_clocked_adc_quantizer,e2e,L1,Data Converters,Clocked ADC quantizer,selected_l1_addition,flash_adc_3b_smoke,pass,pass,pass,pass,certified,none,,False,0,0,True,True,benchmark-vabench-release-v1/evidence/dual/vbr1_l1_clocked_adc_quantizer/e2e/evidence.json,benchmark-vabench-release-v1/tasks/vbr1_l1_clocked_adc_quantizer/forms/e2e
vbr1_l1_clocked_comparator,dut,L1,Comparators and Decision Circuits,Clocked comparator,selected_l1_addition,vbr1_l1_clocked_comparator_dut,pass,pass,pass,pass,certified,none,,False,0,0,False,False,benchmark-vabench-release-v1/evidence/dual/vbr1_l1_clocked_comparator/dut/evidence.json,benchmark-vabench-release-v1/tasks/vbr1_l1_clocked_comparator/forms/dut
vbr1_l1_clocked_comparator,tb,L1,Comparators and Decision Circuits,Clocked comparator,selected_l1_addition,vbr1_l1_clocked_comparator_tb,pass,pass,pass,pass,certified,none,,False,0,0,False,False,benchmark-vabench-release-v1/evidence/dual/vbr1_l1_clocked_comparator/tb/evidence.json,benchmark-vabench-release-v1/tasks/vbr1_l1_clocked_comparator/forms/tb
vbr1_l1_clocked_comparator,bugfix,L1,Comparators and Decision Circuits,Clocked comparator,selected_l1_addition,vbr1_l1_clocked_comparator_bugfix,pass,pass,pass,pass,certified,none,,False,0,0,False,False,benchmark-vabench-release-v1/evidence/dual/vbr1_l1_clocked_comparator/bugfix/evidence.json,benchmark-vabench-release-v1/tasks/vbr1_l1_clocked_comparator/forms/bugfix
vbr1_l1_clocked_comparator,e2e,L1,Comparators and Decision Circuits,Clocked comparator,selected_l1_addition,cmp_strongarm_smoke,pass,pass,pass,pass,certified,none,,False,0,0,False,False,benchmark-vabench-release-v1/evidence/dual/vbr1_l1_clocked_comparator/e2e/evidence.json,benchmark-vabench-release-v1/tasks/vbr1_l1_clocked_comparator/forms/e2e
vbr1_l1_clocked_sample_and_hold,dut,L1,"Sample, Hold, and Analog Memory",Clocked sample-and-hold,selected_l1_addition,vbr1_l1_clocked_sample_and_hold_dut,pass,pass,pass,pass,certified,none,,False,0,0,True,True,benchmark-vabench-release-v1/evidence/dual/vbr1_l1_clocked_sample_and_hold/dut/evidence.json,benchmark-vabench-release-v1/tasks/vbr1_l1_clocked_sample_and_hold/forms/dut
vbr1_l1_clocked_sample_and_hold,tb,L1,"Sample, Hold, and Analog Memory",Clocked sample-and-hold,selected_l1_addition,vbr1_l1_clocked_sample_and_hold_tb,pass,pass,pass,pass,certified,none,,False,0,0,True,True,benchmark-vabench-release-v1/evidence/dual/vbr1_l1_clocked_sample_and_hold/tb/evidence.json,benchmark-vabench-release-v1/tasks/vbr1_l1_clocked_sample_and_hold/forms/tb
vbr1_l1_clocked_sample_and_hold,bugfix,L1,"Sample, Hold, and Analog Memory",Clocked sample-and-hold,selected_l1_addition,vbr1_l1_clocked_sample_and_hold_bugfix,pass,pass,pass,pass,certified,none,,False,0,0,True,True,benchmark-vabench-release-v1/evidence/dual/vbr1_l1_clocked_sample_and_hold/bugfix/evidence.json,benchmark-vabench-release-v1/tasks/vbr1_l1_clocked_sample_and_hold/forms/bugfix
vbr1_l1_clocked_sample_and_hold,e2e,L1,"Sample, Hold, and Analog Memory",Clocked sample-and-hold,selected_l1_addition,sample_hold_smoke,pass,pass,pass,pass,certified,none,,False,0,0,True,True,benchmark-vabench-release-v1/evidence/dual/vbr1_l1_clocked_sample_and_hold/e2e/evidence.json,benchmark-vabench-release-v1/tasks/vbr1_l1_clocked_sample_and_hold/forms/e2e
vbr1_l1_crossing_metric_writer,tb,L1,Measurement and Testbench Instrumentation,Crossing metric writer,current_l1_seed,vbm1_file_metric_writer_tb,pass,pass,pass,pass,certified,none,,False,0,0,True,True,benchmark-vabench-release-v1/evidence/dual/vbr1_l1_crossing_metric_writer/tb/evidence.json,benchmark-vabench-release-v1/tasks/vbr1_l1_crossing_metric_writer/forms/tb
vbr1_l1_crossing_metric_writer,dut,L1,Measurement and Testbench Instrumentation,Crossing metric writer,current_l1_seed,vbm1_file_metric_writer_dut,pass,pass,pass,pass,certified,none,,False,0,0,True,True,benchmark-vabench-release-v1/evidence/dual/vbr1_l1_crossing_metric_writer/dut/evidence.json,benchmark-vabench-release-v1/tasks/vbr1_l1_crossing_metric_writer/forms/dut
vbr1_l1_crossing_metric_writer,e2e,L1,Measurement and Testbench Instrumentation,Crossing metric writer,current_l1_seed,vbm1_file_metric_writer_e2e,pass,pass,pass,pass,certified,none,,False,0,0,True,True,benchmark-vabench-release-v1/evidence/dual/vbr1_l1_crossing_metric_writer/e2e/evidence.json,benchmark-vabench-release-v1/tasks/vbr1_l1_crossing_metric_writer/forms/e2e
vbr1_l1_dac_mismatch_unit_weighting_model,dut,L1,Data Converters,DAC mismatch/unit-weighting model,selected_l1_addition,vbr1_l1_dac_mismatch_unit_weighting_model_dut,pass,pass,pass,pass,certified,none,,False,0,0,True,True,benchmark-vabench-release-v1/evidence/dual/vbr1_l1_dac_mismatch_unit_weighting_model/dut/evidence.json,benchmark-vabench-release-v1/tasks/vbr1_l1_dac_mismatch_unit_weighting_model/forms/dut
vbr1_l1_dac_mismatch_unit_weighting_model,tb,L1,Data Converters,DAC mismatch/unit-weighting model,selected_l1_addition,vbr1_l1_dac_mismatch_unit_weighting_model_tb,pass,pass,pass,pass,certified,none,,False,0,0,True,True,benchmark-vabench-release-v1/evidence/dual/vbr1_l1_dac_mismatch_unit_weighting_model/tb/evidence.json,benchmark-vabench-release-v1/tasks/vbr1_l1_dac_mismatch_unit_weighting_model/forms/tb
vbr1_l1_dac_mismatch_unit_weighting_model,bugfix,L1,Data Converters,DAC mismatch/unit-weighting model,selected_l1_addition,vbr1_l1_dac_mismatch_unit_weighting_model_bugfix,pass,pass,pass,pass,certified,none,,False,0,0,True,True,benchmark-vabench-release-v1/evidence/dual/vbr1_l1_dac_mismatch_unit_weighting_model/bugfix/evidence.json,benchmark-vabench-release-v1/tasks/vbr1_l1_dac_mismatch_unit_weighting_model/forms/bugfix
vbr1_l1_dac_mismatch_unit_weighting_model,e2e,L1,Data Converters,DAC mismatch/unit-weighting model,selected_l1_addition,vbr1_l1_dac_mismatch_unit_weighting_model_e2e,pass,pass,pass,pass,certified,none,,False,0,0,True,True,benchmark-vabench-release-v1/evidence/dual/vbr1_l1_dac_mismatch_unit_weighting_model/e2e/evidence.json,benchmark-vabench-release-v1/tasks/vbr1_l1_dac_mismatch_unit_weighting_model/forms/e2e
vbr1_l1_debounce_latch,dut,L1,Digital and Event-Driven Logic,Debounce latch,current_l1_seed,vbm1_debounce_latch_dut,pass,pass,pass,pass,certified,none,,False,0,0,True,True,benchmark-vabench-release-v1/evidence/dual/vbr1_l1_debounce_latch/dut/evidence.json,benchmark-vabench-release-v1/tasks/vbr1_l1_debounce_latch/forms/dut
vbr1_l1_debounce_latch,tb,L1,Digital and Event-Driven Logic,Debounce latch,current_l1_seed,vbm1_debounce_latch_tb,pass,pass,pass,pass,certified,none,,False,0,0,True,True,benchmark-vabench-release-v1/evidence/dual/vbr1_l1_debounce_latch/tb/evidence.json,benchmark-vabench-release-v1/tasks/vbr1_l1_debounce_latch/forms/tb
vbr1_l1_debounce_latch,bugfix,L1,Digital and Event-Driven Logic,Debounce latch,current_l1_seed,vbm1_debounce_latch_bugfix,pass,pass,pass,pass,certified,none,,False,0,0,True,True,benchmark-vabench-release-v1/evidence/dual/vbr1_l1_debounce_latch/bugfix/evidence.json,benchmark-vabench-release-v1/tasks/vbr1_l1_debounce_latch/forms/bugfix
vbr1_l1_debounce_latch,e2e,L1,Digital and Event-Driven Logic,Debounce latch,current_l1_seed,vbm1_debounce_latch_e2e,pass,pass,pass,pass,certified,none,,False,0,0,True,True,benchmark-vabench-release-v1/evidence/dual/vbr1_l1_debounce_latch/e2e/evidence.json,benchmark-vabench-release-v1/tasks/vbr1_l1_debounce_latch/forms/e2e
vbr1_l1_differential_output_driver,dut,L1,Analog Behavioral Signal Conditioning,Differential output driver,selected_l1_addition,vbr1_l1_differential_output_driver_dut,pass,pass,pass,pass,certified,none,,False,0,0,True,True,benchmark-vabench-release-v1/evidence/dual/vbr1_l1_differential_output_driver/dut/evidence.json,benchmark-vabench-release-v1/tasks/vbr1_l1_differential_output_driver/forms/dut
vbr1_l1_differential_output_driver,tb,L1,Analog Behavioral Signal Conditioning,Differential output driver,selected_l1_addition,vbr1_l1_differential_output_driver_tb,pass,pass,pass,pass,certified,none,,False,0,0,True,True,benchmark-vabench-release-v1/evidence/dual/vbr1_l1_differential_output_driver/tb/evidence.json,benchmark-vabench-release-v1/tasks/vbr1_l1_differential_output_driver/forms/tb
vbr1_l1_differential_output_driver,bugfix,L1,Analog Behavioral Signal Conditioning,Differential output driver,selected_l1_addition,vbr1_l1_differential_output_driver_bugfix,pass,pass,pass,pass,certified,none,,False,0,0,True,True,benchmark-vabench-release-v1/evidence/dual/vbr1_l1_differential_output_driver/bugfix/evidence.json,benchmark-vabench-release-v1/tasks/vbr1_l1_differential_output_driver/forms/bugfix
vbr1_l1_differential_output_driver,e2e,L1,Analog Behavioral Signal Conditioning,Differential output driver,selected_l1_addition,differential_voltage_output_smoke,pass,pass,pass,pass,certified,none,,False,0,0,True,True,benchmark-vabench-release-v1/evidence/dual/vbr1_l1_differential_output_driver/e2e/evidence.json,benchmark-vabench-release-v1/tasks/vbr1_l1_differential_output_driver/forms/e2e
vbr1_l1_digital_phase_accumulator_with_modulo_wrap,dut,L1,PLL / Clock / Event Timing,Digital phase accumulator with modulo wrap,selected_l1_addition,vbr1_l1_digital_phase_accumulator_with_modulo_wrap_dut,pass,pass,pass,pass,certified,none,,False,0,0,True,True,benchmark-vabench-release-v1/evidence/dual/vbr1_l1_digital_phase_accumulator_with_modulo_wrap/dut/evidence.json,benchmark-vabench-release-v1/tasks/vbr1_l1_digital_phase_accumulator_with_modulo_wrap/forms/dut
vbr1_l1_digital_phase_accumulator_with_modulo_wrap,tb,L1,PLL / Clock / Event Timing,Digital phase accumulator with modulo wrap,selected_l1_addition,vbr1_l1_digital_phase_accumulator_with_modulo_wrap_tb,pass,pass,pass,pass,certified,none,,False,0,0,True,True,benchmark-vabench-release-v1/evidence/dual/vbr1_l1_digital_phase_accumulator_with_modulo_wrap/tb/evidence.json,benchmark-vabench-release-v1/tasks/vbr1_l1_digital_phase_accumulator_with_modulo_wrap/forms/tb
vbr1_l1_digital_phase_accumulator_with_modulo_wrap,bugfix,L1,PLL / Clock / Event Timing,Digital phase accumulator with modulo wrap,selected_l1_addition,vbr1_l1_digital_phase_accumulator_with_modulo_wrap_bugfix,pass,pass,pass,pass,certified,none,,False,0,0,True,True,benchmark-vabench-release-v1/evidence/dual/vbr1_l1_digital_phase_accumulator_with_modulo_wrap/bugfix/evidence.json,benchmark-vabench-release-v1/tasks/vbr1_l1_digital_phase_accumulator_with_modulo_wrap/forms/bugfix
vbr1_l1_digital_phase_accumulator_with_modulo_wrap,e2e,L1,PLL / Clock / Event Timing,Digital phase accumulator with modulo wrap,selected_l1_addition,phase_accumulator_timer_wrap_smoke,pass,pass,pass,pass,certified,none,,False,0,0,True,True,benchmark-vabench-release-v1/evidence/dual/vbr1_l1_digital_phase_accumulator_with_modulo_wrap/e2e/evidence.json,benchmark-vabench-release-v1/tasks/vbr1_l1_digital_phase_accumulator_with_modulo_wrap/forms/e2e
vbr1_l1_dither_or_noise_like_deterministic_source,dut,L1,Stimulus and Sources,Dither or noise-like deterministic source,selected_l1_addition,vbr1_l1_dither_or_noise_like_deterministic_source_dut,pass,pass,pass,pass,certified,none,,False,0,0,True,True,benchmark-vabench-release-v1/evidence/dual/vbr1_l1_dither_or_noise_like_deterministic_source/dut/evidence.json,benchmark-vabench-release-v1/tasks/vbr1_l1_dither_or_noise_like_deterministic_source/forms/dut
vbr1_l1_dither_or_noise_like_deterministic_source,tb,L1,Stimulus and Sources,Dither or noise-like deterministic source,selected_l1_addition,vbr1_l1_dither_or_noise_like_deterministic_source_tb,pass,pass,pass,pass,certified,none,,False,0,0,True,True,benchmark-vabench-release-v1/evidence/dual/vbr1_l1_dither_or_noise_like_deterministic_source/tb/evidence.json,benchmark-vabench-release-v1/tasks/vbr1_l1_dither_or_noise_like_deterministic_source/forms/tb
vbr1_l1_dither_or_noise_like_deterministic_source,e2e,L1,Stimulus and Sources,Dither or noise-like deterministic source,selected_l1_addition,noise_gen_smoke,pass,pass,pass,pass,certified,none,,False,0,0,True,True,benchmark-vabench-release-v1/evidence/dual/vbr1_l1_dither_or_noise_like_deterministic_source/e2e/evidence.json,benchmark-vabench-release-v1/tasks/vbr1_l1_dither_or_noise_like_deterministic_source/forms/e2e
vbr1_l1_dwa_dem_encoder,dut,L1,"Calibration, DEM, and Control",DWA/DEM encoder,selected_l1_addition,vbr1_l1_dwa_dem_encoder_dut,pass,pass,pass,pass,certified,none,,False,0,0,True,True,benchmark-vabench-release-v1/evidence/dual/vbr1_l1_dwa_dem_encoder/dut/evidence.json,benchmark-vabench-release-v1/tasks/vbr1_l1_dwa_dem_encoder/forms/dut
vbr1_l1_dwa_dem_encoder,tb,L1,"Calibration, DEM, and Control",DWA/DEM encoder,selected_l1_addition,vbr1_l1_dwa_dem_encoder_tb,pass,pass,pass,pass,certified,none,,False,0,0,True,True,benchmark-vabench-release-v1/evidence/dual/vbr1_l1_dwa_dem_encoder/tb/evidence.json,benchmark-vabench-release-v1/tasks/vbr1_l1_dwa_dem_encoder/forms/tb
vbr1_l1_dwa_dem_encoder,bugfix,L1,"Calibration, DEM, and Control",DWA/DEM encoder,selected_l1_addition,vbr1_l1_dwa_dem_encoder_bugfix,pass,pass,pass,pass,certified,none,,False,0,0,True,True,benchmark-vabench-release-v1/evidence/dual/vbr1_l1_dwa_dem_encoder/bugfix/evidence.json,benchmark-vabench-release-v1/tasks/vbr1_l1_dwa_dem_encoder/forms/bugfix
vbr1_l1_dwa_dem_encoder,e2e,L1,"Calibration, DEM, and Control",DWA/DEM encoder,selected_l1_addition,dwa_ptr_gen_smoke,pass,pass,pass,pass,certified,none,,False,0,0,True,True,benchmark-vabench-release-v1/evidence/dual/vbr1_l1_dwa_dem_encoder/e2e/evidence.json,benchmark-vabench-release-v1/tasks/vbr1_l1_dwa_dem_encoder/forms/e2e
vbr1_l1_edge_detector,dut,L1,Digital and Event-Driven Logic,Edge detector,current_l1_seed,vbm1_edge_detector_dut,pass,pass,pass,pass,certified,none,,False,0,0,True,True,benchmark-vabench-release-v1/evidence/dual/vbr1_l1_edge_detector/dut/evidence.json,benchmark-vabench-release-v1/tasks/vbr1_l1_edge_detector/forms/dut
vbr1_l1_edge_detector,tb,L1,Digital and Event-Driven Logic,Edge detector,current_l1_seed,vbm1_edge_detector_tb,pass,pass,pass,pass,certified,none,,False,0,0,True,True,benchmark-vabench-release-v1/evidence/dual/vbr1_l1_edge_detector/tb/evidence.json,benchmark-vabench-release-v1/tasks/vbr1_l1_edge_detector/forms/tb
vbr1_l1_edge_detector,bugfix,L1,Digital and Event-Driven Logic,Edge detector,current_l1_seed,vbm1_edge_detector_bugfix,pass,pass,pass,pass,certified,none,,False,0,0,True,True,benchmark-vabench-release-v1/evidence/dual/vbr1_l1_edge_detector/bugfix/evidence.json,benchmark-vabench-release-v1/tasks/vbr1_l1_edge_detector/forms/bugfix
vbr1_l1_edge_detector,e2e,L1,Digital and Event-Driven Logic,Edge detector,current_l1_seed,vbm1_edge_detector_e2e,pass,pass,pass,pass,certified,none,,False,0,0,True,True,benchmark-vabench-release-v1/evidence/dual/vbr1_l1_edge_detector/e2e/evidence.json,benchmark-vabench-release-v1/tasks/vbr1_l1_edge_detector/forms/e2e
vbr1_l1_edge_interval_timer,tb,L1,Measurement and Testbench Instrumentation,Edge interval timer,selected_l1_addition,vbr1_l1_edge_interval_timer_tb,pass,pass,pass,pass,certified,none,,False,0,0,True,True,benchmark-vabench-release-v1/evidence/dual/vbr1_l1_edge_interval_timer/tb/evidence.json,benchmark-vabench-release-v1/tasks/vbr1_l1_edge_interval_timer/forms/tb
vbr1_l1_edge_interval_timer,e2e,L1,Measurement and Testbench Instrumentation,Edge interval timer,selected_l1_addition,cross_interval_163p333_smoke,pass,pass,pass,pass,certified,none,,False,0,0,True,True,benchmark-vabench-release-v1/evidence/dual/vbr1_l1_edge_interval_timer/e2e/evidence.json,benchmark-vabench-release-v1/tasks/vbr1_l1_edge_interval_timer/forms/e2e
vbr1_l1_element_shuffler,dut,L1,"Calibration, DEM, and Control",Element shuffler,current_l1_seed,vbm1_element_shuffler_dut,pass,pass,pass,pass,certified,none,,False,0,0,True,True,benchmark-vabench-release-v1/evidence/dual/vbr1_l1_element_shuffler/dut/evidence.json,benchmark-vabench-release-v1/tasks/vbr1_l1_element_shuffler/forms/dut
vbr1_l1_element_shuffler,tb,L1,"Calibration, DEM, and Control",Element shuffler,current_l1_seed,vbm1_element_shuffler_tb,pass,pass,pass,pass,certified,none,,False,0,0,True,True,benchmark-vabench-release-v1/evidence/dual/vbr1_l1_element_shuffler/tb/evidence.json,benchmark-vabench-release-v1/tasks/vbr1_l1_element_shuffler/forms/tb
vbr1_l1_element_shuffler,bugfix,L1,"Calibration, DEM, and Control",Element shuffler,current_l1_seed,vbm1_element_shuffler_bugfix,pass,pass,pass,pass,certified,none,,False,0,0,True,True,benchmark-vabench-release-v1/evidence/dual/vbr1_l1_element_shuffler/bugfix/evidence.json,benchmark-vabench-release-v1/tasks/vbr1_l1_element_shuffler/forms/bugfix
vbr1_l1_element_shuffler,e2e,L1,"Calibration, DEM, and Control",Element shuffler,current_l1_seed,vbm1_element_shuffler_e2e,pass,pass,pass,pass,certified,none,,False,0,0,True,True,benchmark-vabench-release-v1/evidence/dual/vbr1_l1_element_shuffler/e2e/evidence.json,benchmark-vabench-release-v1/tasks/vbr1_l1_element_shuffler/forms/e2e
vbr1_l1_event_pulse_stretcher,dut,L1,Digital and Event-Driven Logic,Retriggerable one-shot pulse stretcher,selected_l1_addition,vbr1_l1_event_pulse_stretcher_dut,pass,pass,pass,pass,certified,none,,False,0,0,True,True,benchmark-vabench-release-v1/evidence/dual/vbr1_l1_event_pulse_stretcher/dut/evidence.json,benchmark-vabench-release-v1/tasks/vbr1_l1_event_pulse_stretcher/forms/dut
vbr1_l1_event_pulse_stretcher,tb,L1,Digital and Event-Driven Logic,Retriggerable one-shot pulse stretcher,selected_l1_addition,vbr1_l1_event_pulse_stretcher_tb,pass,pass,pass,pass,certified,none,,False,0,0,True,True,benchmark-vabench-release-v1/evidence/dual/vbr1_l1_event_pulse_stretcher/tb/evidence.json,benchmark-vabench-release-v1/tasks/vbr1_l1_event_pulse_stretcher/forms/tb
vbr1_l1_event_pulse_stretcher,bugfix,L1,Digital and Event-Driven Logic,Retriggerable one-shot pulse stretcher,selected_l1_addition,vbr1_l1_event_pulse_stretcher_bugfix,pass,pass,pass,pass,certified,none,,False,0,0,True,True,benchmark-vabench-release-v1/evidence/dual/vbr1_l1_event_pulse_stretcher/bugfix/evidence.json,benchmark-vabench-release-v1/tasks/vbr1_l1_event_pulse_stretcher/forms/bugfix
vbr1_l1_event_pulse_stretcher,e2e,L1,Digital and Event-Driven Logic,Retriggerable one-shot pulse stretcher,selected_l1_addition,vbr1_l1_event_pulse_stretcher_e2e,pass,pass,pass,pass,certified,none,,False,0,0,True,True,benchmark-vabench-release-v1/evidence/dual/vbr1_l1_event_pulse_stretcher/e2e/evidence.json,benchmark-vabench-release-v1/tasks/vbr1_l1_event_pulse_stretcher/forms/e2e
vbr1_l1_first_order_lowpass,dut,L1,Analog Behavioral Signal Conditioning,First-order lowpass,current_l1_seed,vbm1_first_order_lowpass_dut,pass,pass,pass,pass,certified,none,,False,0,0,True,True,benchmark-vabench-release-v1/evidence/dual/vbr1_l1_first_order_lowpass/dut/evidence.json,benchmark-vabench-release-v1/tasks/vbr1_l1_first_order_lowpass/forms/dut
vbr1_l1_first_order_lowpass,tb,L1,Analog Behavioral Signal Conditioning,First-order lowpass,current_l1_seed,vbm1_first_order_lowpass_tb,pass,pass,pass,pass,certified,none,,False,0,0,True,True,benchmark-vabench-release-v1/evidence/dual/vbr1_l1_first_order_lowpass/tb/evidence.json,benchmark-vabench-release-v1/tasks/vbr1_l1_first_order_lowpass/forms/tb
vbr1_l1_first_order_lowpass,bugfix,L1,Analog Behavioral Signal Conditioning,First-order lowpass,current_l1_seed,vbm1_first_order_lowpass_bugfix,pass,pass,pass,pass,certified,none,,False,0,0,True,True,benchmark-vabench-release-v1/evidence/dual/vbr1_l1_first_order_lowpass/bugfix/evidence.json,benchmark-vabench-release-v1/tasks/vbr1_l1_first_order_lowpass/forms/bugfix
vbr1_l1_first_order_lowpass,e2e,L1,Analog Behavioral Signal Conditioning,First-order lowpass,current_l1_seed,vbm1_first_order_lowpass_e2e,pass,pass,pass,pass,certified,none,,False,0,0,True,True,benchmark-vabench-release-v1/evidence/dual/vbr1_l1_first_order_lowpass/e2e/evidence.json,benchmark-vabench-release-v1/tasks/vbr1_l1_first_order_lowpass/forms/e2e
vbr1_l1_gain_estimator,tb,L1,Measurement and Testbench Instrumentation,Gain estimator,selected_l1_addition,vbr1_l1_gain_estimator_tb,pass,pass,pass,pass,certified,none,,False,0,0,True,True,benchmark-vabench-release-v1/evidence/dual/vbr1_l1_gain_estimator/tb/evidence.json,benchmark-vabench-release-v1/tasks/vbr1_l1_gain_estimator/forms/tb
vbr1_l1_gain_estimator,e2e,L1,Measurement and Testbench Instrumentation,Gain estimator,selected_l1_addition,gain_extraction_smoke,pass,pass,pass,pass,certified,none,,False,0,0,True,True,benchmark-vabench-release-v1/evidence/dual/vbr1_l1_gain_estimator/e2e/evidence.json,benchmark-vabench-release-v1/tasks/vbr1_l1_gain_estimator/forms/e2e
vbr1_l1_gain_trim_controller,dut,L1,"Calibration, DEM, and Control",Gain trim controller,current_l1_seed,vbm1_gain_trim_controller_dut,pass,pass,pass,pass,certified,none,,False,0,0,True,True,benchmark-vabench-release-v1/evidence/dual/vbr1_l1_gain_trim_controller/dut/evidence.json,benchmark-vabench-release-v1/tasks/vbr1_l1_gain_trim_controller/forms/dut
vbr1_l1_gain_trim_controller,tb,L1,"Calibration, DEM, and Control",Gain trim controller,current_l1_seed,vbm1_gain_trim_controller_tb,pass,pass,pass,pass,certified,none,,False,0,0,True,True,benchmark-vabench-release-v1/evidence/dual/vbr1_l1_gain_trim_controller/tb/evidence.json,benchmark-vabench-release-v1/tasks/vbr1_l1_gain_trim_controller/forms/tb
vbr1_l1_gain_trim_controller,bugfix,L1,"Calibration, DEM, and Control",Gain trim controller,current_l1_seed,vbm1_gain_trim_controller_bugfix,pass,pass,pass,pass,certified,none,,False,0,0,True,True,benchmark-vabench-release-v1/evidence/dual/vbr1_l1_gain_trim_controller/bugfix/evidence.json,benchmark-vabench-release-v1/tasks/vbr1_l1_gain_trim_controller/forms/bugfix
vbr1_l1_gain_trim_controller,e2e,L1,"Calibration, DEM, and Control",Gain trim controller,current_l1_seed,vbm1_gain_trim_controller_e2e,pass,pass,pass,pass,certified,none,,False,0,0,True,True,benchmark-vabench-release-v1/evidence/dual/vbr1_l1_gain_trim_controller/e2e/evidence.json,benchmark-vabench-release-v1/tasks/vbr1_l1_gain_trim_controller/forms/e2e
vbr1_l1_higher_order_filter,dut,L1,Analog Behavioral Signal Conditioning,Higher-order filter,selected_l1_addition,vbr1_l1_higher_order_filter_dut,pass,pass,pass,pass,certified,none,,False,0,0,True,True,benchmark-vabench-release-v1/evidence/dual/vbr1_l1_higher_order_filter/dut/evidence.json,benchmark-vabench-release-v1/tasks/vbr1_l1_higher_order_filter/forms/dut
vbr1_l1_higher_order_filter,tb,L1,Analog Behavioral Signal Conditioning,Higher-order filter,selected_l1_addition,vbr1_l1_higher_order_filter_tb,pass,pass,pass,pass,certified,none,,False,0,0,True,True,benchmark-vabench-release-v1/evidence/dual/vbr1_l1_higher_order_filter/tb/evidence.json,benchmark-vabench-release-v1/tasks/vbr1_l1_higher_order_filter/forms/tb
vbr1_l1_higher_order_filter,bugfix,L1,Analog Behavioral Signal Conditioning,Higher-order filter,selected_l1_addition,vbr1_l1_higher_order_filter_bugfix,pass,pass,pass,pass,certified,none,,False,0,0,True,True,benchmark-vabench-release-v1/evidence/dual/vbr1_l1_higher_order_filter/bugfix/evidence.json,benchmark-vabench-release-v1/tasks/vbr1_l1_higher_order_filter/forms/bugfix
vbr1_l1_higher_order_filter,e2e,L1,Analog Behavioral Signal Conditioning,Higher-order filter,selected_l1_addition,vbr1_l1_higher_order_filter_e2e,pass,pass,pass,pass,certified,none,,False,0,0,True,True,benchmark-vabench-release-v1/evidence/dual/vbr1_l1_higher_order_filter/e2e/evidence.json,benchmark-vabench-release-v1/tasks/vbr1_l1_higher_order_filter/forms/e2e
vbr1_l1_hysteresis_comparator,dut,L1,Comparators and Decision Circuits,Hysteresis comparator,selected_l1_addition,vbr1_l1_hysteresis_comparator_dut,pass,pass,pass,pass,certified,none,,False,0,0,True,True,benchmark-vabench-release-v1/evidence/dual/vbr1_l1_hysteresis_comparator/dut/evidence.json,benchmark-vabench-release-v1/tasks/vbr1_l1_hysteresis_comparator/forms/dut
vbr1_l1_hysteresis_comparator,tb,L1,Comparators and Decision Circuits,Hysteresis comparator,selected_l1_addition,vbr1_l1_hysteresis_comparator_tb,pass,pass,pass,pass,certified,none,,False,0,0,True,True,benchmark-vabench-release-v1/evidence/dual/vbr1_l1_hysteresis_comparator/tb/evidence.json,benchmark-vabench-release-v1/tasks/vbr1_l1_hysteresis_comparator/forms/tb
vbr1_l1_hysteresis_comparator,bugfix,L1,Comparators and Decision Circuits,Hysteresis comparator,selected_l1_addition,vbr1_l1_hysteresis_comparator_bugfix,pass,pass,pass,pass,certified,none,,False,0,0,True,True,benchmark-vabench-release-v1/evidence/dual/vbr1_l1_hysteresis_comparator/bugfix/evidence.json,benchmark-vabench-release-v1/tasks/vbr1_l1_hysteresis_comparator/forms/bugfix
vbr1_l1_hysteresis_comparator,e2e,L1,Comparators and Decision Circuits,Hysteresis comparator,selected_l1_addition,comparator_hysteresis_smoke,pass,pass,pass,pass,certified,none,,False,0,0,True,True,benchmark-vabench-release-v1/evidence/dual/vbr1_l1_hysteresis_comparator/e2e/evidence.json,benchmark-vabench-release-v1/tasks/vbr1_l1_hysteresis_comparator/forms/e2e
vbr1_l1_lfsr_prbs_generator,dut,L1,Digital and Event-Driven Logic,LFSR/PRBS generator,selected_l1_addition,prbs7,pass,pass,pass,pass,certified,none,,False,0,0,True,True,benchmark-vabench-release-v1/evidence/dual/vbr1_l1_lfsr_prbs_generator/dut/evidence.json,benchmark-vabench-release-v1/tasks/vbr1_l1_lfsr_prbs_generator/forms/dut
vbr1_l1_lfsr_prbs_generator,tb,L1,Digital and Event-Driven Logic,LFSR/PRBS generator,selected_l1_addition,vbr1_l1_lfsr_prbs_generator_tb,pass,pass,pass,pass,certified,none,,False,0,0,True,True,benchmark-vabench-release-v1/evidence/dual/vbr1_l1_lfsr_prbs_generator/tb/evidence.json,benchmark-vabench-release-v1/tasks/vbr1_l1_lfsr_prbs_generator/forms/tb
vbr1_l1_lfsr_prbs_generator,bugfix,L1,Digital and Event-Driven Logic,LFSR/PRBS generator,selected_l1_addition,vbr1_l1_lfsr_prbs_generator_bugfix,pass,pass,pass,pass,certified,none,,False,0,0,True,True,benchmark-vabench-release-v1/evidence/dual/vbr1_l1_lfsr_prbs_generator/bugfix/evidence.json,benchmark-vabench-release-v1/tasks/vbr1_l1_lfsr_prbs_generator/forms/bugfix
vbr1_l1_lfsr_prbs_generator,e2e,L1,Digital and Event-Driven Logic,LFSR/PRBS generator,selected_l1_addition,lfsr_smoke,pass,pass,pass,pass,certified,none,,False,0,0,True,True,benchmark-vabench-release-v1/evidence/dual/vbr1_l1_lfsr_prbs_generator/e2e/evidence.json,benchmark-vabench-release-v1/tasks/vbr1_l1_lfsr_prbs_generator/forms/e2e
vbr1_l1_lock_detector,dut,L1,PLL / Clock / Event Timing,Lock detector,current_l1_seed,vbm1_lock_detector_dut,pass,pass,pass,pass,certified,none,,False,0,0,True,True,benchmark-vabench-release-v1/evidence/dual/vbr1_l1_lock_detector/dut/evidence.json,benchmark-vabench-release-v1/tasks/vbr1_l1_lock_detector/forms/dut
vbr1_l1_lock_detector,tb,L1,PLL / Clock / Event Timing,Lock detector,current_l1_seed,vbm1_lock_detector_tb,pass,pass,pass,pass,certified,none,,False,0,0,True,True,benchmark-vabench-release-v1/evidence/dual/vbr1_l1_lock_detector/tb/evidence.json,benchmark-vabench-release-v1/tasks/vbr1_l1_lock_detector/forms/tb
vbr1_l1_lock_detector,bugfix,L1,PLL / Clock / Event Timing,Lock detector,current_l1_seed,vbm1_lock_detector_bugfix,pass,pass,pass,pass,certified,none,,False,0,0,True,True,benchmark-vabench-release-v1/evidence/dual/vbr1_l1_lock_detector/bugfix/evidence.json,benchmark-vabench-release-v1/tasks/vbr1_l1_lock_detector/forms/bugfix
vbr1_l1_lock_detector,e2e,L1,PLL / Clock / Event Timing,Lock detector,current_l1_seed,vbm1_lock_detector_e2e,pass,pass,pass,pass,certified,none,,False,0,0,True,True,benchmark-vabench-release-v1/evidence/dual/vbr1_l1_lock_detector/e2e/evidence.json,benchmark-vabench-release-v1/tasks/vbr1_l1_lock_detector/forms/e2e
vbr1_l1_loop_filter_abstraction,dut,L1,PLL / Clock / Event Timing,Sampled loop-filter abstraction,selected_l1_addition,vbr1_l1_loop_filter_abstraction_dut,pass,pass,pass,pass,certified,none,,False,0,0,True,True,benchmark-vabench-release-v1/evidence/dual/vbr1_l1_loop_filter_abstraction/dut/evidence.json,benchmark-vabench-release-v1/tasks/vbr1_l1_loop_filter_abstraction/forms/dut
vbr1_l1_loop_filter_abstraction,tb,L1,PLL / Clock / Event Timing,Sampled loop-filter abstraction,selected_l1_addition,vbr1_l1_loop_filter_abstraction_tb,pass,pass,pass,pass,certified,none,,False,0,0,True,True,benchmark-vabench-release-v1/evidence/dual/vbr1_l1_loop_filter_abstraction/tb/evidence.json,benchmark-vabench-release-v1/tasks/vbr1_l1_loop_filter_abstraction/forms/tb
vbr1_l1_loop_filter_abstraction,bugfix,L1,PLL / Clock / Event Timing,Sampled loop-filter abstraction,selected_l1_addition,vbr1_l1_loop_filter_abstraction_bugfix,pass,pass,pass,pass,certified,none,,False,0,0,True,True,benchmark-vabench-release-v1/evidence/dual/vbr1_l1_loop_filter_abstraction/bugfix/evidence.json,benchmark-vabench-release-v1/tasks/vbr1_l1_loop_filter_abstraction/forms/bugfix
vbr1_l1_loop_filter_abstraction,e2e,L1,PLL / Clock / Event Timing,Sampled loop-filter abstraction,selected_l1_addition,vbr1_l1_loop_filter_abstraction_e2e,pass,pass,pass,pass,certified,none,,False,0,0,True,True,benchmark-vabench-release-v1/evidence/dual/vbr1_l1_loop_filter_abstraction/e2e/evidence.json,benchmark-vabench-release-v1/tasks/vbr1_l1_loop_filter_abstraction/forms/e2e
vbr1_l1_offset_comparator,dut,L1,Comparators and Decision Circuits,Offset comparator,current_l1_seed,vbm1_offset_comparator_dut,pass,pass,pass,pass,certified,none,,False,0,0,True,True,benchmark-vabench-release-v1/evidence/dual/vbr1_l1_offset_comparator/dut/evidence.json,benchmark-vabench-release-v1/tasks/vbr1_l1_offset_comparator/forms/dut
vbr1_l1_offset_comparator,tb,L1,Comparators and Decision Circuits,Offset comparator,current_l1_seed,vbm1_offset_comparator_tb,pass,pass,pass,pass,certified,none,,False,0,0,True,True,benchmark-vabench-release-v1/evidence/dual/vbr1_l1_offset_comparator/tb/evidence.json,benchmark-vabench-release-v1/tasks/vbr1_l1_offset_comparator/forms/tb
vbr1_l1_offset_comparator,bugfix,L1,Comparators and Decision Circuits,Offset comparator,current_l1_seed,vbm1_offset_comparator_bugfix,pass,pass,pass,pass,certified,none,,False,0,0,True,True,benchmark-vabench-release-v1/evidence/dual/vbr1_l1_offset_comparator/bugfix/evidence.json,benchmark-vabench-release-v1/tasks/vbr1_l1_offset_comparator/forms/bugfix
vbr1_l1_offset_comparator,e2e,L1,Comparators and Decision Circuits,Offset comparator,current_l1_seed,vbm1_offset_comparator_e2e,pass,pass,pass,pass,certified,none,,False,0,0,True,True,benchmark-vabench-release-v1/evidence/dual/vbr1_l1_offset_comparator/e2e/evidence.json,benchmark-vabench-release-v1/tasks/vbr1_l1_offset_comparator/forms/e2e
vbr1_l1_one_shot_timer,dut,L1,Digital and Event-Driven Logic,One-shot timer,current_l1_seed,vbm1_one_shot_timer_dut,pass,pass,pass,pass,certified,none,,False,0,0,True,True,benchmark-vabench-release-v1/evidence/dual/vbr1_l1_one_shot_timer/dut/evidence.json,benchmark-vabench-release-v1/tasks/vbr1_l1_one_shot_timer/forms/dut
vbr1_l1_one_shot_timer,tb,L1,Digital and Event-Driven Logic,One-shot timer,current_l1_seed,vbm1_one_shot_timer_tb,pass,pass,pass,pass,certified,none,,False,0,0,True,True,benchmark-vabench-release-v1/evidence/dual/vbr1_l1_one_shot_timer/tb/evidence.json,benchmark-vabench-release-v1/tasks/vbr1_l1_one_shot_timer/forms/tb
vbr1_l1_one_shot_timer,bugfix,L1,Digital and Event-Driven Logic,One-shot timer,current_l1_seed,vbm1_one_shot_timer_bugfix,pass,pass,pass,pass,certified,none,,False,0,0,True,True,benchmark-vabench-release-v1/evidence/dual/vbr1_l1_one_shot_timer/bugfix/evidence.json,benchmark-vabench-release-v1/tasks/vbr1_l1_one_shot_timer/forms/bugfix
vbr1_l1_one_shot_timer,e2e,L1,Digital and Event-Driven Logic,One-shot timer,current_l1_seed,vbm1_one_shot_timer_e2e,pass,pass,pass,pass,certified,none,,False,0,0,True,True,benchmark-vabench-release-v1/evidence/dual/vbr1_l1_one_shot_timer/e2e/evidence.json,benchmark-vabench-release-v1/tasks/vbr1_l1_one_shot_timer/forms/e2e
vbr1_l1_peak_detector,dut,L1,Measurement and Testbench Instrumentation,Peak detector,current_l1_seed,vbm1_peak_detector_dut,pass,pass,pass,pass,certified,none,,False,0,0,True,True,benchmark-vabench-release-v1/evidence/dual/vbr1_l1_peak_detector/dut/evidence.json,benchmark-vabench-release-v1/tasks/vbr1_l1_peak_detector/forms/dut
vbr1_l1_peak_detector,tb,L1,Measurement and Testbench Instrumentation,Peak detector,current_l1_seed,vbm1_peak_detector_tb,pass,pass,pass,pass,certified,none,,False,0,0,True,True,benchmark-vabench-release-v1/evidence/dual/vbr1_l1_peak_detector/tb/evidence.json,benchmark-vabench-release-v1/tasks/vbr1_l1_peak_detector/forms/tb
vbr1_l1_peak_detector,bugfix,L1,Measurement and Testbench Instrumentation,Peak detector,current_l1_seed,vbm1_peak_detector_bugfix,pass,pass,pass,pass,certified,none,,False,0,0,True,True,benchmark-vabench-release-v1/evidence/dual/vbr1_l1_peak_detector/bugfix/evidence.json,benchmark-vabench-release-v1/tasks/vbr1_l1_peak_detector/forms/bugfix
vbr1_l1_peak_detector,e2e,L1,Measurement and Testbench Instrumentation,Peak detector,current_l1_seed,vbm1_peak_detector_e2e,pass,pass,pass,pass,certified,none,,False,0,0,True,True,benchmark-vabench-release-v1/evidence/dual/vbr1_l1_peak_detector/e2e/evidence.json,benchmark-vabench-release-v1/tasks/vbr1_l1_peak_detector/forms/e2e
vbr1_l1_pfd_small_phase_error_response,dut,L1,PLL / Clock / Event Timing,PFD small phase-error response,selected_l1_addition,vbm1_pfd_small_phase_error_response_dut,pass,pass,pass,pass,certified,none,,False,0,0,True,True,benchmark-vabench-release-v1/evidence/dual/vbr1_l1_pfd_small_phase_error_response/dut/evidence.json,benchmark-vabench-release-v1/tasks/vbr1_l1_pfd_small_phase_error_response/forms/dut
vbr1_l1_pfd_small_phase_error_response,tb,L1,PLL / Clock / Event Timing,PFD small phase-error response,selected_l1_addition,vbr1_l1_pfd_small_phase_error_response_tb,pass,pass,pass,pass,certified,none,,False,0,0,True,True,benchmark-vabench-release-v1/evidence/dual/vbr1_l1_pfd_small_phase_error_response/tb/evidence.json,benchmark-vabench-release-v1/tasks/vbr1_l1_pfd_small_phase_error_response/forms/tb
vbr1_l1_pfd_small_phase_error_response,bugfix,L1,PLL / Clock / Event Timing,PFD small phase-error response,selected_l1_addition,vbr1_l1_pfd_small_phase_error_response_bugfix,pass,pass,pass,pass,certified,none,,False,0,0,True,True,benchmark-vabench-release-v1/evidence/dual/vbr1_l1_pfd_small_phase_error_response/bugfix/evidence.json,benchmark-vabench-release-v1/tasks/vbr1_l1_pfd_small_phase_error_response/forms/bugfix
vbr1_l1_pfd_small_phase_error_response,e2e,L1,PLL / Clock / Event Timing,PFD small phase-error response,selected_l1_addition,pfd_small_phase_response_smoke,pass,pass,pass,pass,certified,none,,False,0,0,True,True,benchmark-vabench-release-v1/evidence/dual/vbr1_l1_pfd_small_phase_error_response/e2e/evidence.json,benchmark-vabench-release-v1/tasks/vbr1_l1_pfd_small_phase_error_response/forms/e2e
vbr1_l1_pfd_up_dn_logic,dut,L1,PLL / Clock / Event Timing,PFD UP/DN logic,current_l1_seed,vbm1_pfd_reset_race_dut,pass,pass,pass,pass,certified,none,,False,0,0,True,True,benchmark-vabench-release-v1/evidence/dual/vbr1_l1_pfd_up_dn_logic/dut/evidence.json,benchmark-vabench-release-v1/tasks/vbr1_l1_pfd_up_dn_logic/forms/dut
vbr1_l1_pfd_up_dn_logic,tb,L1,PLL / Clock / Event Timing,PFD UP/DN logic,current_l1_seed,vbm1_pfd_reset_race_tb,pass,pass,pass,pass,certified,none,,False,0,0,True,True,benchmark-vabench-release-v1/evidence/dual/vbr1_l1_pfd_up_dn_logic/tb/evidence.json,benchmark-vabench-release-v1/tasks/vbr1_l1_pfd_up_dn_logic/forms/tb
vbr1_l1_pfd_up_dn_logic,bugfix,L1,PLL / Clock / Event Timing,PFD UP/DN logic,current_l1_seed,vbm1_pfd_reset_race_bugfix,pass,pass,pass,pass,certified,none,,False,0,0,True,True,benchmark-vabench-release-v1/evidence/dual/vbr1_l1_pfd_up_dn_logic/bugfix/evidence.json,benchmark-vabench-release-v1/tasks/vbr1_l1_pfd_up_dn_logic/forms/bugfix
vbr1_l1_pfd_up_dn_logic,e2e,L1,PLL / Clock / Event Timing,PFD UP/DN logic,current_l1_seed,vbm1_pfd_reset_race_e2e,pass,pass,pass,pass,certified,none,,False,0,0,True,True,benchmark-vabench-release-v1/evidence/dual/vbr1_l1_pfd_up_dn_logic/e2e/evidence.json,benchmark-vabench-release-v1/tasks/vbr1_l1_pfd_up_dn_logic/forms/e2e
vbr1_l1_precision_rectifier,dut,L1,Analog Behavioral Signal Conditioning,Precision rectifier,current_l1_seed,vbm1_precision_rectifier_dut,pass,pass,pass,pass,certified,none,,False,0,0,True,True,benchmark-vabench-release-v1/evidence/dual/vbr1_l1_precision_rectifier/dut/evidence.json,benchmark-vabench-release-v1/tasks/vbr1_l1_precision_rectifier/forms/dut
vbr1_l1_precision_rectifier,tb,L1,Analog Behavioral Signal Conditioning,Precision rectifier,current_l1_seed,vbm1_precision_rectifier_tb,pass,pass,pass,pass,certified,none,,False,0,0,True,True,benchmark-vabench-release-v1/evidence/dual/vbr1_l1_precision_rectifier/tb/evidence.json,benchmark-vabench-release-v1/tasks/vbr1_l1_precision_rectifier/forms/tb
vbr1_l1_precision_rectifier,bugfix,L1,Analog Behavioral Signal Conditioning,Precision rectifier,current_l1_seed,vbm1_precision_rectifier_bugfix,pass,pass,pass,pass,certified,none,,False,0,0,True,True,benchmark-vabench-release-v1/evidence/dual/vbr1_l1_precision_rectifier/bugfix/evidence.json,benchmark-vabench-release-v1/tasks/vbr1_l1_precision_rectifier/forms/bugfix
vbr1_l1_precision_rectifier,e2e,L1,Analog Behavioral Signal Conditioning,Precision rectifier,current_l1_seed,vbm1_precision_rectifier_e2e,pass,pass,pass,pass,certified,none,,False,0,0,True,True,benchmark-vabench-release-v1/evidence/dual/vbr1_l1_precision_rectifier/e2e/evidence.json,benchmark-vabench-release-v1/tasks/vbr1_l1_precision_rectifier/forms/e2e
vbr1_l1_propagation_delay_comparator,dut,L1,Comparators and Decision Circuits,Propagation-delay comparator,selected_l1_addition,vbr1_l1_propagation_delay_comparator_dut,pass,pass,pass,pass,certified,none,,False,0,0,True,True,benchmark-vabench-release-v1/evidence/dual/vbr1_l1_propagation_delay_comparator/dut/evidence.json,benchmark-vabench-release-v1/tasks/vbr1_l1_propagation_delay_comparator/forms/dut
vbr1_l1_propagation_delay_comparator,tb,L1,Comparators and Decision Circuits,Propagation-delay comparator,selected_l1_addition,vbr1_l1_propagation_delay_comparator_tb,pass,pass,pass,pass,certified,none,,False,0,0,True,True,benchmark-vabench-release-v1/evidence/dual/vbr1_l1_propagation_delay_comparator/tb/evidence.json,benchmark-vabench-release-v1/tasks/vbr1_l1_propagation_delay_comparator/forms/tb
vbr1_l1_propagation_delay_comparator,bugfix,L1,Comparators and Decision Circuits,Propagation-delay comparator,selected_l1_addition,vbr1_l1_propagation_delay_comparator_bugfix,pass,pass,pass,pass,certified,none,,False,0,0,True,True,benchmark-vabench-release-v1/evidence/dual/vbr1_l1_propagation_delay_comparator/bugfix/evidence.json,benchmark-vabench-release-v1/tasks/vbr1_l1_propagation_delay_comparator/forms/bugfix
vbr1_l1_propagation_delay_comparator,e2e,L1,Comparators and Decision Circuits,Propagation-delay comparator,selected_l1_addition,cmp_delay_smoke,pass,pass,pass,pass,certified,none,,False,0,0,True,True,benchmark-vabench-release-v1/evidence/dual/vbr1_l1_propagation_delay_comparator/e2e/evidence.json,benchmark-vabench-release-v1/tasks/vbr1_l1_propagation_delay_comparator/forms/e2e
vbr1_l1_ramp_or_step_source,dut,L1,Stimulus and Sources,Periodic phase-ramp guard source,selected_l1_addition,vbr1_l1_ramp_or_step_source_dut,pass,pass,pass,pass,certified,none,,False,0,0,True,True,benchmark-vabench-release-v1/evidence/dual/vbr1_l1_ramp_or_step_source/dut/evidence.json,benchmark-vabench-release-v1/tasks/vbr1_l1_ramp_or_step_source/forms/dut
vbr1_l1_ramp_or_step_source,tb,L1,Stimulus and Sources,Periodic phase-ramp guard source,selected_l1_addition,vbr1_l1_ramp_or_step_source_tb,pass,pass,pass,pass,certified,none,,False,0,0,True,True,benchmark-vabench-release-v1/evidence/dual/vbr1_l1_ramp_or_step_source/tb/evidence.json,benchmark-vabench-release-v1/tasks/vbr1_l1_ramp_or_step_source/forms/tb
vbr1_l1_ramp_or_step_source,e2e,L1,Stimulus and Sources,Periodic phase-ramp guard source,selected_l1_addition,bound_step_period_guard_smoke,pass,pass,pass,pass,certified,none,,False,0,0,True,True,benchmark-vabench-release-v1/evidence/dual/vbr1_l1_ramp_or_step_source/e2e/evidence.json,benchmark-vabench-release-v1/tasks/vbr1_l1_ramp_or_step_source/forms/e2e
vbr1_l1_resettable_integrator,dut,L1,Analog Behavioral Signal Conditioning,Resettable integrator,current_l1_seed,vbm1_resettable_integrator_dut,pass,pass,pass,pass,certified,none,,False,0,0,True,True,benchmark-vabench-release-v1/evidence/dual/vbr1_l1_resettable_integrator/dut/evidence.json,benchmark-vabench-release-v1/tasks/vbr1_l1_resettable_integrator/forms/dut
vbr1_l1_resettable_integrator,tb,L1,Analog Behavioral Signal Conditioning,Resettable integrator,current_l1_seed,vbm1_resettable_integrator_tb,pass,pass,pass,pass,certified,none,,False,0,0,True,True,benchmark-vabench-release-v1/evidence/dual/vbr1_l1_resettable_integrator/tb/evidence.json,benchmark-vabench-release-v1/tasks/vbr1_l1_resettable_integrator/forms/tb
vbr1_l1_resettable_integrator,bugfix,L1,Analog Behavioral Signal Conditioning,Resettable integrator,current_l1_seed,vbm1_resettable_integrator_bugfix,pass,pass,pass,pass,certified,none,,False,0,0,True,True,benchmark-vabench-release-v1/evidence/dual/vbr1_l1_resettable_integrator/bugfix/evidence.json,benchmark-vabench-release-v1/tasks/vbr1_l1_resettable_integrator/forms/bugfix
vbr1_l1_resettable_integrator,e2e,L1,Analog Behavioral Signal Conditioning,Resettable integrator,current_l1_seed,vbm1_resettable_integrator_e2e,pass,pass,pass,pass,certified,none,,False,0,0,True,True,benchmark-vabench-release-v1/evidence/dual/vbr1_l1_resettable_integrator/e2e/evidence.json,benchmark-vabench-release-v1/tasks/vbr1_l1_resettable_integrator/forms/e2e
vbr1_l1_rotating_dem_selector,dut,L1,"Calibration, DEM, and Control",Rotating DEM selector,current_l1_seed,vbm1_rotating_element_selector_dut,pass,pass,pass,pass,certified,none,,False,0,0,True,True,benchmark-vabench-release-v1/evidence/dual/vbr1_l1_rotating_dem_selector/dut/evidence.json,benchmark-vabench-release-v1/tasks/vbr1_l1_rotating_dem_selector/forms/dut
vbr1_l1_rotating_dem_selector,tb,L1,"Calibration, DEM, and Control",Rotating DEM selector,current_l1_seed,vbm1_rotating_element_selector_tb,pass,pass,pass,pass,certified,none,,False,0,0,True,True,benchmark-vabench-release-v1/evidence/dual/vbr1_l1_rotating_dem_selector/tb/evidence.json,benchmark-vabench-release-v1/tasks/vbr1_l1_rotating_dem_selector/forms/tb
vbr1_l1_rotating_dem_selector,bugfix,L1,"Calibration, DEM, and Control",Rotating DEM selector,current_l1_seed,vbm1_rotating_element_selector_bugfix,pass,pass,pass,pass,certified,none,,False,0,0,True,True,benchmark-vabench-release-v1/evidence/dual/vbr1_l1_rotating_dem_selector/bugfix/evidence.json,benchmark-vabench-release-v1/tasks/vbr1_l1_rotating_dem_selector/forms/bugfix
vbr1_l1_rotating_dem_selector,e2e,L1,"Calibration, DEM, and Control",Rotating DEM selector,current_l1_seed,vbm1_rotating_element_selector_e2e,pass,pass,pass,pass,certified,none,,False,0,0,True,True,benchmark-vabench-release-v1/evidence/dual/vbr1_l1_rotating_dem_selector/e2e/evidence.json,benchmark-vabench-release-v1/tasks/vbr1_l1_rotating_dem_selector/forms/e2e
vbr1_l1_sample_and_hold_with_droop_leakage,dut,L1,"Sample, Hold, and Analog Memory",Sample-and-hold with droop/leakage,current_l1_seed_with_review,vbm1_leaky_hold_dut,pass,pass,pass,pass,certified,none,,False,0,0,True,True,benchmark-vabench-release-v1/evidence/dual/vbr1_l1_sample_and_hold_with_droop_leakage/dut/evidence.json,benchmark-vabench-release-v1/tasks/vbr1_l1_sample_and_hold_with_droop_leakage/forms/dut
vbr1_l1_sample_and_hold_with_droop_leakage,tb,L1,"Sample, Hold, and Analog Memory",Sample-and-hold with droop/leakage,current_l1_seed_with_review,vbm1_leaky_hold_tb,pass,pass,pass,pass,certified,none,,False,0,0,True,True,benchmark-vabench-release-v1/evidence/dual/vbr1_l1_sample_and_hold_with_droop_leakage/tb/evidence.json,benchmark-vabench-release-v1/tasks/vbr1_l1_sample_and_hold_with_droop_leakage/forms/tb
vbr1_l1_sample_and_hold_with_droop_leakage,bugfix,L1,"Sample, Hold, and Analog Memory",Sample-and-hold with droop/leakage,current_l1_seed_with_review,vbm1_leaky_hold_bugfix,pass,pass,pass,pass,certified,none,,False,0,0,True,True,benchmark-vabench-release-v1/evidence/dual/vbr1_l1_sample_and_hold_with_droop_leakage/bugfix/evidence.json,benchmark-vabench-release-v1/tasks/vbr1_l1_sample_and_hold_with_droop_leakage/forms/bugfix
vbr1_l1_sample_and_hold_with_droop_leakage,e2e,L1,"Sample, Hold, and Analog Memory",Sample-and-hold with droop/leakage,current_l1_seed_with_review,vbm1_leaky_hold_e2e,pass,pass,pass,pass,certified,none,,False,0,0,True,True,benchmark-vabench-release-v1/evidence/dual/vbr1_l1_sample_and_hold_with_droop_leakage/e2e/evidence.json,benchmark-vabench-release-v1/tasks/vbr1_l1_sample_and_hold_with_droop_leakage/forms/e2e
vbr1_l1_sar_logic,dut,L1,Data Converters,SAR logic,current_l1_seed,vbm1_sar_logic_4b_dut,pass,pass,pass,pass,certified,none,,False,0,0,True,True,benchmark-vabench-release-v1/evidence/dual/vbr1_l1_sar_logic/dut/evidence.json,benchmark-vabench-release-v1/tasks/vbr1_l1_sar_logic/forms/dut
vbr1_l1_sar_logic,tb,L1,Data Converters,SAR logic,current_l1_seed,vbm1_sar_logic_4b_tb,pass,pass,pass,pass,certified,none,,False,0,0,True,True,benchmark-vabench-release-v1/evidence/dual/vbr1_l1_sar_logic/tb/evidence.json,benchmark-vabench-release-v1/tasks/vbr1_l1_sar_logic/forms/tb
vbr1_l1_sar_logic,bugfix,L1,Data Converters,SAR logic,current_l1_seed,vbm1_sar_logic_4b_bugfix,pass,pass,pass,pass,certified,none,,False,0,0,True,True,benchmark-vabench-release-v1/evidence/dual/vbr1_l1_sar_logic/bugfix/evidence.json,benchmark-vabench-release-v1/tasks/vbr1_l1_sar_logic/forms/bugfix
vbr1_l1_sar_logic,e2e,L1,Data Converters,SAR logic,current_l1_seed,vbm1_sar_logic_4b_e2e,pass,pass,pass,pass,certified,none,,False,0,0,True,True,benchmark-vabench-release-v1/evidence/dual/vbr1_l1_sar_logic/e2e/evidence.json,benchmark-vabench-release-v1/tasks/vbr1_l1_sar_logic/forms/e2e
vbr1_l1_segmented_dac,dut,L1,Data Converters,Segmented DAC,current_l1_seed,vbm1_segmented_dac_dut,pass,pass,pass,pass,certified,none,,False,0,0,True,True,benchmark-vabench-release-v1/evidence/dual/vbr1_l1_segmented_dac/dut/evidence.json,benchmark-vabench-release-v1/tasks/vbr1_l1_segmented_dac/forms/dut
vbr1_l1_segmented_dac,tb,L1,Data Converters,Segmented DAC,current_l1_seed,vbm1_segmented_dac_tb,pass,pass,pass,pass,certified,none,,False,0,0,True,True,benchmark-vabench-release-v1/evidence/dual/vbr1_l1_segmented_dac/tb/evidence.json,benchmark-vabench-release-v1/tasks/vbr1_l1_segmented_dac/forms/tb
vbr1_l1_segmented_dac,bugfix,L1,Data Converters,Segmented DAC,current_l1_seed,vbm1_segmented_dac_bugfix,pass,pass,pass,pass,certified,none,,False,0,0,True,True,benchmark-vabench-release-v1/evidence/dual/vbr1_l1_segmented_dac/bugfix/evidence.json,benchmark-vabench-release-v1/tasks/vbr1_l1_segmented_dac/forms/bugfix
vbr1_l1_segmented_dac,e2e,L1,Data Converters,Segmented DAC,current_l1_seed,vbm1_segmented_dac_e2e,pass,pass,pass,pass,certified,none,,False,0,0,True,True,benchmark-vabench-release-v1/evidence/dual/vbr1_l1_segmented_dac/e2e/evidence.json,benchmark-vabench-release-v1/tasks/vbr1_l1_segmented_dac/forms/e2e
vbr1_l1_serializer_frame_aligner,dut,L1,Digital and Event-Driven Logic,Serializer/frame aligner,selected_l1_addition,vbr1_l1_serializer_frame_aligner_dut,pass,pass,pass,pass,certified,none,,False,0,0,True,True,benchmark-vabench-release-v1/evidence/dual/vbr1_l1_serializer_frame_aligner/dut/evidence.json,benchmark-vabench-release-v1/tasks/vbr1_l1_serializer_frame_aligner/forms/dut
vbr1_l1_serializer_frame_aligner,tb,L1,Digital and Event-Driven Logic,Serializer/frame aligner,selected_l1_addition,vbr1_l1_serializer_frame_aligner_tb,pass,pass,pass,pass,certified,none,,False,0,0,True,True,benchmark-vabench-release-v1/evidence/dual/vbr1_l1_serializer_frame_aligner/tb/evidence.json,benchmark-vabench-release-v1/tasks/vbr1_l1_serializer_frame_aligner/forms/tb
vbr1_l1_serializer_frame_aligner,bugfix,L1,Digital and Event-Driven Logic,Serializer/frame aligner,selected_l1_addition,vbr1_l1_serializer_frame_aligner_bugfix,pass,pass,pass,pass,certified,none,,False,0,0,True,True,benchmark-vabench-release-v1/evidence/dual/vbr1_l1_serializer_frame_aligner/bugfix/evidence.json,benchmark-vabench-release-v1/tasks/vbr1_l1_serializer_frame_aligner/forms/bugfix
vbr1_l1_serializer_frame_aligner,e2e,L1,Digital and Event-Driven Logic,Serializer/frame aligner,selected_l1_addition,serializer_frame_alignment_smoke,pass,pass,pass,pass,certified,none,,False,0,0,True,True,benchmark-vabench-release-v1/evidence/dual/vbr1_l1_serializer_frame_aligner/e2e/evidence.json,benchmark-vabench-release-v1/tasks/vbr1_l1_serializer_frame_aligner/forms/e2e
vbr1_l1_settling_time_detector,tb,L1,Measurement and Testbench Instrumentation,Settling response measurement helper,current_l1_seed,vbm1_settling_time_measurement_tb_tb,pass,pass,pass,pass,certified,none,,False,0,0,True,True,benchmark-vabench-release-v1/evidence/dual/vbr1_l1_settling_time_detector/tb/evidence.json,benchmark-vabench-release-v1/tasks/vbr1_l1_settling_time_detector/forms/tb
vbr1_l1_settling_time_detector,e2e,L1,Measurement and Testbench Instrumentation,Settling response measurement helper,current_l1_seed,vbm1_settling_time_measurement_tb_e2e,pass,pass,pass,pass,certified,none,,False,0,0,True,True,benchmark-vabench-release-v1/evidence/dual/vbr1_l1_settling_time_detector/e2e/evidence.json,benchmark-vabench-release-v1/tasks/vbr1_l1_settling_time_detector/forms/e2e
vbr1_l1_sine_periodic_voltage_source,dut,L1,Stimulus and Sources,Sine/periodic voltage source,selected_l1_addition,multitone,pass,pass,pass,pass,certified,none,,False,0,0,True,True,benchmark-vabench-release-v1/evidence/dual/vbr1_l1_sine_periodic_voltage_source/dut/evidence.json,benchmark-vabench-release-v1/tasks/vbr1_l1_sine_periodic_voltage_source/forms/dut
vbr1_l1_sine_periodic_voltage_source,tb,L1,Stimulus and Sources,Sine/periodic voltage source,selected_l1_addition,vbr1_l1_sine_periodic_voltage_source_tb,pass,pass,pass,pass,certified,none,,False,0,0,True,True,benchmark-vabench-release-v1/evidence/dual/vbr1_l1_sine_periodic_voltage_source/tb/evidence.json,benchmark-vabench-release-v1/tasks/vbr1_l1_sine_periodic_voltage_source/forms/tb
vbr1_l1_sine_periodic_voltage_source,e2e,L1,Stimulus and Sources,Sine/periodic voltage source,selected_l1_addition,vbr1_l1_sine_periodic_voltage_source_e2e,pass,pass,pass,pass,certified,none,,False,0,0,True,True,benchmark-vabench-release-v1/evidence/dual/vbr1_l1_sine_periodic_voltage_source/e2e/evidence.json,benchmark-vabench-release-v1/tasks/vbr1_l1_sine_periodic_voltage_source/forms/e2e
vbr1_l1_slew_rate_limiter,dut,L1,Analog Behavioral Signal Conditioning,Slew-rate limiter,current_l1_seed,vbm1_slew_rate_limiter_dut,pass,pass,pass,pass,certified,none,,False,0,0,True,True,benchmark-vabench-release-v1/evidence/dual/vbr1_l1_slew_rate_limiter/dut/evidence.json,benchmark-vabench-release-v1/tasks/vbr1_l1_slew_rate_limiter/forms/dut
vbr1_l1_slew_rate_limiter,tb,L1,Analog Behavioral Signal Conditioning,Slew-rate limiter,current_l1_seed,vbm1_slew_rate_limiter_tb,pass,pass,pass,pass,certified,none,,False,0,0,True,True,benchmark-vabench-release-v1/evidence/dual/vbr1_l1_slew_rate_limiter/tb/evidence.json,benchmark-vabench-release-v1/tasks/vbr1_l1_slew_rate_limiter/forms/tb
vbr1_l1_slew_rate_limiter,bugfix,L1,Analog Behavioral Signal Conditioning,Slew-rate limiter,current_l1_seed,vbm1_slew_rate_limiter_bugfix,pass,pass,pass,pass,certified,none,,False,0,0,True,True,benchmark-vabench-release-v1/evidence/dual/vbr1_l1_slew_rate_limiter/bugfix/evidence.json,benchmark-vabench-release-v1/tasks/vbr1_l1_slew_rate_limiter/forms/bugfix
vbr1_l1_slew_rate_limiter,e2e,L1,Analog Behavioral Signal Conditioning,Slew-rate limiter,current_l1_seed,vbm1_slew_rate_limiter_e2e,pass,pass,pass,pass,certified,none,,False,0,0,True,True,benchmark-vabench-release-v1/evidence/dual/vbr1_l1_slew_rate_limiter/e2e/evidence.json,benchmark-vabench-release-v1/tasks/vbr1_l1_slew_rate_limiter/forms/e2e
vbr1_l1_soft_hysteretic_limiter,dut,L1,Analog Behavioral Signal Conditioning,Soft/hysteretic limiter,selected_l1_addition,vbr1_l1_soft_hysteretic_limiter_dut,pass,pass,pass,pass,certified,none,,False,0,0,True,True,benchmark-vabench-release-v1/evidence/dual/vbr1_l1_soft_hysteretic_limiter/dut/evidence.json,benchmark-vabench-release-v1/tasks/vbr1_l1_soft_hysteretic_limiter/forms/dut
vbr1_l1_soft_hysteretic_limiter,tb,L1,Analog Behavioral Signal Conditioning,Soft/hysteretic limiter,selected_l1_addition,vbr1_l1_soft_hysteretic_limiter_tb,pass,pass,pass,pass,certified,none,,False,0,0,True,True,benchmark-vabench-release-v1/evidence/dual/vbr1_l1_soft_hysteretic_limiter/tb/evidence.json,benchmark-vabench-release-v1/tasks/vbr1_l1_soft_hysteretic_limiter/forms/tb
vbr1_l1_soft_hysteretic_limiter,bugfix,L1,Analog Behavioral Signal Conditioning,Soft/hysteretic limiter,selected_l1_addition,vbr1_l1_soft_hysteretic_limiter_bugfix,pass,pass,pass,pass,certified,none,,False,0,0,True,True,benchmark-vabench-release-v1/evidence/dual/vbr1_l1_soft_hysteretic_limiter/bugfix/evidence.json,benchmark-vabench-release-v1/tasks/vbr1_l1_soft_hysteretic_limiter/forms/bugfix
vbr1_l1_soft_hysteretic_limiter,e2e,L1,Analog Behavioral Signal Conditioning,Soft/hysteretic limiter,selected_l1_addition,vbr1_l1_soft_hysteretic_limiter_e2e,pass,pass,pass,pass,certified,none,,False,0,0,True,True,benchmark-vabench-release-v1/evidence/dual/vbr1_l1_soft_hysteretic_limiter/e2e/evidence.json,benchmark-vabench-release-v1/tasks/vbr1_l1_soft_hysteretic_limiter/forms/e2e
vbr1_l1_strongarm_style_latch_comparator,dut,L1,Comparators and Decision Circuits,StrongARM-style latch comparator,current_l1_seed,vbm1_strongarm_comparator_behavior_dut,pass,pass,pass,pass,certified,none,,False,0,0,True,True,benchmark-vabench-release-v1/evidence/dual/vbr1_l1_strongarm_style_latch_comparator/dut/evidence.json,benchmark-vabench-release-v1/tasks/vbr1_l1_strongarm_style_latch_comparator/forms/dut
vbr1_l1_strongarm_style_latch_comparator,tb,L1,Comparators and Decision Circuits,StrongARM-style latch comparator,current_l1_seed,vbm1_strongarm_comparator_behavior_tb,pass,pass,pass,pass,certified,none,,False,0,0,True,True,benchmark-vabench-release-v1/evidence/dual/vbr1_l1_strongarm_style_latch_comparator/tb/evidence.json,benchmark-vabench-release-v1/tasks/vbr1_l1_strongarm_style_latch_comparator/forms/tb
vbr1_l1_strongarm_style_latch_comparator,bugfix,L1,Comparators and Decision Circuits,StrongARM-style latch comparator,current_l1_seed,vbm1_strongarm_comparator_behavior_bugfix,pass,pass,pass,pass,certified,none,,False,0,0,True,True,benchmark-vabench-release-v1/evidence/dual/vbr1_l1_strongarm_style_latch_comparator/bugfix/evidence.json,benchmark-vabench-release-v1/tasks/vbr1_l1_strongarm_style_latch_comparator/forms/bugfix
vbr1_l1_strongarm_style_latch_comparator,e2e,L1,Comparators and Decision Circuits,StrongARM-style latch comparator,current_l1_seed,vbm1_strongarm_comparator_behavior_e2e,pass,pass,pass,pass,certified,none,,False,0,0,True,True,benchmark-vabench-release-v1/evidence/dual/vbr1_l1_strongarm_style_latch_comparator/e2e/evidence.json,benchmark-vabench-release-v1/tasks/vbr1_l1_strongarm_style_latch_comparator/forms/e2e
vbr1_l1_successive_approximation_calibration_search_fsm,dut,L1,"Calibration, DEM, and Control",Successive-approximation calibration/search FSM,selected_l1_addition,vbr1_l1_successive_approximation_calibration_search_fsm_dut,pass,pass,pass,pass,certified,none,,False,0,0,True,True,benchmark-vabench-release-v1/evidence/dual/vbr1_l1_successive_approximation_calibration_search_fsm/dut/evidence.json,benchmark-vabench-release-v1/tasks/vbr1_l1_successive_approximation_calibration_search_fsm/forms/dut
vbr1_l1_successive_approximation_calibration_search_fsm,tb,L1,"Calibration, DEM, and Control",Successive-approximation calibration/search FSM,selected_l1_addition,vbr1_l1_successive_approximation_calibration_search_fsm_tb,pass,pass,pass,pass,certified,none,,False,0,0,True,True,benchmark-vabench-release-v1/evidence/dual/vbr1_l1_successive_approximation_calibration_search_fsm/tb/evidence.json,benchmark-vabench-release-v1/tasks/vbr1_l1_successive_approximation_calibration_search_fsm/forms/tb
vbr1_l1_successive_approximation_calibration_search_fsm,bugfix,L1,"Calibration, DEM, and Control",Successive-approximation calibration/search FSM,selected_l1_addition,vbr1_l1_successive_approximation_calibration_search_fsm_bugfix,pass,pass,pass,pass,certified,none,,False,0,0,True,True,benchmark-vabench-release-v1/evidence/dual/vbr1_l1_successive_approximation_calibration_search_fsm/bugfix/evidence.json,benchmark-vabench-release-v1/tasks/vbr1_l1_successive_approximation_calibration_search_fsm/forms/bugfix
vbr1_l1_successive_approximation_calibration_search_fsm,e2e,L1,"Calibration, DEM, and Control",Successive-approximation calibration/search FSM,selected_l1_addition,vbr1_l1_successive_approximation_calibration_search_fsm_e2e,pass,pass,pass,pass,certified,none,,False,0,0,True,True,benchmark-vabench-release-v1/evidence/dual/vbr1_l1_successive_approximation_calibration_search_fsm/e2e/evidence.json,benchmark-vabench-release-v1/tasks/vbr1_l1_successive_approximation_calibration_search_fsm/forms/e2e
vbr1_l1_thermometer_code_decoder,dut,L1,Data Converters,Thermometer-code decoder,current_l1_seed,vbm1_thermometer_decoder_guarded_dut,pass,pass,pass,pass,certified,none,,False,0,0,True,True,benchmark-vabench-release-v1/evidence/dual/vbr1_l1_thermometer_code_decoder/dut/evidence.json,benchmark-vabench-release-v1/tasks/vbr1_l1_thermometer_code_decoder/forms/dut
vbr1_l1_thermometer_code_decoder,tb,L1,Data Converters,Thermometer-code decoder,current_l1_seed,vbm1_thermometer_decoder_guarded_tb,pass,pass,pass,pass,certified,none,,False,0,0,True,True,benchmark-vabench-release-v1/evidence/dual/vbr1_l1_thermometer_code_decoder/tb/evidence.json,benchmark-vabench-release-v1/tasks/vbr1_l1_thermometer_code_decoder/forms/tb
vbr1_l1_thermometer_code_decoder,bugfix,L1,Data Converters,Thermometer-code decoder,current_l1_seed,vbm1_thermometer_decoder_guarded_bugfix,pass,pass,pass,pass,certified,none,,False,0,0,True,True,benchmark-vabench-release-v1/evidence/dual/vbr1_l1_thermometer_code_decoder/bugfix/evidence.json,benchmark-vabench-release-v1/tasks/vbr1_l1_thermometer_code_decoder/forms/bugfix
vbr1_l1_thermometer_code_decoder,e2e,L1,Data Converters,Thermometer-code decoder,current_l1_seed,vbm1_thermometer_decoder_guarded_e2e,pass,pass,pass,pass,certified,none,,False,0,0,True,True,benchmark-vabench-release-v1/evidence/dual/vbr1_l1_thermometer_code_decoder/e2e/evidence.json,benchmark-vabench-release-v1/tasks/vbr1_l1_thermometer_code_decoder/forms/e2e
vbr1_l1_threshold_comparator,dut,L1,Comparators and Decision Circuits,Threshold comparator,selected_l1_addition,vbr1_l1_threshold_comparator_dut,pass,pass,pass,pass,certified,none,,False,0,0,True,True,benchmark-vabench-release-v1/evidence/dual/vbr1_l1_threshold_comparator/dut/evidence.json,benchmark-vabench-release-v1/tasks/vbr1_l1_threshold_comparator/forms/dut
vbr1_l1_threshold_comparator,tb,L1,Comparators and Decision Circuits,Threshold comparator,selected_l1_addition,vbr1_l1_threshold_comparator_tb,pass,pass,pass,pass,certified,none,,False,0,0,True,True,benchmark-vabench-release-v1/evidence/dual/vbr1_l1_threshold_comparator/tb/evidence.json,benchmark-vabench-release-v1/tasks/vbr1_l1_threshold_comparator/forms/tb
vbr1_l1_threshold_comparator,bugfix,L1,Comparators and Decision Circuits,Threshold comparator,selected_l1_addition,vbr1_l1_threshold_comparator_bugfix,pass,pass,pass,pass,certified,none,,False,0,0,True,True,benchmark-vabench-release-v1/evidence/dual/vbr1_l1_threshold_comparator/bugfix/evidence.json,benchmark-vabench-release-v1/tasks/vbr1_l1_threshold_comparator/forms/bugfix
vbr1_l1_threshold_comparator,e2e,L1,Comparators and Decision Circuits,Threshold comparator,selected_l1_addition,comparator_smoke,pass,pass,pass,pass,certified,none,,False,0,0,True,True,benchmark-vabench-release-v1/evidence/dual/vbr1_l1_threshold_comparator/e2e/evidence.json,benchmark-vabench-release-v1/tasks/vbr1_l1_threshold_comparator/forms/e2e
vbr1_l1_trim_calibration_controller,dut,L1,"Calibration, DEM, and Control",Trim-voltage generator,current_l1_seed,vbm1_cdac_calibration_dut,pass,pass,pass,pass,certified,none,,False,0,0,True,True,benchmark-vabench-release-v1/evidence/dual/vbr1_l1_trim_calibration_controller/dut/evidence.json,benchmark-vabench-release-v1/tasks/vbr1_l1_trim_calibration_controller/forms/dut
vbr1_l1_trim_calibration_controller,tb,L1,"Calibration, DEM, and Control",Trim-voltage generator,current_l1_seed,vbm1_cdac_calibration_tb,pass,pass,pass,pass,certified,none,,False,0,0,True,True,benchmark-vabench-release-v1/evidence/dual/vbr1_l1_trim_calibration_controller/tb/evidence.json,benchmark-vabench-release-v1/tasks/vbr1_l1_trim_calibration_controller/forms/tb
vbr1_l1_trim_calibration_controller,bugfix,L1,"Calibration, DEM, and Control",Trim-voltage generator,current_l1_seed,vbm1_cdac_calibration_bugfix,pass,pass,pass,pass,certified,none,,False,0,0,True,True,benchmark-vabench-release-v1/evidence/dual/vbr1_l1_trim_calibration_controller/bugfix/evidence.json,benchmark-vabench-release-v1/tasks/vbr1_l1_trim_calibration_controller/forms/bugfix
vbr1_l1_trim_calibration_controller,e2e,L1,"Calibration, DEM, and Control",Trim-voltage generator,current_l1_seed,vbm1_cdac_calibration_e2e,pass,pass,pass,pass,certified,none,,False,0,0,True,True,benchmark-vabench-release-v1/evidence/dual/vbr1_l1_trim_calibration_controller/e2e/evidence.json,benchmark-vabench-release-v1/tasks/vbr1_l1_trim_calibration_controller/forms/e2e
vbr1_l1_unit_element_thermometer_dac,dut,L1,Data Converters,Unit-element thermometer DAC,selected_l1_addition,vbm1_thermometer_dac_15seg_dut,pass,pass,pass,pass,certified,none,,False,0,0,True,True,benchmark-vabench-release-v1/evidence/dual/vbr1_l1_unit_element_thermometer_dac/dut/evidence.json,benchmark-vabench-release-v1/tasks/vbr1_l1_unit_element_thermometer_dac/forms/dut
vbr1_l1_unit_element_thermometer_dac,tb,L1,Data Converters,Unit-element thermometer DAC,selected_l1_addition,vbm1_thermometer_dac_15seg_tb,pass,pass,pass,pass,certified,none,,False,0,0,True,True,benchmark-vabench-release-v1/evidence/dual/vbr1_l1_unit_element_thermometer_dac/tb/evidence.json,benchmark-vabench-release-v1/tasks/vbr1_l1_unit_element_thermometer_dac/forms/tb
vbr1_l1_unit_element_thermometer_dac,bugfix,L1,Data Converters,Unit-element thermometer DAC,selected_l1_addition,vbm1_thermometer_dac_15seg_bugfix,pass,pass,pass,pass,certified,none,,False,0,0,True,True,benchmark-vabench-release-v1/evidence/dual/vbr1_l1_unit_element_thermometer_dac/bugfix/evidence.json,benchmark-vabench-release-v1/tasks/vbr1_l1_unit_element_thermometer_dac/forms/bugfix
vbr1_l1_unit_element_thermometer_dac,e2e,L1,Data Converters,Unit-element thermometer DAC,selected_l1_addition,vbm1_thermometer_dac_15seg_e2e,pass,pass,pass,pass,certified,none,,False,0,0,True,True,benchmark-vabench-release-v1/evidence/dual/vbr1_l1_unit_element_thermometer_dac/e2e/evidence.json,benchmark-vabench-release-v1/tasks/vbr1_l1_unit_element_thermometer_dac/forms/e2e
vbr1_l1_vco_phase_integrator,dut,L1,PLL / Clock / Event Timing,VCO phase integrator,current_l1_seed,vbm1_vco_phase_integrator_dut,pass,pass,pass,pass,certified,none,,False,0,0,True,True,benchmark-vabench-release-v1/evidence/dual/vbr1_l1_vco_phase_integrator/dut/evidence.json,benchmark-vabench-release-v1/tasks/vbr1_l1_vco_phase_integrator/forms/dut
vbr1_l1_vco_phase_integrator,tb,L1,PLL / Clock / Event Timing,VCO phase integrator,current_l1_seed,vbm1_vco_phase_integrator_tb,pass,pass,pass,pass,certified,none,,False,0,0,True,True,benchmark-vabench-release-v1/evidence/dual/vbr1_l1_vco_phase_integrator/tb/evidence.json,benchmark-vabench-release-v1/tasks/vbr1_l1_vco_phase_integrator/forms/tb
vbr1_l1_vco_phase_integrator,bugfix,L1,PLL / Clock / Event Timing,VCO phase integrator,current_l1_seed,vbr1_l1_vco_phase_integrator_bugfix,pass,pass,pass,pass,certified,none,,False,0,0,True,True,benchmark-vabench-release-v1/evidence/dual/vbr1_l1_vco_phase_integrator/bugfix/evidence.json,benchmark-vabench-release-v1/tasks/vbr1_l1_vco_phase_integrator/forms/bugfix
vbr1_l1_vco_phase_integrator,e2e,L1,PLL / Clock / Event Timing,VCO phase integrator,current_l1_seed,vbm1_vco_phase_integrator_e2e,pass,pass,pass,pass,certified,none,,False,0,0,True,True,benchmark-vabench-release-v1/evidence/dual/vbr1_l1_vco_phase_integrator/e2e/evidence.json,benchmark-vabench-release-v1/tasks/vbr1_l1_vco_phase_integrator/forms/e2e
vbr1_l1_voltage_clamp_or_limiter,dut,L1,Analog Behavioral Signal Conditioning,Voltage clamp or limiter,current_l1_seed,vbm1_voltage_clamp_dut,pass,pass,pass,pass,certified,none,,False,0,0,True,True,benchmark-vabench-release-v1/evidence/dual/vbr1_l1_voltage_clamp_or_limiter/dut/evidence.json,benchmark-vabench-release-v1/tasks/vbr1_l1_voltage_clamp_or_limiter/forms/dut
vbr1_l1_voltage_clamp_or_limiter,tb,L1,Analog Behavioral Signal Conditioning,Voltage clamp or limiter,current_l1_seed,vbm1_voltage_clamp_tb,pass,pass,pass,pass,certified,none,,False,0,0,True,True,benchmark-vabench-release-v1/evidence/dual/vbr1_l1_voltage_clamp_or_limiter/tb/evidence.json,benchmark-vabench-release-v1/tasks/vbr1_l1_voltage_clamp_or_limiter/forms/tb
vbr1_l1_voltage_clamp_or_limiter,bugfix,L1,Analog Behavioral Signal Conditioning,Voltage clamp or limiter,current_l1_seed,vbm1_voltage_clamp_bugfix,pass,pass,pass,pass,certified,none,,False,0,0,True,True,benchmark-vabench-release-v1/evidence/dual/vbr1_l1_voltage_clamp_or_limiter/bugfix/evidence.json,benchmark-vabench-release-v1/tasks/vbr1_l1_voltage_clamp_or_limiter/forms/bugfix
vbr1_l1_voltage_clamp_or_limiter,e2e,L1,Analog Behavioral Signal Conditioning,Voltage clamp or limiter,current_l1_seed,vbm1_voltage_clamp_e2e,pass,pass,pass,pass,certified,none,,False,0,0,True,True,benchmark-vabench-release-v1/evidence/dual/vbr1_l1_voltage_clamp_or_limiter/e2e/evidence.json,benchmark-vabench-release-v1/tasks/vbr1_l1_voltage_clamp_or_limiter/forms/e2e
vbr1_l1_voltage_gain_amplifier,dut,L1,Analog Behavioral Signal Conditioning,Voltage gain amplifier,selected_l1_addition,vbr1_l1_voltage_gain_amplifier_dut,pass,pass,pass,pass,certified,none,,False,0,0,True,True,benchmark-vabench-release-v1/evidence/dual/vbr1_l1_voltage_gain_amplifier/dut/evidence.json,benchmark-vabench-release-v1/tasks/vbr1_l1_voltage_gain_amplifier/forms/dut
vbr1_l1_voltage_gain_amplifier,tb,L1,Analog Behavioral Signal Conditioning,Voltage gain amplifier,selected_l1_addition,vbr1_l1_voltage_gain_amplifier_tb,pass,pass,pass,pass,certified,none,,False,0,0,True,True,benchmark-vabench-release-v1/evidence/dual/vbr1_l1_voltage_gain_amplifier/tb/evidence.json,benchmark-vabench-release-v1/tasks/vbr1_l1_voltage_gain_amplifier/forms/tb
vbr1_l1_voltage_gain_amplifier,bugfix,L1,Analog Behavioral Signal Conditioning,Voltage gain amplifier,selected_l1_addition,vbr1_l1_voltage_gain_amplifier_bugfix,pass,pass,pass,pass,certified,none,,False,0,0,True,True,benchmark-vabench-release-v1/evidence/dual/vbr1_l1_voltage_gain_amplifier/bugfix/evidence.json,benchmark-vabench-release-v1/tasks/vbr1_l1_voltage_gain_amplifier/forms/bugfix
vbr1_l1_voltage_gain_amplifier,e2e,L1,Analog Behavioral Signal Conditioning,Voltage gain amplifier,selected_l1_addition,vbr1_l1_voltage_gain_amplifier_e2e,pass,pass,pass,pass,certified,none,,False,0,0,True,True,benchmark-vabench-release-v1/evidence/dual/vbr1_l1_voltage_gain_amplifier/e2e/evidence.json,benchmark-vabench-release-v1/tasks/vbr1_l1_voltage_gain_amplifier/forms/e2e
vbr1_l1_window_comparator_detector,dut,L1,Comparators and Decision Circuits,Window comparator/detector,selected_l1_addition,vbr1_l1_window_comparator_detector_dut,pass,pass,pass,pass,certified,none,,False,0,0,True,True,benchmark-vabench-release-v1/evidence/dual/vbr1_l1_window_comparator_detector/dut/evidence.json,benchmark-vabench-release-v1/tasks/vbr1_l1_window_comparator_detector/forms/dut
vbr1_l1_window_comparator_detector,tb,L1,Comparators and Decision Circuits,Window comparator/detector,selected_l1_addition,vbr1_l1_window_comparator_detector_tb,pass,pass,pass,pass,certified,none,,False,0,0,True,True,benchmark-vabench-release-v1/evidence/dual/vbr1_l1_window_comparator_detector/tb/evidence.json,benchmark-vabench-release-v1/tasks/vbr1_l1_window_comparator_detector/forms/tb
vbr1_l1_window_comparator_detector,bugfix,L1,Comparators and Decision Circuits,Window comparator/detector,selected_l1_addition,vbr1_l1_window_comparator_detector_bugfix,pass,pass,pass,pass,certified,none,,False,0,0,True,True,benchmark-vabench-release-v1/evidence/dual/vbr1_l1_window_comparator_detector/bugfix/evidence.json,benchmark-vabench-release-v1/tasks/vbr1_l1_window_comparator_detector/forms/bugfix
vbr1_l1_window_comparator_detector,e2e,L1,Comparators and Decision Circuits,Window comparator/detector,selected_l1_addition,cross_hysteresis_window_smoke,pass,pass,pass,pass,certified,none,,False,0,0,True,True,benchmark-vabench-release-v1/evidence/dual/vbr1_l1_window_comparator_detector/e2e/evidence.json,benchmark-vabench-release-v1/tasks/vbr1_l1_window_comparator_detector/forms/e2e
vbr1_l1_windowed_dem_pointer,dut,L1,"Calibration, DEM, and Control",Windowed DEM pointer,current_l1_seed,vbm1_barrel_pointer_window_dut,pass,pass,pass,pass,certified,none,,False,0,0,True,True,benchmark-vabench-release-v1/evidence/dual/vbr1_l1_windowed_dem_pointer/dut/evidence.json,benchmark-vabench-release-v1/tasks/vbr1_l1_windowed_dem_pointer/forms/dut
vbr1_l1_windowed_dem_pointer,tb,L1,"Calibration, DEM, and Control",Windowed DEM pointer,current_l1_seed,vbm1_barrel_pointer_window_tb,pass,pass,pass,pass,certified,none,,False,0,0,True,True,benchmark-vabench-release-v1/evidence/dual/vbr1_l1_windowed_dem_pointer/tb/evidence.json,benchmark-vabench-release-v1/tasks/vbr1_l1_windowed_dem_pointer/forms/tb
vbr1_l1_windowed_dem_pointer,bugfix,L1,"Calibration, DEM, and Control",Windowed DEM pointer,current_l1_seed,vbm1_barrel_pointer_window_bugfix,pass,pass,pass,pass,certified,none,,False,0,0,True,True,benchmark-vabench-release-v1/evidence/dual/vbr1_l1_windowed_dem_pointer/bugfix/evidence.json,benchmark-vabench-release-v1/tasks/vbr1_l1_windowed_dem_pointer/forms/bugfix
vbr1_l1_windowed_dem_pointer,e2e,L1,"Calibration, DEM, and Control",Windowed DEM pointer,current_l1_seed,vbm1_barrel_pointer_window_e2e,pass,pass,pass,pass,certified,none,,False,0,0,True,True,benchmark-vabench-release-v1/evidence/dual/vbr1_l1_windowed_dem_pointer/e2e/evidence.json,benchmark-vabench-release-v1/tasks/vbr1_l1_windowed_dem_pointer/forms/e2e
vbr1_l1_xor_phase_detector,dut,L1,PLL / Clock / Event Timing,XOR phase detector,selected_l1_addition,vbr1_l1_xor_phase_detector_dut,pass,pass,pass,pass,certified,none,,False,0,0,True,True,benchmark-vabench-release-v1/evidence/dual/vbr1_l1_xor_phase_detector/dut/evidence.json,benchmark-vabench-release-v1/tasks/vbr1_l1_xor_phase_detector/forms/dut
vbr1_l1_xor_phase_detector,tb,L1,PLL / Clock / Event Timing,XOR phase detector,selected_l1_addition,vbr1_l1_xor_phase_detector_tb,pass,pass,pass,pass,certified,none,,False,0,0,True,True,benchmark-vabench-release-v1/evidence/dual/vbr1_l1_xor_phase_detector/tb/evidence.json,benchmark-vabench-release-v1/tasks/vbr1_l1_xor_phase_detector/forms/tb
vbr1_l1_xor_phase_detector,bugfix,L1,PLL / Clock / Event Timing,XOR phase detector,selected_l1_addition,vbr1_l1_xor_phase_detector_bugfix,pass,pass,pass,pass,certified,none,,False,0,0,True,True,benchmark-vabench-release-v1/evidence/dual/vbr1_l1_xor_phase_detector/bugfix/evidence.json,benchmark-vabench-release-v1/tasks/vbr1_l1_xor_phase_detector/forms/bugfix
vbr1_l1_xor_phase_detector,e2e,L1,PLL / Clock / Event Timing,XOR phase detector,selected_l1_addition,xor_pd_smoke,pass,pass,pass,pass,certified,none,,False,0,0,True,True,benchmark-vabench-release-v1/evidence/dual/vbr1_l1_xor_phase_detector/e2e/evidence.json,benchmark-vabench-release-v1/tasks/vbr1_l1_xor_phase_detector/forms/e2e
vbr1_l2_adc_dac_reconstruction_chain,tb,L2,Data Converters,ADC/DAC reconstruction chain,selected_l2_target,vbr1_l2_adc_dac_reconstruction_chain_tb,pass,pass,pass,pass,certified,none,,False,0,0,True,True,benchmark-vabench-release-v1/evidence/dual/vbr1_l2_adc_dac_reconstruction_chain/tb/evidence.json,benchmark-vabench-release-v1/tasks/vbr1_l2_adc_dac_reconstruction_chain/forms/tb
vbr1_l2_adc_dac_reconstruction_chain,e2e,L2,Data Converters,ADC/DAC reconstruction chain,selected_l2_target,adc_dac_ideal_4b_smoke,pass,pass,pass,pass,certified,none,,False,0,0,True,True,benchmark-vabench-release-v1/evidence/dual/vbr1_l2_adc_dac_reconstruction_chain/e2e/evidence.json,benchmark-vabench-release-v1/tasks/vbr1_l2_adc_dac_reconstruction_chain/forms/e2e
vbr1_l2_adc_dac_source_sweep_flow,e2e,L2,Stimulus and Sources,ADC/DAC source sweep flow,selected_l2_target,vbr1_l2_adc_dac_source_sweep_flow_e2e,pass,pass,pass,pass,certified,none,,False,0,0,True,True,benchmark-vabench-release-v1/evidence/dual/vbr1_l2_adc_dac_source_sweep_flow/e2e/evidence.json,benchmark-vabench-release-v1/tasks/vbr1_l2_adc_dac_source_sweep_flow/forms/e2e
vbr1_l2_adc_dac_source_sweep_flow,tb,L2,Stimulus and Sources,ADC/DAC source sweep flow,selected_l2_target,vbr1_l2_adc_dac_source_sweep_flow_tb,pass,pass,pass,pass,certified,none,,False,0,0,True,True,benchmark-vabench-release-v1/evidence/dual/vbr1_l2_adc_dac_source_sweep_flow/tb/evidence.json,benchmark-vabench-release-v1/tasks/vbr1_l2_adc_dac_source_sweep_flow/forms/tb
vbr1_l2_adpll_lock_ratio_hop_timer_flow,tb,L2,PLL / Clock / Event Timing,ADPLL lock/ratio-hop/timer flow,selected_l2_target,vbr1_l2_adpll_lock_ratio_hop_timer_flow_tb,pass,pass,pass,pass,certified,none,,False,0,0,True,True,benchmark-vabench-release-v1/evidence/dual/vbr1_l2_adpll_lock_ratio_hop_timer_flow/tb/evidence.json,benchmark-vabench-release-v1/tasks/vbr1_l2_adpll_lock_ratio_hop_timer_flow/forms/tb
vbr1_l2_adpll_lock_ratio_hop_timer_flow,e2e,L2,PLL / Clock / Event Timing,ADPLL lock/ratio-hop/timer flow,selected_l2_target,adpll_ratio_hop_smoke,pass,pass,pass,pass,certified,none,,False,0,0,True,True,benchmark-vabench-release-v1/evidence/dual/vbr1_l2_adpll_lock_ratio_hop_timer_flow/e2e/evidence.json,benchmark-vabench-release-v1/tasks/vbr1_l2_adpll_lock_ratio_hop_timer_flow/forms/e2e
vbr1_l2_amplifier_filter_chain,e2e,L2,Analog Behavioral Signal Conditioning,Amplifier/filter chain,selected_l2_target,vbr1_l2_amplifier_filter_chain_e2e,pass,pass,pass,pass,certified,none,,False,0,0,True,True,benchmark-vabench-release-v1/evidence/dual/vbr1_l2_amplifier_filter_chain/e2e/evidence.json,benchmark-vabench-release-v1/tasks/vbr1_l2_amplifier_filter_chain/forms/e2e
vbr1_l2_amplifier_filter_chain,tb,L2,Analog Behavioral Signal Conditioning,Amplifier/filter chain,selected_l2_target,vbr1_l2_amplifier_filter_chain_tb,pass,pass,pass,pass,certified,none,,False,0,0,True,True,benchmark-vabench-release-v1/evidence/dual/vbr1_l2_amplifier_filter_chain/tb/evidence.json,benchmark-vabench-release-v1/tasks/vbr1_l2_amplifier_filter_chain/forms/tb
vbr1_l2_comparator_measurement_flow,tb,L2,Comparators and Decision Circuits,Comparator measurement flow,selected_l2_target,vbr1_l2_comparator_measurement_flow_tb,pass,pass,pass,pass,certified,none,,False,0,0,True,True,benchmark-vabench-release-v1/evidence/dual/vbr1_l2_comparator_measurement_flow/tb/evidence.json,benchmark-vabench-release-v1/tasks/vbr1_l2_comparator_measurement_flow/forms/tb
vbr1_l2_comparator_measurement_flow,e2e,L2,Comparators and Decision Circuits,Comparator measurement flow,selected_l2_target,comparator_offset_search_smoke,pass,pass,pass,pass,certified,none,,False,0,0,True,True,benchmark-vabench-release-v1/evidence/dual/vbr1_l2_comparator_measurement_flow/e2e/evidence.json,benchmark-vabench-release-v1/tasks/vbr1_l2_comparator_measurement_flow/forms/e2e
vbr1_l2_complete_calibration_loop,e2e,L2,"Calibration, DEM, and Control",Complete calibration loop,selected_l2_target,vbr1_l2_complete_calibration_loop_e2e,pass,pass,pass,pass,certified,none,,False,0,0,True,True,benchmark-vabench-release-v1/evidence/dual/vbr1_l2_complete_calibration_loop/e2e/evidence.json,benchmark-vabench-release-v1/tasks/vbr1_l2_complete_calibration_loop/forms/e2e
vbr1_l2_complete_calibration_loop,tb,L2,"Calibration, DEM, and Control",Complete calibration loop,selected_l2_target,vbr1_l2_complete_calibration_loop_tb,pass,pass,pass,pass,certified,none,,False,0,0,True,True,benchmark-vabench-release-v1/evidence/dual/vbr1_l2_complete_calibration_loop/tb/evidence.json,benchmark-vabench-release-v1/tasks/vbr1_l2_complete_calibration_loop/forms/tb
vbr1_l2_converter_front_end,tb,L2,"Sample, Hold, and Analog Memory",Converter front-end,selected_l2_target,vbr1_l2_converter_front_end_tb,pass,pass,pass,pass,certified,none,,False,0,0,True,True,benchmark-vabench-release-v1/evidence/dual/vbr1_l2_converter_front_end/tb/evidence.json,benchmark-vabench-release-v1/tasks/vbr1_l2_converter_front_end/forms/tb
vbr1_l2_converter_front_end,e2e,L2,"Sample, Hold, and Analog Memory",Converter front-end,selected_l2_target,sample_hold_droop_smoke,pass,pass,pass,pass,certified,none,,False,0,0,True,True,benchmark-vabench-release-v1/evidence/dual/vbr1_l2_converter_front_end/e2e/evidence.json,benchmark-vabench-release-v1/tasks/vbr1_l2_converter_front_end/forms/e2e
vbr1_l2_cppll_tracking_and_frequency_step_reacquire_flow,tb,L2,PLL / Clock / Event Timing,CPPLL tracking and frequency-step reacquire flow,selected_l2_target,vbr1_l2_cppll_tracking_and_frequency_step_reacquire_flow_tb,pass,pass,pass,pass,certified,none,,False,0,0,True,True,benchmark-vabench-release-v1/evidence/dual/vbr1_l2_cppll_tracking_and_frequency_step_reacquire_flow/tb/evidence.json,benchmark-vabench-release-v1/tasks/vbr1_l2_cppll_tracking_and_frequency_step_reacquire_flow/forms/tb
vbr1_l2_cppll_tracking_and_frequency_step_reacquire_flow,e2e,L2,PLL / Clock / Event Timing,CPPLL tracking and frequency-step reacquire flow,selected_l2_target,cppll_freq_step_reacquire_smoke,pass,pass,pass,pass,certified,none,,False,0,0,True,True,benchmark-vabench-release-v1/evidence/dual/vbr1_l2_cppll_tracking_and_frequency_step_reacquire_flow/e2e/evidence.json,benchmark-vabench-release-v1/tasks/vbr1_l2_cppll_tracking_and_frequency_step_reacquire_flow/forms/e2e
vbr1_l2_event_controller,tb,L2,Digital and Event-Driven Logic,Event controller,selected_l2_target,vbr1_l2_event_controller_tb,pass,pass,pass,pass,certified,none,,False,0,0,True,True,benchmark-vabench-release-v1/evidence/dual/vbr1_l2_event_controller/tb/evidence.json,benchmark-vabench-release-v1/tasks/vbr1_l2_event_controller/forms/tb
vbr1_l2_event_controller,e2e,L2,Digital and Event-Driven Logic,Event controller,selected_l2_target,simultaneous_event_order_smoke,pass,pass,pass,pass,certified,none,,False,0,0,True,True,benchmark-vabench-release-v1/evidence/dual/vbr1_l2_event_controller/e2e/evidence.json,benchmark-vabench-release-v1/tasks/vbr1_l2_event_controller/forms/e2e
vbr1_l2_flash_adc_mini_array,tb,L2,Data Converters,Flash ADC mini-array,selected_l2_target,vbr1_l2_flash_adc_mini_array_tb,pass,pass,pass,pass,certified,none,,False,0,0,True,True,benchmark-vabench-release-v1/evidence/dual/vbr1_l2_flash_adc_mini_array/tb/evidence.json,benchmark-vabench-release-v1/tasks/vbr1_l2_flash_adc_mini_array/forms/tb
vbr1_l2_flash_adc_mini_array,e2e,L2,Data Converters,Flash ADC mini-array,selected_l2_target,flash_adc_3b_smoke,pass,pass,pass,pass,certified,none,,False,0,0,True,True,benchmark-vabench-release-v1/evidence/dual/vbr1_l2_flash_adc_mini_array/e2e/evidence.json,benchmark-vabench-release-v1/tasks/vbr1_l2_flash_adc_mini_array/forms/e2e
vbr1_l2_gain_extraction_convergence_measurement_flow,tb,L2,Measurement and Testbench Instrumentation,Gain extraction/convergence measurement flow,selected_l2_target,vbr1_l2_gain_extraction_convergence_measurement_flow_tb,pass,pass,pass,pass,certified,none,,False,0,0,True,True,benchmark-vabench-release-v1/evidence/dual/vbr1_l2_gain_extraction_convergence_measurement_flow/tb/evidence.json,benchmark-vabench-release-v1/tasks/vbr1_l2_gain_extraction_convergence_measurement_flow/forms/tb
vbr1_l2_gain_extraction_convergence_measurement_flow,e2e,L2,Measurement and Testbench Instrumentation,Gain extraction/convergence measurement flow,selected_l2_target,gain_extraction_smoke,pass,pass,pass,pass,certified,none,,False,0,0,True,True,benchmark-vabench-release-v1/evidence/dual/vbr1_l2_gain_extraction_convergence_measurement_flow/e2e/evidence.json,benchmark-vabench-release-v1/tasks/vbr1_l2_gain_extraction_convergence_measurement_flow/forms/e2e
vbr1_l2_measurement_flow,tb,L2,Measurement and Testbench Instrumentation,Measurement flow,selected_l2_target,vbr1_l2_measurement_flow_tb,pass,pass,pass,pass,certified,none,,False,0,0,True,True,benchmark-vabench-release-v1/evidence/dual/vbr1_l2_measurement_flow/tb/evidence.json,benchmark-vabench-release-v1/tasks/vbr1_l2_measurement_flow/forms/tb
vbr1_l2_measurement_flow,e2e,L2,Measurement and Testbench Instrumentation,Measurement flow,selected_l2_target,final_step_file_metric_smoke,pass,pass,pass,pass,certified,none,,False,0,0,True,True,benchmark-vabench-release-v1/evidence/dual/vbr1_l2_measurement_flow/e2e/evidence.json,benchmark-vabench-release-v1/tasks/vbr1_l2_measurement_flow/forms/e2e
vbr1_l2_pll_timing_slice,tb,L2,PLL / Clock / Event Timing,PLL timing slice,selected_l2_target,vbr1_l2_pll_timing_slice_tb,pass,pass,pass,pass,certified,none,,False,0,0,True,True,benchmark-vabench-release-v1/evidence/dual/vbr1_l2_pll_timing_slice/tb/evidence.json,benchmark-vabench-release-v1/tasks/vbr1_l2_pll_timing_slice/forms/tb
vbr1_l2_pll_timing_slice,e2e,L2,PLL / Clock / Event Timing,PLL timing slice,selected_l2_target,cppll_tracking_smoke,pass,pass,pass,pass,certified,none,,False,0,0,True,True,benchmark-vabench-release-v1/evidence/dual/vbr1_l2_pll_timing_slice/e2e/evidence.json,benchmark-vabench-release-v1/tasks/vbr1_l2_pll_timing_slice/forms/e2e
vbr1_l2_serializer_frame_alignment_flow,tb,L2,Digital and Event-Driven Logic,Serializer frame-alignment flow,selected_l2_target,vbr1_l2_serializer_frame_alignment_flow_tb,pass,pass,pass,pass,certified,none,,False,0,0,True,True,benchmark-vabench-release-v1/evidence/dual/vbr1_l2_serializer_frame_alignment_flow/tb/evidence.json,benchmark-vabench-release-v1/tasks/vbr1_l2_serializer_frame_alignment_flow/forms/tb
vbr1_l2_serializer_frame_alignment_flow,e2e,L2,Digital and Event-Driven Logic,Serializer frame-alignment flow,selected_l2_target,serializer_frame_alignment_smoke,pass,pass,pass,pass,certified,none,,False,0,0,True,True,benchmark-vabench-release-v1/evidence/dual/vbr1_l2_serializer_frame_alignment_flow/e2e/evidence.json,benchmark-vabench-release-v1/tasks/vbr1_l2_serializer_frame_alignment_flow/forms/e2e
vbr1_l2_weighted_sar_adc_dac_loop,tb,L2,Data Converters,Weighted SAR ADC/DAC loop,selected_l2_target,vbr1_l2_weighted_sar_adc_dac_loop_tb,pass,pass,pass,pass,certified,none,,False,0,0,True,True,benchmark-vabench-release-v1/evidence/dual/vbr1_l2_weighted_sar_adc_dac_loop/tb/evidence.json,benchmark-vabench-release-v1/tasks/vbr1_l2_weighted_sar_adc_dac_loop/forms/tb
vbr1_l2_weighted_sar_adc_dac_loop,e2e,L2,Data Converters,Weighted SAR ADC/DAC loop,selected_l2_target,sar_adc_dac_weighted_8b_smoke,pass,pass,pass,pass,certified,none,,False,0,0,True,True,benchmark-vabench-release-v1/evidence/dual/vbr1_l2_weighted_sar_adc_dac_loop/e2e/evidence.json,benchmark-vabench-release-v1/tasks/vbr1_l2_weighted_sar_adc_dac_loop/forms/e2e
