cluster_id,cluster_axis,cluster_label,release_task_id,release_entry_id,form,level,difficulty,track,category,base_function,status,dual_status,evas_status,primary_attribution,root_cause_family,evidence,source_result_json
B01,behavior,Static transfer/reference/RF/power macro behavior,vbr1_l1_bandgap_reference_macro_model:e2e,vbr1_l1_bandgap_reference_macro_model,e2e,L1,D2,core,Bias Reference and Power Management,Bandgap reference macro model,DONE,FAIL_EVAS,FAIL_SIM_CORRECTNESS,model_behavior_failure,Behavior: analog transfer/reference macro wrong,bandgap_reference_nominal_wrong=0.159,results/vabench-release-v1-baseline-dual-deepseek-v4-pro-20260528-wrapper-v4-changed55-dual/results/vbr1_l1_bandgap_reference_macro_model_e2e/result.json
B01,behavior,Static transfer/reference/RF/power macro behavior,vbr1_l1_bias_voltage_generator_with_enable_trim:bugfix,vbr1_l1_bias_voltage_generator_with_enable_trim,bugfix,L1,D2,core,Bias Reference and Power Management,Bias voltage generator with enable/trim,DONE,FAIL_EVAS,FAIL_SIM_CORRECTNESS,model_behavior_failure,behavior_checker_mismatch,bias_low_trim_wrong=0.000,results/vabench-release-v1-baseline-dual-deepseek-v4-pro-20260528-wrapper-v3-samecandidates-full-rejudge/results/vbr1_l1_bias_voltage_generator_with_enable_trim_bugfix/result.json
B01,behavior,Static transfer/reference/RF/power macro behavior,vbr1_l1_bias_voltage_generator_with_enable_trim:e2e,vbr1_l1_bias_voltage_generator_with_enable_trim,e2e,L1,D2,core,Bias Reference and Power Management,Bias voltage generator with enable/trim,DONE,FAIL_EVAS,FAIL_SIM_CORRECTNESS,model_behavior_failure,Behavior: analog transfer/reference macro wrong,bias_low_trim_wrong=0.800,results/vabench-release-v1-baseline-dual-deepseek-v4-pro-20260528-wrapper-v4-changed55-dual/results/vbr1_l1_bias_voltage_generator_with_enable_trim_e2e/result.json
B01,behavior,Static transfer/reference/RF/power macro behavior,vbr1_l1_ldo_regulator_macro_model:bugfix,vbr1_l1_ldo_regulator_macro_model,bugfix,L1,D2,core,Bias Reference and Power Management,LDO regulator macro model,DONE,FAIL_EVAS,FAIL_SIM_CORRECTNESS,model_behavior_failure,behavior_checker_mismatch,ldo_light_load_regulation_wrong=0.694,results/vabench-release-v1-baseline-dual-deepseek-v4-pro-20260528-wrapper-v3-samecandidates-full-rejudge/results/vbr1_l1_ldo_regulator_macro_model_bugfix/result.json
B01,behavior,Static transfer/reference/RF/power macro behavior,vbr1_l1_ldo_regulator_macro_model:dut,vbr1_l1_ldo_regulator_macro_model,dut,L1,D2,core,Bias Reference and Power Management,LDO regulator macro model,DONE,FAIL_EVAS,FAIL_SIM_CORRECTNESS,model_behavior_failure,behavior_checker_mismatch,ldo_light_load_regulation_wrong=0.960,results/vabench-release-v1-baseline-dual-deepseek-v4-pro-20260528-wrapper-v3-samecandidates-full-rejudge/results/vbr1_l1_ldo_regulator_macro_model_dut/result.json
B01,behavior,Static transfer/reference/RF/power macro behavior,vbr1_l1_ldo_regulator_macro_model:e2e,vbr1_l1_ldo_regulator_macro_model,e2e,L1,D2,core,Bias Reference and Power Management,LDO regulator macro model,DONE,FAIL_EVAS,FAIL_SIM_CORRECTNESS,model_behavior_failure,Behavior: analog transfer/reference macro wrong,ldo_light_load_regulation_wrong=1.800,results/vabench-release-v1-baseline-dual-deepseek-v4-pro-20260528-wrapper-v4-changed55-dual/results/vbr1_l1_ldo_regulator_macro_model_e2e/result.json
B01,behavior,Static transfer/reference/RF/power macro behavior,vbr1_l1_limiting_amplifier_frontend:tb,vbr1_l1_limiting_amplifier_frontend,tb,L1,D2,core,RF and AFE Behavioral Macromodels,Limiting amplifier front-end,DONE,FAIL_EVAS,FAIL_SIM_CORRECTNESS,model_behavior_failure,Behavior: analog transfer/reference macro wrong,limiter_small_gain_missing vin=0.445 out=0.450,results/vabench-release-v1-baseline-dual-deepseek-v4-pro-20260528-wrapper-v4-changed55-dual/results/vbr1_l1_limiting_amplifier_frontend_tb/result.json
B01,behavior,Static transfer/reference/RF/power macro behavior,vbr1_l1_lna_gain_compression_macro:bugfix,vbr1_l1_lna_gain_compression_macro,bugfix,L1,D2,core,RF and AFE Behavioral Macromodels,LNA gain/compression macro,DONE,FAIL_EVAS,FAIL_SIM_CORRECTNESS,model_behavior_failure,behavior_checker_mismatch,lna_small_signal_gain_missing vin=0.520 out=0.000,results/vabench-release-v1-baseline-dual-deepseek-v4-pro-20260528-wrapper-v3-samecandidates-full-rejudge/results/vbr1_l1_lna_gain_compression_macro_bugfix/result.json
B01,behavior,Static transfer/reference/RF/power macro behavior,vbr1_l1_lna_gain_compression_macro:dut,vbr1_l1_lna_gain_compression_macro,dut,L1,D2,core,RF and AFE Behavioral Macromodels,LNA gain/compression macro,DONE,FAIL_EVAS,FAIL_SIM_CORRECTNESS,model_behavior_failure,behavior_checker_mismatch,lna_high_compression_wrong=0.600,results/vabench-release-v1-baseline-dual-deepseek-v4-pro-20260528-wrapper-v3-samecandidates-full-rejudge/results/vbr1_l1_lna_gain_compression_macro_dut/result.json
B01,behavior,Static transfer/reference/RF/power macro behavior,vbr1_l1_lna_gain_compression_macro:e2e,vbr1_l1_lna_gain_compression_macro,e2e,L1,D2,core,RF and AFE Behavioral Macromodels,LNA gain/compression macro,DONE,FAIL_EVAS,FAIL_SIM_CORRECTNESS,model_behavior_failure,Behavior: analog transfer/reference macro wrong,lna_small_signal_gain_missing vin=0.473 out=0.450,results/vabench-release-v1-baseline-dual-deepseek-v4-pro-20260528-wrapper-v5-include2-dual/results/vbr1_l1_lna_gain_compression_macro_e2e/result.json
B01,behavior,Static transfer/reference/RF/power macro behavior,vbr1_l1_lna_gain_compression_macro:tb,vbr1_l1_lna_gain_compression_macro,tb,L1,D2,core,RF and AFE Behavioral Macromodels,LNA gain/compression macro,DONE,FAIL_EVAS,FAIL_SIM_CORRECTNESS,model_behavior_failure,behavior_checker_mismatch,lna_small_signal_gain_missing vin=0.488 out=0.450,results/vabench-release-v1-baseline-dual-deepseek-v4-pro-20260528-wrapper-v3-samecandidates-full-rejudge/results/vbr1_l1_lna_gain_compression_macro_tb/result.json
B01,behavior,Static transfer/reference/RF/power macro behavior,vbr1_l1_log_rssi_power_detector:bugfix,vbr1_l1_log_rssi_power_detector,bugfix,L1,D2,core,RF and AFE Behavioral Macromodels,Log/RSSI power detector,DONE,FAIL_EVAS,FAIL_SIM_CORRECTNESS,model_behavior_failure,Behavior: analog transfer/reference macro wrong,rssi_floor_wrong=0.000,results/vabench-release-v1-baseline-dual-deepseek-v4-pro-20260528-wrapper-v4-changed55-dual/results/vbr1_l1_log_rssi_power_detector_bugfix/result.json
B01,behavior,Static transfer/reference/RF/power macro behavior,vbr1_l1_log_rssi_power_detector:dut,vbr1_l1_log_rssi_power_detector,dut,L1,D2,core,RF and AFE Behavioral Macromodels,Log/RSSI power detector,DONE,FAIL_EVAS,FAIL_SIM_CORRECTNESS,model_behavior_failure,behavior_checker_mismatch,rssi_floor_wrong=0.600,results/vabench-release-v1-baseline-dual-deepseek-v4-pro-20260528-wrapper-v3-samecandidates-full-rejudge/results/vbr1_l1_log_rssi_power_detector_dut/result.json
B01,behavior,Static transfer/reference/RF/power macro behavior,vbr1_l1_log_rssi_power_detector:e2e,vbr1_l1_log_rssi_power_detector,e2e,L1,D2,core,RF and AFE Behavioral Macromodels,Log/RSSI power detector,DONE,FAIL_EVAS,FAIL_SIM_CORRECTNESS,model_behavior_failure,behavior_checker_mismatch,rssi_floor_wrong=0.200,results/vabench-release-v1-baseline-dual-deepseek-v4-pro-20260528-wrapper-v3-samecandidates-full-rejudge/results/vbr1_l1_log_rssi_power_detector_e2e/result.json
B01,behavior,Static transfer/reference/RF/power macro behavior,vbr1_l1_log_rssi_power_detector:tb,vbr1_l1_log_rssi_power_detector,tb,L1,D2,core,RF and AFE Behavioral Macromodels,Log/RSSI power detector,DONE,FAIL_EVAS,FAIL_SIM_CORRECTNESS,model_behavior_failure,behavior_checker_mismatch,rssi_not_monotonic_loglike small/mid/high=0.120/0.120/0.504,results/vabench-release-v1-baseline-dual-deepseek-v4-pro-20260528-wrapper-v3-samecandidates-full-rejudge/results/vbr1_l1_log_rssi_power_detector_tb/result.json
B01,behavior,Static transfer/reference/RF/power macro behavior,vbr1_l1_pa_compression_macro:bugfix,vbr1_l1_pa_compression_macro,bugfix,L1,D2,core,RF and AFE Behavioral Macromodels,PA compression macro,DONE,FAIL_EVAS,FAIL_SIM_CORRECTNESS,model_behavior_failure,behavior_checker_mismatch,pa_high_compression_wrong=1.650,results/vabench-release-v1-baseline-dual-deepseek-v4-pro-20260528-wrapper-v3-samecandidates-full-rejudge/results/vbr1_l1_pa_compression_macro_bugfix/result.json
B01,behavior,Static transfer/reference/RF/power macro behavior,vbr1_l1_pa_compression_macro:dut,vbr1_l1_pa_compression_macro,dut,L1,D2,core,RF and AFE Behavioral Macromodels,PA compression macro,DONE,FAIL_EVAS,FAIL_SIM_CORRECTNESS,model_behavior_failure,behavior_checker_mismatch,pa_high_compression_wrong=3.000,results/vabench-release-v1-baseline-dual-deepseek-v4-pro-20260528-wrapper-v3-samecandidates-full-rejudge/results/vbr1_l1_pa_compression_macro_dut/result.json
B01,behavior,Static transfer/reference/RF/power macro behavior,vbr1_l1_pa_compression_macro:e2e,vbr1_l1_pa_compression_macro,e2e,L1,D2,core,RF and AFE Behavioral Macromodels,PA compression macro,DONE,FAIL_EVAS,FAIL_SIM_CORRECTNESS,model_behavior_failure,behavior_checker_mismatch,pa_gain_missing vin=0.429 out=0.000,results/vabench-release-v1-baseline-dual-deepseek-v4-pro-20260528-wrapper-v3-samecandidates-full-rejudge/results/vbr1_l1_pa_compression_macro_e2e/result.json
B01,behavior,Static transfer/reference/RF/power macro behavior,vbr1_l1_pa_compression_macro:tb,vbr1_l1_pa_compression_macro,tb,L1,D2,core,RF and AFE Behavioral Macromodels,PA compression macro,DONE,FAIL_EVAS,FAIL_SIM_CORRECTNESS,model_behavior_failure,behavior_checker_mismatch,pa_gain_missing vin=0.030 out=0.039,results/vabench-release-v1-baseline-dual-deepseek-v4-pro-20260528-wrapper-v3-samecandidates-full-rejudge/results/vbr1_l1_pa_compression_macro_tb/result.json
B01,behavior,Static transfer/reference/RF/power macro behavior,vbr1_l1_programmable_gain_amplifier:bugfix,vbr1_l1_programmable_gain_amplifier,bugfix,L1,D2,core,Baseband Signal Conditioning,Programmable gain amplifier,DONE,FAIL_EVAS,FAIL_SIM_CORRECTNESS,model_behavior_failure,Behavior: analog transfer/reference macro wrong,"pga_unclamped_range=(-0.000,1.000)",results/vabench-release-v1-baseline-dual-deepseek-v4-pro-20260528-wrapper-v4-changed55-dual/results/vbr1_l1_programmable_gain_amplifier_bugfix/result.json
B01,behavior,Static transfer/reference/RF/power macro behavior,vbr1_l1_programmable_gain_amplifier:e2e,vbr1_l1_programmable_gain_amplifier,e2e,L1,D2,core,Baseband Signal Conditioning,Programmable gain amplifier,DONE,FAIL_EVAS,FAIL_SIM_CORRECTNESS,model_behavior_failure,Behavior: analog transfer/reference macro wrong,"pga_unclamped_range=(0.000,1.500)",results/vabench-release-v1-baseline-dual-deepseek-v4-pro-20260528-wrapper-v5-include2-dual/results/vbr1_l1_programmable_gain_amplifier_e2e/result.json
B01,behavior,Static transfer/reference/RF/power macro behavior,vbr1_l1_ptat_ctat_reference_generator:bugfix,vbr1_l1_ptat_ctat_reference_generator,bugfix,L1,D2,core,Bias Reference and Power Management,PTAT/CTAT reference generator,DONE,FAIL_EVAS,FAIL_SIM_CORRECTNESS,model_behavior_failure,behavior_checker_mismatch,ptat_ctat_reference_range=1.161/1.250/1.250,results/vabench-release-v1-baseline-dual-deepseek-v4-pro-20260528-wrapper-v3-samecandidates-full-rejudge/results/vbr1_l1_ptat_ctat_reference_generator_bugfix/result.json
B01,behavior,Static transfer/reference/RF/power macro behavior,vbr1_l1_ptat_ctat_reference_generator:dut,vbr1_l1_ptat_ctat_reference_generator,dut,L1,D2,core,Bias Reference and Power Management,PTAT/CTAT reference generator,DONE,FAIL_EVAS,FAIL_SIM_CORRECTNESS,model_behavior_failure,behavior_checker_mismatch,ptat_ctat_reference_range=0.000/0.000/0.000,results/vabench-release-v1-baseline-dual-deepseek-v4-pro-20260528-wrapper-v3-samecandidates-full-rejudge/results/vbr1_l1_ptat_ctat_reference_generator_dut/result.json
B01,behavior,Static transfer/reference/RF/power macro behavior,vbr1_l1_ptat_ctat_reference_generator:e2e,vbr1_l1_ptat_ctat_reference_generator,e2e,L1,D2,core,Bias Reference and Power Management,PTAT/CTAT reference generator,DONE,FAIL_EVAS,FAIL_SIM_CORRECTNESS,model_behavior_failure,behavior_checker_mismatch,ptat_ctat_reference_range=1.100/1.100/1.100,results/vabench-release-v1-baseline-dual-deepseek-v4-pro-20260528-wrapper-v3-samecandidates-full-rejudge/results/vbr1_l1_ptat_ctat_reference_generator_e2e/result.json
B01,behavior,Static transfer/reference/RF/power macro behavior,vbr1_l1_rf_mixer_downconverter_macro:bugfix,vbr1_l1_rf_mixer_downconverter_macro,bugfix,L1,D2,core,RF and AFE Behavioral Macromodels,RF mixer/downconverter macro,DONE,FAIL_EVAS,FAIL_SIM_CORRECTNESS,model_behavior_failure,Behavior: analog transfer/reference macro wrong,mixer_positive_lo_polarity_wrong hi=0.079 lo=-0.063,results/vabench-release-v1-baseline-dual-deepseek-v4-pro-20260528-wrapper-v4-changed55-dual/results/vbr1_l1_rf_mixer_downconverter_macro_bugfix/result.json
B01,behavior,Static transfer/reference/RF/power macro behavior,vbr1_l1_uvlo_brownout_detector:bugfix,vbr1_l1_uvlo_brownout_detector,bugfix,L1,D2,core,Bias Reference and Power Management,UVLO/brownout detector,DONE,FAIL_EVAS,FAIL_SIM_CORRECTNESS,model_behavior_failure,Behavior: analog transfer/reference macro wrong,uvlo_hysteresis_hold_failed good=0.000 hold=0.000,results/vabench-release-v1-baseline-dual-deepseek-v4-pro-20260528-wrapper-v4-changed55-dual/results/vbr1_l1_uvlo_brownout_detector_bugfix/result.json
B01,behavior,Static transfer/reference/RF/power macro behavior,vbr1_l1_uvlo_brownout_detector:tb,vbr1_l1_uvlo_brownout_detector,tb,L1,D2,core,Bias Reference and Power Management,UVLO/brownout detector,DONE,FAIL_EVAS,FAIL_SIM_CORRECTNESS,model_behavior_failure,Behavior: analog transfer/reference macro wrong,uvlo_brownout_or_lower_hold_failed brownout=0.900 hold=0.900,results/vabench-release-v1-baseline-dual-deepseek-v4-pro-20260528-wrapper-v4-changed55-dual/results/vbr1_l1_uvlo_brownout_detector_tb/result.json
B01,behavior,Static transfer/reference/RF/power macro behavior,vbr1_l2_agc_receiver_leveling_loop:e2e,vbr1_l2_agc_receiver_leveling_loop,e2e,L2,D3,core,RF and AFE Behavioral Macromodels,AGC receiver leveling loop,DONE,FAIL_EVAS,FAIL_SIM_CORRECTNESS,model_behavior_failure,behavior_checker_mismatch,agc_gain_not_reduced overload=0.022 settled=0.001,results/vabench-release-v1-baseline-dual-deepseek-v4-pro-20260528-wrapper-v3-samecandidates-full-rejudge/results/vbr1_l2_agc_receiver_leveling_loop_e2e/result.json
B01,behavior,Static transfer/reference/RF/power macro behavior,vbr1_l2_agc_receiver_leveling_loop:tb,vbr1_l2_agc_receiver_leveling_loop,tb,L2,D3,core,RF and AFE Behavioral Macromodels,AGC receiver leveling loop,DONE,FAIL_EVAS,FAIL_SIM_CORRECTNESS,model_behavior_failure,behavior_checker_mismatch,agc_gain_not_reduced overload=0.000 settled=0.430,results/vabench-release-v1-baseline-dual-deepseek-v4-pro-20260528-wrapper-v3-samecandidates-full-rejudge/results/vbr1_l2_agc_receiver_leveling_loop_tb/result.json
B01,behavior,Static transfer/reference/RF/power macro behavior,vbr1_l2_iq_downconversion_chain:e2e,vbr1_l2_iq_downconversion_chain,e2e,L2,D3,core,RF and AFE Behavioral Macromodels,I/Q downconversion chain,DONE,FAIL_EVAS,FAIL_SIM_CORRECTNESS,model_behavior_failure,Behavior: analog transfer/reference macro wrong,iq_positive_quadrature_missing i=0.300 q=0.300,results/vabench-release-v1-baseline-dual-deepseek-v4-pro-20260528-wrapper-v4-changed55-dual/results/vbr1_l2_iq_downconversion_chain_e2e/result.json
B01,behavior,Static transfer/reference/RF/power macro behavior,vbr1_l2_iq_downconversion_chain:tb,vbr1_l2_iq_downconversion_chain,tb,L2,D3,core,RF and AFE Behavioral Macromodels,I/Q downconversion chain,DONE,FAIL_EVAS,FAIL_SIM_CORRECTNESS,model_behavior_failure,behavior_checker_mismatch,iq_positive_quadrature_missing i=0.450 q=0.450,results/vabench-release-v1-baseline-dual-deepseek-v4-pro-20260528-wrapper-v3-samecandidates-full-rejudge/results/vbr1_l2_iq_downconversion_chain_tb/result.json
B01,behavior,Static transfer/reference/RF/power macro behavior,vbr1_l2_ldo_load_step_recovery_flow:tb,vbr1_l2_ldo_load_step_recovery_flow,tb,L2,D3,core,Bias Reference and Power Management,LDO load-step recovery flow,DONE,FAIL_EVAS,FAIL_SIM_CORRECTNESS,model_behavior_failure,behavior_checker_mismatch,ldo_flow_no_transient_droop pre=0.601 early=0.568,results/vabench-release-v1-baseline-dual-deepseek-v4-pro-20260528-wrapper-v3-samecandidates-full-rejudge/results/vbr1_l2_ldo_load_step_recovery_flow_tb/result.json
B01,behavior,Static transfer/reference/RF/power macro behavior,vbr1_l2_reference_startup_enable_flow:e2e,vbr1_l2_reference_startup_enable_flow,e2e,L2,D3,core,Bias Reference and Power Management,Reference startup/enable flow,DONE,FAIL_EVAS,FAIL_SIM_CORRECTNESS,model_behavior_failure,behavior_checker_mismatch,ref_startup_supply_off_not_low=0.331,results/vabench-release-v1-baseline-dual-deepseek-v4-pro-20260528-wrapper-v3-samecandidates-full-rejudge/results/vbr1_l2_reference_startup_enable_flow_e2e/result.json
B01,behavior,Static transfer/reference/RF/power macro behavior,vbr1_l2_reference_startup_enable_flow:tb,vbr1_l2_reference_startup_enable_flow,tb,L2,D3,core,Bias Reference and Power Management,Reference startup/enable flow,DONE,FAIL_EVAS,FAIL_SIM_CORRECTNESS,model_behavior_failure,behavior_checker_mismatch,ref_startup_ignores_enable=0.396,results/vabench-release-v1-baseline-dual-deepseek-v4-pro-20260528-wrapper-v3-samecandidates-full-rejudge/results/vbr1_l2_reference_startup_enable_flow_tb/result.json
B02,behavior,Dynamic response/filter/baseband behavior,vbr1_l1_first_order_lowpass:e2e,vbr1_l1_first_order_lowpass,e2e,L1,D1,core,Baseband Signal Conditioning,First-order lowpass,DONE,FAIL_EVAS,FAIL_SIM_CORRECTNESS,model_behavior_failure,behavior_checker_mismatch,"lowpass_samples=0.627,0.865,0.982,0.999 input_step=True monotonic=True response_fast_enough=True not_instant=False bounded=False",results/vabench-release-v1-baseline-dual-deepseek-v4-pro-20260528-wrapper-v3-samecandidates-full-rejudge/results/vbm1_first_order_lowpass_e2e/result.json
B02,behavior,Dynamic response/filter/baseband behavior,vbr1_l1_first_order_lowpass:tb,vbr1_l1_first_order_lowpass,tb,L1,D1,core,Baseband Signal Conditioning,First-order lowpass,DONE,FAIL_EVAS,FAIL_SIM_CORRECTNESS,model_behavior_failure,behavior_checker_mismatch,"lowpass_samples=0.627,0.865,0.982,0.999 input_step=True monotonic=True response_fast_enough=True not_instant=False bounded=False",results/vabench-release-v1-baseline-dual-deepseek-v4-pro-20260528-wrapper-v3-samecandidates-full-rejudge/results/vbm1_first_order_lowpass_tb/result.json
B02,behavior,Dynamic response/filter/baseband behavior,vbr1_l1_higher_order_filter:tb,vbr1_l1_higher_order_filter,tb,L1,D2,core,Baseband Signal Conditioning,Higher-order filter,DONE,FAIL_EVAS,FAIL_SIM_CORRECTNESS,model_behavior_failure,behavior_checker_mismatch,two_pole_missing_lagged_rise early=0.450 late=0.422,results/vabench-release-v1-baseline-dual-deepseek-v4-pro-20260528-wrapper-v3-samecandidates-full-rejudge/results/vbr1_l1_higher_order_filter_tb/result.json
B02,behavior,Dynamic response/filter/baseband behavior,vbr1_l1_limiting_amplifier_frontend:dut,vbr1_l1_limiting_amplifier_frontend,dut,L1,D2,core,RF and AFE Behavioral Macromodels,Limiting amplifier front-end,DONE,FAIL_EVAS,FAIL_SIM_CORRECTNESS,model_behavior_failure,behavior_checker_mismatch,limiter_small_gain_missing vin=0.500 out=0.100,results/vabench-release-v1-baseline-dual-deepseek-v4-pro-20260528-wrapper-v3-samecandidates-full-rejudge/results/vbr1_l1_limiting_amplifier_frontend_dut/result.json
B02,behavior,Dynamic response/filter/baseband behavior,vbr1_l1_precision_rectifier_envelope_detector:tb,vbr1_l1_precision_rectifier_envelope_detector,tb,L1,D2,core,Baseband Signal Conditioning,Precision rectifier/envelope detector,DONE,FAIL_EVAS,FAIL_SIM_CORRECTNESS,model_behavior_failure,behavior_checker_mismatch,rectifier_positive_half_not_rectified=0.450,results/vabench-release-v1-baseline-dual-deepseek-v4-pro-20260528-wrapper-v3-samecandidates-full-rejudge/results/vbr1_l1_precision_rectifier_envelope_detector_tb/result.json
B02,behavior,Dynamic response/filter/baseband behavior,vbr1_l1_slew_rate_limiter:bugfix,vbr1_l1_slew_rate_limiter,bugfix,L1,D2,core,Baseband Signal Conditioning,Slew-rate limiter,DONE,FAIL_EVAS,FAIL_SIM_CORRECTNESS,model_behavior_failure,behavior_checker_mismatch,"slew_samples=0.800,0.800,0.100,0.100,0.100 input_sequence=True rising_limited=False high_reached=True falling_limited=False low_reached=True not_passthrough=False",results/vabench-release-v1-baseline-dual-deepseek-v4-pro-20260528-wrapper-v3-samecandidates-full-rejudge/results/vbm1_slew_rate_limiter_bugfix/result.json
B02,behavior,Dynamic response/filter/baseband behavior,vbr1_l1_slew_rate_limiter:e2e,vbr1_l1_slew_rate_limiter,e2e,L1,D2,core,Baseband Signal Conditioning,Slew-rate limiter,DONE,FAIL_EVAS,FAIL_SIM_CORRECTNESS,model_behavior_failure,behavior_checker_mismatch,"slew_samples=0.435,0.900,0.900,0.615,0.165 input_sequence=False rising_limited=False high_reached=True falling_limited=False low_reached=False not_passthrough=True",results/vabench-release-v1-baseline-dual-deepseek-v4-pro-20260528-wrapper-v3-samecandidates-full-rejudge/results/vbm1_slew_rate_limiter_e2e/result.json
B02,behavior,Dynamic response/filter/baseband behavior,vbr1_l1_slew_rate_limiter:tb,vbr1_l1_slew_rate_limiter,tb,L1,D2,core,Baseband Signal Conditioning,Slew-rate limiter,DONE,FAIL_EVAS,FAIL_SIM_CORRECTNESS,model_behavior_failure,behavior_checker_mismatch,"slew_samples=0.435,0.900,0.615,0.315,0.000 input_sequence=False rising_limited=False high_reached=True falling_limited=False low_reached=False not_passthrough=True",results/vabench-release-v1-baseline-dual-deepseek-v4-pro-20260528-wrapper-v3-samecandidates-full-rejudge/results/vbm1_slew_rate_limiter_tb/result.json
B02,behavior,Dynamic response/filter/baseband behavior,vbr1_l2_amplifier_filter_chain:tb,vbr1_l2_amplifier_filter_chain,tb,L2,D3,core,Baseband Signal Conditioning,Amplifier/filter chain,DONE,FAIL_EVAS,FAIL_SIM_CORRECTNESS,model_behavior_failure,behavior_checker_mismatch,amp_filter_metric_not_preamp_target early=0.450 late=0.855 low=0.022,results/vabench-release-v1-baseline-dual-deepseek-v4-pro-20260528-wrapper-v3-samecandidates-full-rejudge/results/vbr1_l2_amplifier_filter_chain_tb/result.json
B03,behavior,State/reset/enable/stuck-output behavior,vbr1_l1_acquisition_limited_sample_and_hold:bugfix,vbr1_l1_acquisition_limited_sample_and_hold,bugfix,L1,D2,core,Sampling and Analog Memory,Acquisition-limited sample-and-hold,DONE,FAIL_EVAS,FAIL_SIM_CORRECTNESS,model_behavior_failure,Behavior: output stuck or reset/hold state wrong,acq_hold_reset_out=0.000,results/vabench-release-v1-baseline-dual-deepseek-v4-pro-20260528-wrapper-v4-changed55-dual/results/vbr1_l1_acquisition_limited_sample_and_hold_bugfix/result.json
B03,behavior,State/reset/enable/stuck-output behavior,vbr1_l1_acquisition_limited_sample_and_hold:dut,vbr1_l1_acquisition_limited_sample_and_hold,dut,L1,D2,core,Sampling and Analog Memory,Acquisition-limited sample-and-hold,DONE,FAIL_EVAS,FAIL_SIM_CORRECTNESS,model_behavior_failure,Behavior: output stuck or reset/hold state wrong,acq_hold_reset_out=0.000,results/vabench-release-v1-baseline-dual-deepseek-v4-pro-20260528-wrapper-v4-changed55-dual/results/vbr1_l1_acquisition_limited_sample_and_hold_dut/result.json
B03,behavior,State/reset/enable/stuck-output behavior,vbr1_l1_acquisition_limited_sample_and_hold:e2e,vbr1_l1_acquisition_limited_sample_and_hold,e2e,L1,D2,core,Sampling and Analog Memory,Acquisition-limited sample-and-hold,DONE,FAIL_EVAS,FAIL_SIM_CORRECTNESS,model_behavior_failure,Behavior: output stuck or reset/hold state wrong,acq_hold_reset_out=0.000,results/vabench-release-v1-baseline-dual-deepseek-v4-pro-20260528-wrapper-v4-changed55-dual/results/vbr1_l1_acquisition_limited_sample_and_hold_e2e/result.json
B03,behavior,State/reset/enable/stuck-output behavior,vbr1_l1_aperture_delay_track_and_hold:dut,vbr1_l1_aperture_delay_track_and_hold,dut,L1,D2,core,Sampling and Analog Memory,Aperture-delay track-and-hold,DONE,FAIL_EVAS,FAIL_SIM_CORRECTNESS,model_behavior_failure,behavior_checker_mismatch,"aperture_samples=0.000,0.000,0.000,0.000,0.000,0.000,0.000 expected=0.100,0.350,0.600,0.250,0.700,0.400,0.800 mismatches=7 span=0.000",results/vabench-release-v1-baseline-dual-deepseek-v4-pro-20260528-wrapper-v3-samecandidates-full-rejudge/results/vbr1_l1_aperture_delay_track_and_hold_dut/result.json
B03,behavior,State/reset/enable/stuck-output behavior,vbr1_l1_aperture_delay_track_and_hold:e2e,vbr1_l1_aperture_delay_track_and_hold,e2e,L1,D2,core,Sampling and Analog Memory,Aperture-delay track-and-hold,DONE,FAIL_EVAS,FAIL_SIM_CORRECTNESS,model_behavior_failure,Behavior: output stuck or reset/hold state wrong,"aperture_samples=0.000,0.000,0.000,0.000,0.000,0.000,0.000 expected=0.695,0.304,0.598,0.405,0.793,0.204,0.505 mismatches=7 span=0.000",results/vabench-release-v1-baseline-dual-deepseek-v4-pro-20260528-wrapper-v4-changed55-dual/results/vbr1_l1_aperture_delay_track_and_hold_e2e/result.json
B03,behavior,State/reset/enable/stuck-output behavior,vbr1_l1_bandgap_reference_macro_model:tb,vbr1_l1_bandgap_reference_macro_model,tb,L1,D2,core,Bias Reference and Power Management,Bandgap reference macro model,DONE,FAIL_EVAS,FAIL_SIM_CORRECTNESS,model_behavior_failure,behavior_checker_mismatch,bandgap_reference_not_held_low_pre_start=0.146,results/vabench-release-v1-baseline-dual-deepseek-v4-pro-20260528-wrapper-v3-samecandidates-full-rejudge/results/vbr1_l1_bandgap_reference_macro_model_tb/result.json
B03,behavior,State/reset/enable/stuck-output behavior,vbr1_l1_bias_voltage_generator_with_enable_trim:dut,vbr1_l1_bias_voltage_generator_with_enable_trim,dut,L1,D2,core,Bias Reference and Power Management,Bias voltage generator with enable/trim,DONE,FAIL_EVAS,FAIL_SIM_CORRECTNESS,model_behavior_failure,behavior_checker_mismatch,bias_not_disabled early=1.000 late=1.000,results/vabench-release-v1-baseline-dual-deepseek-v4-pro-20260528-wrapper-v3-samecandidates-full-rejudge/results/vbr1_l1_bias_voltage_generator_with_enable_trim_dut/result.json
B03,behavior,State/reset/enable/stuck-output behavior,vbr1_l1_bias_voltage_generator_with_enable_trim:tb,vbr1_l1_bias_voltage_generator_with_enable_trim,tb,L1,D2,core,Bias Reference and Power Management,Bias voltage generator with enable/trim,DONE,FAIL_EVAS,FAIL_SIM_CORRECTNESS,model_behavior_failure,behavior_checker_mismatch,bias_not_disabled early=0.000 late=0.594,results/vabench-release-v1-baseline-dual-deepseek-v4-pro-20260528-wrapper-v3-samecandidates-full-rejudge/results/vbr1_l1_bias_voltage_generator_with_enable_trim_tb/result.json
B03,behavior,State/reset/enable/stuck-output behavior,vbr1_l1_clock_divider:dut,vbr1_l1_clock_divider,dut,L1,D2,core,PLL Clock and Timing Systems,Clock divider,DONE,FAIL_EVAS,FAIL_SIM_CORRECTNESS,model_behavior_failure,behavior_checker_mismatch,"ratio=5 intervals=[6, 6, 6, 6, 6, 6, 6, 6] reset_low=0.000 lock_edges=1 lock_final=True",results/vabench-release-v1-baseline-dual-deepseek-v4-pro-20260528-clockdiv-dut-stagingfix-r2/results/vbm1_resettable_counter_divider_dut/result.json
B03,behavior,State/reset/enable/stuck-output behavior,vbr1_l1_higher_order_filter:dut,vbr1_l1_higher_order_filter,dut,L1,D2,core,Baseband Signal Conditioning,Higher-order filter,DONE,FAIL_EVAS,FAIL_SIM_CORRECTNESS,model_behavior_failure,behavior_checker_mismatch,two_pole_reset_out=0.000,results/vabench-release-v1-baseline-dual-deepseek-v4-pro-20260528-wrapper-v3-samecandidates-full-rejudge/results/vbr1_l1_higher_order_filter_dut/result.json
B03,behavior,State/reset/enable/stuck-output behavior,vbr1_l1_higher_order_filter:e2e,vbr1_l1_higher_order_filter,e2e,L1,D2,core,Baseband Signal Conditioning,Higher-order filter,DONE,FAIL_EVAS,FAIL_SIM_CORRECTNESS,model_behavior_failure,Behavior: output stuck or reset/hold state wrong,two_pole_reset_out=0.000,results/vabench-release-v1-baseline-dual-deepseek-v4-pro-20260528-wrapper-v4-changed55-dual/results/vbr1_l1_higher_order_filter_e2e/result.json
B03,behavior,State/reset/enable/stuck-output behavior,vbr1_l1_hysteresis_comparator:bugfix,vbr1_l1_hysteresis_comparator,bugfix,L1,D2,core,Comparator and Decision Circuits,Hysteresis comparator,DONE,FAIL_EVAS,FAIL_SIM_CORRECTNESS,model_behavior_failure,behavior_checker_mismatch,outputs_do_not_toggle,results/vabench-release-v1-baseline-dual-deepseek-v4-pro-20260528-wrapper-v3-samecandidates-full-rejudge/results/vbr1_l1_hysteresis_comparator_bugfix/result.json
B03,behavior,State/reset/enable/stuck-output behavior,vbr1_l1_power_on_reset_detector:bugfix,vbr1_l1_power_on_reset_detector,bugfix,L1,D2,core,Bias Reference and Power Management,Power-on-reset detector,DONE,FAIL_EVAS,FAIL_SIM_CORRECTNESS,model_behavior_failure,behavior_checker_mismatch,por_not_released=1.000,results/vabench-release-v1-baseline-dual-deepseek-v4-pro-20260528-wrapper-v3-samecandidates-full-rejudge/results/vbr1_l1_power_on_reset_detector_bugfix/result.json
B03,behavior,State/reset/enable/stuck-output behavior,vbr1_l1_power_on_reset_detector:dut,vbr1_l1_power_on_reset_detector,dut,L1,D2,core,Bias Reference and Power Management,Power-on-reset detector,DONE,FAIL_EVAS,FAIL_SIM_CORRECTNESS,model_behavior_failure,behavior_checker_mismatch,por_not_released=1.800,results/vabench-release-v1-baseline-dual-deepseek-v4-pro-20260528-wrapper-v3-samecandidates-full-rejudge/results/vbr1_l1_power_on_reset_detector_dut/result.json
B03,behavior,State/reset/enable/stuck-output behavior,vbr1_l1_power_on_reset_detector:e2e,vbr1_l1_power_on_reset_detector,e2e,L1,D2,core,Bias Reference and Power Management,Power-on-reset detector,DONE,FAIL_EVAS,FAIL_SIM_CORRECTNESS,model_behavior_failure,behavior_checker_mismatch,por_not_released=0.502,results/vabench-release-v1-baseline-dual-deepseek-v4-pro-20260528-wrapper-v3-samecandidates-full-rejudge/results/vbr1_l1_power_on_reset_detector_e2e/result.json
B03,behavior,State/reset/enable/stuck-output behavior,vbr1_l1_power_on_reset_detector:tb,vbr1_l1_power_on_reset_detector,tb,L1,D2,core,Bias Reference and Power Management,Power-on-reset detector,DONE,FAIL_EVAS,FAIL_SIM_CORRECTNESS,model_behavior_failure,behavior_checker_mismatch,por_not_released=0.900,results/vabench-release-v1-baseline-dual-deepseek-v4-pro-20260528-wrapper-v3-samecandidates-full-rejudge/results/vbr1_l1_power_on_reset_detector_tb/result.json
B03,behavior,State/reset/enable/stuck-output behavior,vbr1_l1_programmable_gain_amplifier:dut,vbr1_l1_programmable_gain_amplifier,dut,L1,D2,core,Baseband Signal Conditioning,Programmable gain amplifier,DONE,FAIL_EVAS,FAIL_SIM_CORRECTNESS,model_behavior_failure,Behavior: output stuck or reset/hold state wrong,pga_reset_out=0.000,results/vabench-release-v1-baseline-dual-deepseek-v4-pro-20260528-wrapper-v4-changed55-dual/results/vbr1_l1_programmable_gain_amplifier_dut/result.json
B03,behavior,State/reset/enable/stuck-output behavior,vbr1_l1_programmable_gain_amplifier:tb,vbr1_l1_programmable_gain_amplifier,tb,L1,D2,core,Baseband Signal Conditioning,Programmable gain amplifier,DONE,FAIL_EVAS,FAIL_SIM_CORRECTNESS,model_behavior_failure,behavior_checker_mismatch,pga_reset_out=0.585,results/vabench-release-v1-baseline-dual-deepseek-v4-pro-20260528-wrapper-v3-samecandidates-full-rejudge/results/vbr1_l1_programmable_gain_amplifier_tb/result.json
B03,behavior,State/reset/enable/stuck-output behavior,vbr1_l1_propagation_delay_comparator:bugfix,vbr1_l1_propagation_delay_comparator,bugfix,L1,D2,core,Comparator and Decision Circuits,Propagation-delay comparator,DONE,FAIL_EVAS,FAIL_SIM_CORRECTNESS,model_behavior_failure,behavior_checker_mismatch,"out_p_never_high phases=10mV,1mV,0.1mV,0.01mV",results/vabench-release-v1-baseline-dual-deepseek-v4-pro-20260528-wrapper-v3-samecandidates-full-rejudge/results/vbr1_l1_propagation_delay_comparator_bugfix/result.json
B03,behavior,State/reset/enable/stuck-output behavior,vbr1_l1_propagation_delay_comparator:tb,vbr1_l1_propagation_delay_comparator,tb,L1,D2,core,Comparator and Decision Circuits,Propagation-delay comparator,DONE,FAIL_EVAS,FAIL_SIM_CORRECTNESS,model_behavior_failure,behavior_checker_mismatch,out_p_not_low_before_clock diff=10mV,results/vabench-release-v1-baseline-dual-deepseek-v4-pro-20260528-wrapper-v3-samecandidates-full-rejudge/results/vbr1_l1_propagation_delay_comparator_tb/result.json
B03,behavior,State/reset/enable/stuck-output behavior,vbr1_l1_resettable_integrator:bugfix,vbr1_l1_resettable_integrator,bugfix,L1,D2,core,Baseband Signal Conditioning,Resettable integrator,DONE,FAIL_EVAS,FAIL_SIM_CORRECTNESS,model_behavior_failure,behavior_checker_mismatch,"integrator_samples=0.000,0.000,0.000,0.000,0.000 input_drive=True reset_sequence=True pre_reset_integrated=False reset_clear=True post_reset_restarts=False",results/vabench-release-v1-baseline-dual-deepseek-v4-pro-20260528-wrapper-v3-samecandidates-full-rejudge/results/vbm1_resettable_integrator_bugfix/result.json
B03,behavior,State/reset/enable/stuck-output behavior,vbr1_l1_resettable_integrator:dut,vbr1_l1_resettable_integrator,dut,L1,D2,core,Baseband Signal Conditioning,Resettable integrator,DONE,FAIL_EVAS,FAIL_SIM_CORRECTNESS,model_behavior_failure,behavior_checker_mismatch,"integrator_samples=0.000,0.000,0.000,0.000,0.000 input_drive=True reset_sequence=True pre_reset_integrated=False reset_clear=True post_reset_restarts=False",results/vabench-release-v1-baseline-dual-deepseek-v4-pro-20260528-wrapper-v3-samecandidates-full-rejudge/results/vbm1_resettable_integrator_dut/result.json
B03,behavior,State/reset/enable/stuck-output behavior,vbr1_l1_resettable_integrator:e2e,vbr1_l1_resettable_integrator,e2e,L1,D2,core,Baseband Signal Conditioning,Resettable integrator,DONE,FAIL_EVAS,FAIL_SIM_CORRECTNESS,model_behavior_failure,behavior_checker_mismatch,"integrator_samples=0.500,0.500,0.500,0.500,0.500 input_drive=True reset_sequence=False pre_reset_integrated=False reset_clear=False post_reset_restarts=False",results/vabench-release-v1-baseline-dual-deepseek-v4-pro-20260528-wrapper-v3-samecandidates-full-rejudge/results/vbm1_resettable_integrator_e2e/result.json
B03,behavior,State/reset/enable/stuck-output behavior,vbr1_l1_resettable_integrator:tb,vbr1_l1_resettable_integrator,tb,L1,D2,core,Baseband Signal Conditioning,Resettable integrator,DONE,FAIL_EVAS,FAIL_SIM_CORRECTNESS,model_behavior_failure,behavior_checker_mismatch,"integrator_samples=0.850,0.850,0.850,0.850,0.850 input_drive=True reset_sequence=False pre_reset_integrated=False reset_clear=False post_reset_restarts=False",results/vabench-release-v1-baseline-dual-deepseek-v4-pro-20260528-wrapper-v3-samecandidates-full-rejudge/results/vbm1_resettable_integrator_tb/result.json
B03,behavior,State/reset/enable/stuck-output behavior,vbr1_l1_soft_hysteretic_limiter:bugfix,vbr1_l1_soft_hysteretic_limiter,bugfix,L1,D2,core,Baseband Signal Conditioning,Soft/hysteretic limiter,DONE,FAIL_EVAS,FAIL_SIM_CORRECTNESS,model_behavior_failure,Behavior: output stuck or reset/hold state wrong,soft_limiter_high_compression=0.000,results/vabench-release-v1-baseline-dual-deepseek-v4-pro-20260528-wrapper-v4-changed55-dual/results/vbr1_l1_soft_hysteretic_limiter_bugfix/result.json
B03,behavior,State/reset/enable/stuck-output behavior,vbr1_l1_uvlo_brownout_detector:dut,vbr1_l1_uvlo_brownout_detector,dut,L1,D2,core,Bias Reference and Power Management,UVLO/brownout detector,DONE,FAIL_EVAS,FAIL_SIM_CORRECTNESS,model_behavior_failure,behavior_checker_mismatch,uvlo_hysteresis_hold_failed good=0.000 hold=0.000,results/vabench-release-v1-baseline-dual-deepseek-v4-pro-20260528-wrapper-v3-samecandidates-full-rejudge/results/vbr1_l1_uvlo_brownout_detector_dut/result.json
B04,behavior,Event/timing/stimulus coverage behavior,vbr1_l1_bang_bang_phase_detector:dut,vbr1_l1_bang_bang_phase_detector,dut,L1,D2,core,PLL Clock and Timing Systems,Bang-bang phase detector,DONE,FAIL_EVAS,FAIL_SIM_CORRECTNESS,model_behavior_failure,behavior_checker_mismatch,data_edges=150 up_edges=60 down_edges=60 overlap_frac=0.0209 direction_up=0/60 direction_down=0/90 wrong_direction=150 missing_direction=0,results/vabench-release-v1-baseline-dual-deepseek-v4-pro-20260528-wrapper-v3-samecandidates-full-rejudge/results/bbpd/result.json
B04,behavior,Event/timing/stimulus coverage behavior,vbr1_l1_bang_bang_phase_detector:e2e,vbr1_l1_bang_bang_phase_detector,e2e,L1,D2,core,PLL Clock and Timing Systems,Bang-bang phase detector,DONE,FAIL_EVAS,FAIL_SIM_CORRECTNESS,model_behavior_failure,Behavior: missing/incorrect event timing or stimulus coverage,too_few_data_edges=0,results/vabench-release-v1-baseline-dual-deepseek-v4-pro-20260528-wrapper-v4-changed55-dual/results/bbpd_data_edge_alignment_smoke/result.json
B04,behavior,Event/timing/stimulus coverage behavior,vbr1_l1_bang_bang_phase_detector:tb,vbr1_l1_bang_bang_phase_detector,tb,L1,D2,core,PLL Clock and Timing Systems,Bang-bang phase detector,DONE,FAIL_EVAS,FAIL_SIM_CORRECTNESS,model_behavior_failure,Behavior: missing/incorrect event timing or stimulus coverage,lead_window_updn=1/23,results/vabench-release-v1-baseline-dual-deepseek-v4-pro-20260528-wrapper-v4-changed55-dual/results/vbr1_l1_bang_bang_phase_detector_tb/result.json
B04,behavior,Event/timing/stimulus coverage behavior,vbr1_l1_capacitive_weighted_sar_feedback_dac:e2e,vbr1_l1_capacitive_weighted_sar_feedback_dac,e2e,L1,D2,core,Data Converter Models,Capacitive/weighted SAR feedback DAC,DONE,FAIL_EVAS,FAIL_SIM_CORRECTNESS,model_behavior_failure,Behavior: missing/incorrect event timing or stimulus coverage,clk_edges=9,results/vabench-release-v1-baseline-dual-deepseek-v4-pro-20260528-wrapper-v4-changed55-dual/results/vbr1_l1_capacitive_weighted_sar_feedback_dac_e2e/result.json
B04,behavior,Event/timing/stimulus coverage behavior,vbr1_l1_charge_pump_abstraction:e2e,vbr1_l1_charge_pump_abstraction,e2e,L1,D2,core,PLL Clock and Timing Systems,Voltage-domain charge-pump control abstraction,DONE,FAIL_EVAS,FAIL_SIM_CORRECTNESS,model_behavior_failure,behavior_checker_mismatch,charge_pump_missing_polarity_windows up=1 down=0,results/vabench-release-v1-baseline-dual-deepseek-v4-pro-20260528-wrapper-v3-samecandidates-full-rejudge/results/vbr1_l1_charge_pump_abstraction_e2e/result.json
B04,behavior,Event/timing/stimulus coverage behavior,vbr1_l1_charge_pump_abstraction:tb,vbr1_l1_charge_pump_abstraction,tb,L1,D2,core,PLL Clock and Timing Systems,Voltage-domain charge-pump control abstraction,DONE,FAIL_EVAS,FAIL_SIM_CORRECTNESS,model_behavior_failure,behavior_checker_mismatch,charge_pump_vctrl_span_too_small=0.000,results/vabench-release-v1-baseline-dual-deepseek-v4-pro-20260528-wrapper-v3-samecandidates-full-rejudge/results/vbr1_l1_charge_pump_abstraction_tb/result.json
B04,behavior,Event/timing/stimulus coverage behavior,vbr1_l1_clocked_adc_quantizer:e2e,vbr1_l1_clocked_adc_quantizer,e2e,L1,D2,core,Data Converter Models,Clocked ADC quantizer,DONE,FAIL_EVAS,FAIL_SIM_CORRECTNESS,model_behavior_failure,behavior_checker_mismatch,too_few_edges=9,results/vabench-release-v1-baseline-dual-deepseek-v4-pro-20260528-wrapper-v3-samecandidates-full-rejudge/results/flash_adc_3b_smoke/result.json
B04,behavior,Event/timing/stimulus coverage behavior,vbr1_l1_digital_phase_accumulator_with_modulo_wrap:bugfix,vbr1_l1_digital_phase_accumulator_with_modulo_wrap,bugfix,L1,D2,core,PLL Clock and Timing Systems,Digital phase accumulator with modulo wrap,DONE,FAIL_EVAS,FAIL_SIM_CORRECTNESS,model_behavior_failure,behavior_checker_mismatch,phase_span_too_small=0.000,results/vabench-release-v1-baseline-dual-deepseek-v4-pro-20260528-wrapper-v3-samecandidates-full-rejudge/results/vbr1_l1_digital_phase_accumulator_with_modulo_wrap_bugfix/result.json
B04,behavior,Event/timing/stimulus coverage behavior,vbr1_l1_hysteresis_comparator:e2e,vbr1_l1_hysteresis_comparator,e2e,L1,D2,core,Comparator and Decision Circuits,Hysteresis comparator,DONE,FAIL_EVAS,FAIL_SIM_CORRECTNESS,model_behavior_failure,behavior_checker_mismatch,window_fracs pre=0.377 mid=0.000 post=1.000,results/vabench-release-v1-baseline-dual-deepseek-v4-pro-20260528-wrapper-v3-samecandidates-full-rejudge/results/comparator_hysteresis_smoke/result.json
B04,behavior,Event/timing/stimulus coverage behavior,vbr1_l1_hysteresis_comparator:tb,vbr1_l1_hysteresis_comparator,tb,L1,D2,core,Comparator and Decision Circuits,Hysteresis comparator,DONE,FAIL_EVAS,FAIL_SIM_CORRECTNESS,model_behavior_failure,behavior_checker_mismatch,window_fracs pre=1.000 mid=0.602 post=1.000,results/vabench-release-v1-baseline-dual-deepseek-v4-pro-20260528-wrapper-v3-samecandidates-full-rejudge/results/vbr1_l1_hysteresis_comparator_tb/result.json
B04,behavior,Event/timing/stimulus coverage behavior,vbr1_l1_lock_detector:bugfix,vbr1_l1_lock_detector,bugfix,L1,D2,core,PLL Clock and Timing Systems,Lock detector,DONE,FAIL_EVAS,FAIL_SIM_CORRECTNESS,model_behavior_failure,behavior_checker_mismatch,lock_sequence=LLLL expected=LLHH,results/vabench-release-v1-baseline-dual-deepseek-v4-pro-20260528-wrapper-v3-samecandidates-full-rejudge/results/vbm1_lock_detector_bugfix/result.json
B04,behavior,Event/timing/stimulus coverage behavior,vbr1_l1_lock_detector:tb,vbr1_l1_lock_detector,tb,L1,D2,core,PLL Clock and Timing Systems,Lock detector,DONE,FAIL_EVAS,FAIL_SIM_CORRECTNESS,model_behavior_failure,behavior_checker_mismatch,lock_sequence=LLLL expected=LLHH,results/vabench-release-v1-baseline-dual-deepseek-v4-pro-20260528-wrapper-v3-samecandidates-full-rejudge/results/vbm1_lock_detector_tb/result.json
B04,behavior,Event/timing/stimulus coverage behavior,vbr1_l1_loop_filter_abstraction:bugfix,vbr1_l1_loop_filter_abstraction,bugfix,L1,D2,core,PLL Clock and Timing Systems,Sampled loop-filter abstraction,DONE,FAIL_EVAS,FAIL_SIM_CORRECTNESS,model_behavior_failure,behavior_checker_mismatch,loop_filter_no_proportional_decay first=0.067 later=0.036,results/vabench-release-v1-baseline-dual-deepseek-v4-pro-20260528-wrapper-v3-samecandidates-full-rejudge/results/vbr1_l1_loop_filter_abstraction_bugfix/result.json
B04,behavior,Event/timing/stimulus coverage behavior,vbr1_l1_loop_filter_abstraction:dut,vbr1_l1_loop_filter_abstraction,dut,L1,D2,core,PLL Clock and Timing Systems,Sampled loop-filter abstraction,DONE,FAIL_EVAS,FAIL_SIM_CORRECTNESS,model_behavior_failure,behavior_checker_mismatch,loop_filter_no_proportional_decay first=0.092 later=-0.003,results/vabench-release-v1-baseline-dual-deepseek-v4-pro-20260528-wrapper-v3-samecandidates-full-rejudge/results/vbr1_l1_loop_filter_abstraction_dut/result.json
B04,behavior,Event/timing/stimulus coverage behavior,vbr1_l1_loop_filter_abstraction:tb,vbr1_l1_loop_filter_abstraction,tb,L1,D2,core,PLL Clock and Timing Systems,Sampled loop-filter abstraction,DONE,FAIL_EVAS,FAIL_SIM_CORRECTNESS,model_behavior_failure,behavior_checker_mismatch,loop_filter_too_few_edge_samples=7,results/vabench-release-v1-baseline-dual-deepseek-v4-pro-20260528-wrapper-v3-samecandidates-full-rejudge/results/vbr1_l1_loop_filter_abstraction_tb/result.json
B04,behavior,Event/timing/stimulus coverage behavior,vbr1_l1_pfd_up_dn_logic:bugfix,vbr1_l1_pfd_up_dn_logic,bugfix,L1,D2,core,PLL Clock and Timing Systems,PFD UP/DN logic,DONE,FAIL_EVAS,FAIL_SIM_CORRECTNESS,model_behavior_failure,Behavior: missing/incorrect event timing or stimulus coverage,up_first=0.0000 dn_first=0.0000 up_second=0.0000 dn_second=0.0000 up_pulses_first=0 dn_pulses_second=0 overlap_frac=0.0000,results/vabench-release-v1-baseline-dual-deepseek-v4-pro-20260528-wrapper-v4-changed55-dual/results/vbm1_pfd_reset_race_bugfix/result.json
B04,behavior,Event/timing/stimulus coverage behavior,vbr1_l1_pfd_up_dn_logic:dut,vbr1_l1_pfd_up_dn_logic,dut,L1,D2,core,PLL Clock and Timing Systems,PFD UP/DN logic,DONE,FAIL_EVAS,FAIL_SIM_CORRECTNESS,model_behavior_failure,behavior_checker_mismatch,up_first=0.0000 dn_first=0.0000 up_second=0.0000 dn_second=0.0000 up_pulses_first=0 dn_pulses_second=0 overlap_frac=0.0000,results/vabench-release-v1-baseline-dual-deepseek-v4-pro-20260528-wrapper-v3-samecandidates-full-rejudge/results/vbm1_pfd_reset_race_dut/result.json
B04,behavior,Event/timing/stimulus coverage behavior,vbr1_l1_pfd_up_dn_logic:e2e,vbr1_l1_pfd_up_dn_logic,e2e,L1,D2,core,PLL Clock and Timing Systems,PFD UP/DN logic,DONE,FAIL_EVAS,FAIL_SIM_CORRECTNESS,model_behavior_failure,behavior_checker_mismatch,up_first=0.0000 dn_first=0.0048 up_second=0.0000 dn_second=0.0000 up_pulses_first=0 dn_pulses_second=0 overlap_frac=0.0000,results/vabench-release-v1-baseline-dual-deepseek-v4-pro-20260528-wrapper-v3-samecandidates-full-rejudge/results/vbm1_pfd_reset_race_e2e/result.json
B04,behavior,Event/timing/stimulus coverage behavior,vbr1_l1_pfd_up_dn_logic:tb,vbr1_l1_pfd_up_dn_logic,tb,L1,D2,core,PLL Clock and Timing Systems,PFD UP/DN logic,DONE,FAIL_EVAS,FAIL_SIM_CORRECTNESS,model_behavior_failure,Behavior: missing/incorrect event timing or stimulus coverage,up_first=0.0000 dn_first=0.0498 up_second=0.0000 dn_second=0.0000 up_pulses_first=0 dn_pulses_second=0 overlap_frac=0.0000,results/vabench-release-v1-baseline-dual-deepseek-v4-pro-20260528-wrapper-v4-changed55-dual/results/vbm1_pfd_reset_race_tb/result.json
B04,behavior,Event/timing/stimulus coverage behavior,vbr1_l1_rf_mixer_downconverter_macro:e2e,vbr1_l1_rf_mixer_downconverter_macro,e2e,L1,D2,core,RF and AFE Behavioral Macromodels,RF mixer/downconverter macro,DONE,FAIL_EVAS,FAIL_SIM_CORRECTNESS,model_behavior_failure,behavior_checker_mismatch,mixer_missing_sample_windows,results/vabench-release-v1-baseline-dual-deepseek-v4-pro-20260528-wrapper-v3-samecandidates-full-rejudge/results/vbr1_l1_rf_mixer_downconverter_macro_e2e/result.json
B04,behavior,Event/timing/stimulus coverage behavior,vbr1_l1_vco_phase_integrator:bugfix,vbr1_l1_vco_phase_integrator,bugfix,L1,D2,core,PLL Clock and Timing Systems,VCO phase integrator,DONE,FAIL_EVAS,FAIL_SIM_CORRECTNESS,model_behavior_failure,behavior_checker_mismatch,phase_1ns=0.100 phase_10ns=0.000 phase_span=0.950 clk_edges=44 early_edges=4 late_edges=36,results/vabench-release-v1-baseline-dual-deepseek-v4-pro-20260528-wrapper-v3-samecandidates-full-rejudge/results/vbr1_l1_vco_phase_integrator_bugfix/result.json
B04,behavior,Event/timing/stimulus coverage behavior,vbr1_l1_vco_phase_integrator:e2e,vbr1_l1_vco_phase_integrator,e2e,L1,D2,core,PLL Clock and Timing Systems,VCO phase integrator,DONE,FAIL_EVAS,FAIL_SIM_CORRECTNESS,model_behavior_failure,behavior_checker_mismatch,phase_1ns=0.000 phase_10ns=0.030 phase_span=0.030 clk_edges=0 early_edges=0 late_edges=0,results/vabench-release-v1-baseline-dual-deepseek-v4-pro-20260528-wrapper-v3-samecandidates-full-rejudge/results/vbm1_vco_phase_integrator_e2e/result.json
B04,behavior,Event/timing/stimulus coverage behavior,vbr1_l2_adpll_lock_ratio_hop_timer_flow:e2e,vbr1_l2_adpll_lock_ratio_hop_timer_flow,e2e,L2,D3,core,PLL Clock and Timing Systems,ADPLL lock/ratio-hop/timer flow,DONE,FAIL_EVAS,FAIL_SIM_CORRECTNESS,model_behavior_failure,behavior_checker_mismatch,hop_t=1.500e-06 pre_ratio=3.528 post_ratio=3.520 pre_lock=0.000 post_lock=0.000 vctrl_range_ok=True,results/vabench-release-v1-baseline-dual-deepseek-v4-pro-20260528-wrapper-v3-samecandidates-full-rejudge/results/adpll_ratio_hop_smoke/result.json
B04,behavior,Event/timing/stimulus coverage behavior,vbr1_l2_adpll_lock_ratio_hop_timer_flow:tb,vbr1_l2_adpll_lock_ratio_hop_timer_flow,tb,L2,D3,core,PLL Clock and Timing Systems,ADPLL lock/ratio-hop/timer flow,DONE,FAIL_EVAS,FAIL_SIM_CORRECTNESS,model_behavior_failure,behavior_checker_mismatch,hop_t=2.500e-06 pre_ratio=10.001 post_ratio=15.001 pre_lock=1.000 post_lock=1.000 vctrl_range_ok=True,results/vabench-release-v1-baseline-dual-deepseek-v4-pro-20260528-wrapper-v3-samecandidates-full-rejudge/results/vbr1_l2_adpll_lock_ratio_hop_timer_flow_tb/result.json
B04,behavior,Event/timing/stimulus coverage behavior,vbr1_l2_flash_adc_mini_array:tb,vbr1_l2_flash_adc_mini_array,tb,L2,D3,core,Data Converter Models,Flash ADC mini-array,DONE,FAIL_EVAS,FAIL_SIM_CORRECTNESS,model_behavior_failure,Behavior: missing/incorrect event timing or stimulus coverage,too_few_settled_samples=0,results/vabench-release-v1-baseline-dual-deepseek-v4-pro-20260528-wrapper-v4-changed55-dual/results/vbr1_l2_flash_adc_mini_array_tb/result.json
B05,behavior,Decision/code/quantization sequence behavior,vbr1_l1_binary_weighted_voltage_dac:e2e,vbr1_l1_binary_weighted_voltage_dac,e2e,L1,D1,core,Data Converter Models,Simple 4-bit binary-coded DAC,DONE,FAIL_EVAS,FAIL_SIM_CORRECTNESS,model_behavior_failure,Behavior: wrong decision/code sequence,"simple_binary_dac_levels=0.000,0.000,0.000,0.000,0.000,0.000,0.000,0.000,0.000,0.000,0.000,0.000,0.000,0.000,0.000,0.000 expected=0.000,0.060,0.120,0.180,0.240,0.300,0.360,0.420,0.480,0.540,0.600,0.660,0.720,0.780,0.8...",results/vabench-release-v1-baseline-dual-deepseek-v4-pro-20260528-wrapper-v4-changed55-dual/results/vbm1_simple_binary_voltage_dac_4b_e2e/result.json
B05,behavior,Decision/code/quantization sequence behavior,vbr1_l1_capacitive_weighted_sar_feedback_dac:bugfix,vbr1_l1_capacitive_weighted_sar_feedback_dac,bugfix,L1,D2,core,Data Converter Models,Capacitive/weighted SAR feedback DAC,DONE,FAIL_EVAS,FAIL_SIM_CORRECTNESS,model_behavior_failure,behavior_checker_mismatch,samples=16 mismatches=16/1 cal_mismatches=0 covered_states=16 diff_span=1.3491 max_diff_error=0.6537 max_cm_error=0.0000,results/vabench-release-v1-baseline-dual-deepseek-v4-pro-20260528-wrapper-v3-samecandidates-full-rejudge/results/vbr1_l1_capacitive_weighted_sar_feedback_dac_bugfix/result.json
B05,behavior,Decision/code/quantization sequence behavior,vbr1_l1_capacitive_weighted_sar_feedback_dac:tb,vbr1_l1_capacitive_weighted_sar_feedback_dac,tb,L1,D2,core,Data Converter Models,Capacitive/weighted SAR feedback DAC,DONE,FAIL_EVAS,FAIL_SIM_CORRECTNESS,model_behavior_failure,behavior_checker_mismatch,samples=16 mismatches=13/1 cal_mismatches=15 covered_states=16 diff_span=0.6152 max_diff_error=0.6012 max_cm_error=0.0000,results/vabench-release-v1-baseline-dual-deepseek-v4-pro-20260528-wrapper-v3-samecandidates-full-rejudge/results/vbr1_l1_capacitive_weighted_sar_feedback_dac_tb/result.json
B05,behavior,Decision/code/quantization sequence behavior,vbr1_l1_dac_mismatch_unit_weighting_model:dut,vbr1_l1_dac_mismatch_unit_weighting_model,dut,L1,D2,core,Data Converter Models,DAC mismatch/unit-weighting model,DONE,FAIL_EVAS,FAIL_SIM_CORRECTNESS,model_behavior_failure,behavior_checker_mismatch,dac_weight_mismatches=3 7ns:0.0625/0.0598 15ns:0.1166/0.1207 25ns:0.4242/0.4171 35ns:0.9000/0.9000,results/vabench-release-v1-baseline-dual-deepseek-v4-pro-20260528-wrapper-v3-samecandidates-full-rejudge/results/vbr1_l1_dac_mismatch_unit_weighting_model_dut/result.json
B05,behavior,Decision/code/quantization sequence behavior,vbr1_l1_dac_mismatch_unit_weighting_model:e2e,vbr1_l1_dac_mismatch_unit_weighting_model,e2e,L1,D2,core,Data Converter Models,DAC mismatch/unit-weighting model,DONE,FAIL_EVAS,FAIL_SIM_CORRECTNESS,model_behavior_failure,behavior_checker_mismatch,dac_weight_mismatches=3 7ns:0.0620/0.0598 15ns:0.1200/0.1207 25ns:0.2400/0.2367 35ns:0.3600/0.3574,results/vabench-release-v1-baseline-dual-deepseek-v4-pro-20260528-wrapper-v3-samecandidates-full-rejudge/results/vbr1_l1_dac_mismatch_unit_weighting_model_e2e/result.json
B05,behavior,Decision/code/quantization sequence behavior,vbr1_l1_dac_mismatch_unit_weighting_model:tb,vbr1_l1_dac_mismatch_unit_weighting_model,tb,L1,D2,core,Data Converter Models,DAC mismatch/unit-weighting model,DONE,FAIL_EVAS,FAIL_SIM_CORRECTNESS,model_behavior_failure,behavior_checker_mismatch,dac_weight_mismatches=3 7ns:0.0598/0.0598 15ns:0.1207/0.1805 25ns:0.2367/0.2964 35ns:0.3574/0.4171,results/vabench-release-v1-baseline-dual-deepseek-v4-pro-20260528-wrapper-v3-samecandidates-full-rejudge/results/vbr1_l1_dac_mismatch_unit_weighting_model_tb/result.json
B05,behavior,Decision/code/quantization sequence behavior,vbr1_l1_debounce_latch:tb,vbr1_l1_debounce_latch,tb,L1,D2,core,Comparator and Decision Circuits,Comparator debounce latch,DONE,FAIL_EVAS,FAIL_SIM_CORRECTNESS,model_behavior_failure,behavior_checker_mismatch,debounce_early_low=LLHH late_high=HH,results/vabench-release-v1-baseline-dual-deepseek-v4-pro-20260528-wrapper-v3-samecandidates-full-rejudge/results/vbm1_debounce_latch_tb/result.json
B05,behavior,Decision/code/quantization sequence behavior,vbr1_l1_offset_comparator:bugfix,vbr1_l1_offset_comparator,bugfix,L1,D1,core,Comparator and Decision Circuits,Offset comparator,DONE,FAIL_EVAS,FAIL_SIM_CORRECTNESS,model_behavior_failure,behavior_checker_mismatch,offset_decisions=LLLHHLL expected=LHHHLLL,results/vabench-release-v1-baseline-dual-deepseek-v4-pro-20260528-wrapper-v3-samecandidates-full-rejudge/results/vbm1_offset_comparator_bugfix/result.json
B05,behavior,Decision/code/quantization sequence behavior,vbr1_l1_offset_comparator:dut,vbr1_l1_offset_comparator,dut,L1,D1,core,Comparator and Decision Circuits,Offset comparator,DONE,FAIL_EVAS,FAIL_SIM_CORRECTNESS,model_behavior_failure,behavior_checker_mismatch,offset_decisions=LLLHHLL expected=LHHHLLL,results/vabench-release-v1-baseline-dual-deepseek-v4-pro-20260528-wrapper-v3-samecandidates-full-rejudge/results/vbm1_offset_comparator_dut/result.json
B05,behavior,Decision/code/quantization sequence behavior,vbr1_l1_offset_comparator:e2e,vbr1_l1_offset_comparator,e2e,L1,D1,core,Comparator and Decision Circuits,Offset comparator,DONE,FAIL_EVAS,FAIL_SIM_CORRECTNESS,model_behavior_failure,Behavior: wrong decision/code sequence,offset_decisions=LLLHHLL expected=LHHHLLL,results/vabench-release-v1-baseline-dual-deepseek-v4-pro-20260528-wrapper-v4-changed55-dual/results/vbm1_offset_comparator_e2e/result.json
B05,behavior,Decision/code/quantization sequence behavior,vbr1_l1_offset_comparator:tb,vbr1_l1_offset_comparator,tb,L1,D1,core,Comparator and Decision Circuits,Offset comparator,DONE,FAIL_EVAS,FAIL_SIM_CORRECTNESS,model_behavior_failure,behavior_checker_mismatch,offset_decisions=LLHHLLL expected=LHHHLLL,results/vabench-release-v1-baseline-dual-deepseek-v4-pro-20260528-wrapper-v3-samecandidates-full-rejudge/results/vbm1_offset_comparator_tb/result.json
B05,behavior,Decision/code/quantization sequence behavior,vbr1_l1_pipeline_adc_stage:dut,vbr1_l1_pipeline_adc_stage,dut,L1,D3,core,Data Converter Models,Pipeline ADC MDAC stage,DONE,FAIL_EVAS,FAIL_SIM_CORRECTNESS,model_behavior_failure,behavior_checker_mismatch,"regions=upper:5,middle:5,lower:5 bit_mismatches=10 residue_mismatches=15 max_residue_err=0.5400 bounded_failures=0",results/vabench-release-v1-baseline-dual-deepseek-v4-pro-20260528-wrapper-v3-samecandidates-full-rejudge/results/pipeline_stage/result.json
B05,behavior,Decision/code/quantization sequence behavior,vbr1_l1_sar_logic:bugfix,vbr1_l1_sar_logic,bugfix,L1,D2,core,Data Converter Models,SAR logic,DONE,FAIL_EVAS,FAIL_SIM_CORRECTNESS,model_behavior_failure,behavior_checker_mismatch,sar_rdy_sequence=LLH expected=LHL code176=0101 expected_code=1010,results/vabench-release-v1-baseline-dual-deepseek-v4-pro-20260528-wrapper-v3-samecandidates-full-rejudge/results/vbm1_sar_logic_4b_bugfix/result.json
B05,behavior,Decision/code/quantization sequence behavior,vbr1_l1_sar_logic:e2e,vbr1_l1_sar_logic,e2e,L1,D2,core,Data Converter Models,SAR logic,DONE,FAIL_EVAS,FAIL_SIM_CORRECTNESS,model_behavior_failure,Behavior: wrong decision/code sequence,sar_rdy_sequence=LLL expected=LHL code176=1000 expected_code=1010,results/vabench-release-v1-baseline-dual-deepseek-v4-pro-20260528-wrapper-v4-changed55-dual/results/vbm1_sar_logic_4b_e2e/result.json
B05,behavior,Decision/code/quantization sequence behavior,vbr1_l1_sar_logic:tb,vbr1_l1_sar_logic,tb,L1,D2,core,Data Converter Models,SAR logic,DONE,FAIL_EVAS,FAIL_SIM_CORRECTNESS,model_behavior_failure,behavior_checker_mismatch,sar_rdy_sequence=LLL expected=LHL code176=1000 expected_code=1010,results/vabench-release-v1-baseline-dual-deepseek-v4-pro-20260528-wrapper-v3-samecandidates-full-rejudge/results/vbm1_sar_logic_4b_tb/result.json
B05,behavior,Decision/code/quantization sequence behavior,vbr1_l1_segmented_dac:dut,vbr1_l1_segmented_dac,dut,L1,D2,core,Data Converter Models,Segmented DAC,DONE,FAIL_EVAS,FAIL_SIM_CORRECTNESS,model_behavior_failure,behavior_checker_mismatch,"dac_levels=0.000,0.075,0.150,0.525,0.900 expected=0.000,0.060,0.120,0.420,0.720 monotonic=True",results/vabench-release-v1-baseline-dual-deepseek-v4-pro-20260528-wrapper-v3-samecandidates-full-rejudge/results/vbm1_segmented_dac_dut/result.json
B05,behavior,Decision/code/quantization sequence behavior,vbr1_l1_segmented_dac:e2e,vbr1_l1_segmented_dac,e2e,L1,D2,core,Data Converter Models,Segmented DAC,DONE,FAIL_EVAS,FAIL_SIM_CORRECTNESS,model_behavior_failure,behavior_checker_mismatch,"dac_levels=0.060,0.240,0.360,0.540,0.780 expected=0.000,0.060,0.120,0.420,0.720 monotonic=True",results/vabench-release-v1-baseline-dual-deepseek-v4-pro-20260528-wrapper-v3-samecandidates-full-rejudge/results/vbm1_segmented_dac_e2e/result.json
B05,behavior,Decision/code/quantization sequence behavior,vbr1_l1_strongarm_style_latch_comparator:tb,vbr1_l1_strongarm_style_latch_comparator,tb,L1,D2,core,Comparator and Decision Circuits,StrongARM-style latch comparator,DONE,FAIL_EVAS,FAIL_SIM_CORRECTNESS,model_behavior_failure,behavior_checker_mismatch,decision_samples=XXXX expected=PPNN,results/vabench-release-v1-baseline-dual-deepseek-v4-pro-20260528-wrapper-v3-samecandidates-full-rejudge/results/vbm1_strongarm_comparator_behavior_tb/result.json
B05,behavior,Decision/code/quantization sequence behavior,vbr1_l1_thermometer_code_decoder:e2e,vbr1_l1_thermometer_code_decoder,e2e,L1,D1,core,Data Converter Models,Thermometer-code decoder,DONE,FAIL_EVAS,FAIL_SIM_CORRECTNESS,model_behavior_failure,behavior_checker_mismatch,"thermometer_sequence=-,-,-,-,-,- expected=-,-,0,01,012,012",results/vabench-release-v1-baseline-dual-deepseek-v4-pro-20260528-wrapper-v3-samecandidates-full-rejudge/results/vbm1_thermometer_decoder_guarded_e2e/result.json
B05,behavior,Decision/code/quantization sequence behavior,vbr1_l1_thermometer_code_decoder:tb,vbr1_l1_thermometer_code_decoder,tb,L1,D1,core,Data Converter Models,Thermometer-code decoder,DONE,FAIL_EVAS,FAIL_SIM_CORRECTNESS,model_behavior_failure,Behavior: wrong decision/code sequence,"thermometer_sequence=-,-,0,01,012,- expected=-,-,0,01,012,012",results/vabench-release-v1-baseline-dual-deepseek-v4-pro-20260528-wrapper-v4-changed55-dual/results/vbm1_thermometer_decoder_guarded_tb/result.json
B05,behavior,Decision/code/quantization sequence behavior,vbr1_l1_unit_element_thermometer_dac:tb,vbr1_l1_unit_element_thermometer_dac,tb,L1,D1,core,Data Converter Models,Unit-element thermometer DAC,DONE,FAIL_EVAS,FAIL_SIM_CORRECTNESS,model_behavior_failure,behavior_checker_mismatch,levels=0:0.000/0 1:0.120/2 2:0.420/7 7:0.900/15 14:0.900/15 15:0.900/15 max_err=0.480 monotonic=True counts_match=False full_scale_ok=True,results/vabench-release-v1-baseline-dual-deepseek-v4-pro-20260528-wrapper-v3-samecandidates-full-rejudge/results/vbm1_thermometer_dac_15seg_tb/result.json
B05,behavior,Decision/code/quantization sequence behavior,vbr1_l2_flash_adc_mini_array:e2e,vbr1_l2_flash_adc_mini_array,e2e,L2,D3,core,Data Converter Models,Flash ADC mini-array,DONE,FAIL_EVAS,FAIL_SIM_CORRECTNESS,model_behavior_failure,Behavior: wrong decision/code sequence,"observed_codes=0,1,2,3,4,5,6,7 expected_codes=1,2,3,4,5,6,7 comparator_mismatches=7 thermometer_errors=0 encoder_mismatches=0 reversals=0",results/vabench-release-v1-baseline-dual-deepseek-v4-pro-20260528-wrapper-v4-changed55-dual/results/flash_adc_mini_array_e2e/result.json
B05,behavior,Decision/code/quantization sequence behavior,vbr1_l2_pipeline_adc_chain:e2e,vbr1_l2_pipeline_adc_chain,e2e,L2,D3,core,Data Converter Models,Pipeline ADC residue chain,DONE,FAIL_EVAS,FAIL_SIM_CORRECTNESS,model_behavior_failure,Behavior: wrong decision/code sequence,"observed_codes=1,2,3,4,5,6,7,8,9,10,11,12,13,14,15 expected_codes=1,2,3,4,5,6,7,8,9,10,11,12,13,14,15 stage_bit_mismatches=0 final_concat_mismatches=0 final_code_mismatches=0 residue_mismatches=15 max_res1_err=0.0515...",results/vabench-release-v1-baseline-dual-deepseek-v4-pro-20260528-wrapper-v4-changed55-dual/results/pipeline_adc_chain_e2e/result.json
B05,behavior,Decision/code/quantization sequence behavior,vbr1_l2_weighted_sar_adc_dac_loop:tb,vbr1_l2_weighted_sar_adc_dac_loop,tb,L2,D3,core,Data Converter Models,Weighted SAR ADC/DAC loop,DONE,FAIL_EVAS,FAIL_SIM_CORRECTNESS,model_behavior_failure,behavior_checker_mismatch,samples=95 unique_codes=91 code_range=0-255 sample_span=0.994 vout_span=1.000 avg_quant_err=0.0588 max_quant_err=0.1051 avg_dac_err=0.0520 max_dac_err=0.1000 avg_roundtrip_err=0.0069 monotonic_reversals=0,results/vabench-release-v1-baseline-dual-deepseek-v4-pro-20260528-wrapper-v3-samecandidates-full-rejudge/results/vbr1_l2_weighted_sar_adc_dac_loop_tb/result.json
B06,behavior,Calibration/DEM/control algorithm behavior,vbr1_l1_calibration_deadband_controller:dut,vbr1_l1_calibration_deadband_controller,dut,L1,D2,core,"Calibration, DEM, and Control",Calibration deadband controller,DONE,FAIL_EVAS,FAIL_SIM_CORRECTNESS,model_behavior_failure,behavior_checker_mismatch,deadband_hold_mismatches=2/10,results/vabench-release-v1-baseline-dual-deepseek-v4-pro-20260528-wrapper-v3-samecandidates-full-rejudge/results/vbr1_l1_calibration_deadband_controller_dut/result.json
B06,behavior,Calibration/DEM/control algorithm behavior,vbr1_l1_calibration_deadband_controller:e2e,vbr1_l1_calibration_deadband_controller,e2e,L1,D2,core,"Calibration, DEM, and Control",Calibration deadband controller,DONE,FAIL_EVAS,FAIL_SIM_CORRECTNESS,model_behavior_failure,Behavior: calibration/control algorithm wrong,trim_direction_mismatches=3/3,results/vabench-release-v1-baseline-dual-deepseek-v4-pro-20260528-wrapper-v4-changed55-dual/results/vbr1_l1_calibration_deadband_controller_e2e/result.json
B06,behavior,Calibration/DEM/control algorithm behavior,vbr1_l1_calibration_deadband_controller:tb,vbr1_l1_calibration_deadband_controller,tb,L1,D2,core,"Calibration, DEM, and Control",Calibration deadband controller,DONE,FAIL_EVAS,FAIL_SIM_CORRECTNESS,model_behavior_failure,Behavior: calibration/control algorithm wrong,deadband_missing_hold_samples=0,results/vabench-release-v1-baseline-dual-deepseek-v4-pro-20260528-wrapper-v4-changed55-dual/results/vbr1_l1_calibration_deadband_controller_tb/result.json
B06,behavior,Calibration/DEM/control algorithm behavior,vbr1_l1_dwa_dem_encoder:tb,vbr1_l1_dwa_dem_encoder,tb,L1,D2,core,"Calibration, DEM, and Control",DWA/DEM encoder,DONE,FAIL_EVAS,FAIL_SIM_CORRECTNESS,model_behavior_failure,behavior_checker_mismatch,sampled_cycles=10 bad_ptr_rows=0 bad_span_rows=0 ptr_unique=2 wrap_events=0 split_wrap_rows=0 max_active_cells=2,results/vabench-release-v1-baseline-dual-deepseek-v4-pro-20260528-wrapper-v3-samecandidates-full-rejudge/results/vbr1_l1_dwa_dem_encoder_tb/result.json
B06,behavior,Calibration/DEM/control algorithm behavior,vbr1_l1_element_shuffler:bugfix,vbr1_l1_element_shuffler,bugfix,L1,D2,core,"Calibration, DEM, and Control",Element shuffler,DONE,FAIL_EVAS,FAIL_SIM_CORRECTNESS,model_behavior_failure,behavior_checker_mismatch,"active_sequence=2,0,3,1,2,0 expected=1,2,3,0,1,2",results/vabench-release-v1-baseline-dual-deepseek-v4-pro-20260528-wrapper-v3-samecandidates-full-rejudge/results/vbm1_element_shuffler_bugfix/result.json
B06,behavior,Calibration/DEM/control algorithm behavior,vbr1_l1_element_shuffler:dut,vbr1_l1_element_shuffler,dut,L1,D2,core,"Calibration, DEM, and Control",Element shuffler,DONE,FAIL_EVAS,FAIL_SIM_CORRECTNESS,model_behavior_failure,behavior_checker_mismatch,"active_sequence=0,3,1,2,0,3 expected=1,2,3,0,1,2",results/vabench-release-v1-baseline-dual-deepseek-v4-pro-20260528-wrapper-v3-samecandidates-full-rejudge/results/vbm1_element_shuffler_dut/result.json
B06,behavior,Calibration/DEM/control algorithm behavior,vbr1_l1_element_shuffler:e2e,vbr1_l1_element_shuffler,e2e,L1,D2,core,"Calibration, DEM, and Control",Element shuffler,DONE,FAIL_EVAS,FAIL_SIM_CORRECTNESS,model_behavior_failure,behavior_checker_mismatch,"active_sequence=-,-,-,-,-,- expected=1,2,3,0,1,2",results/vabench-release-v1-baseline-dual-deepseek-v4-pro-20260528-wrapper-v3-samecandidates-full-rejudge/results/vbm1_element_shuffler_e2e/result.json
B06,behavior,Calibration/DEM/control algorithm behavior,vbr1_l1_element_shuffler:tb,vbr1_l1_element_shuffler,tb,L1,D2,core,"Calibration, DEM, and Control",Element shuffler,DONE,FAIL_EVAS,FAIL_SIM_CORRECTNESS,model_behavior_failure,behavior_checker_mismatch,"active_sequence=2,0,3,1,2,0 expected=1,2,3,0,1,2",results/vabench-release-v1-baseline-dual-deepseek-v4-pro-20260528-wrapper-v3-samecandidates-full-rejudge/results/vbm1_element_shuffler_tb/result.json
B06,behavior,Calibration/DEM/control algorithm behavior,vbr1_l1_gain_trim_controller:bugfix,vbr1_l1_gain_trim_controller,bugfix,L1,D2,core,"Calibration, DEM, and Control",Gain trim controller,DONE,FAIL_EVAS,FAIL_SIM_CORRECTNESS,model_behavior_failure,Behavior: calibration/control algorithm wrong,"gain_trim_samples=0.500,0.700,1.000,1.000,0.800,0.000,0.000,0.000 reset_nominal=False low_meas_increases=False reaches_upper_clamp=False high_meas_decreases=True reaches_lower_clamp=False in_range=False",results/vabench-release-v1-baseline-dual-deepseek-v4-pro-20260528-wrapper-v4-changed55-dual/results/vbm1_gain_trim_controller_bugfix/result.json
B06,behavior,Calibration/DEM/control algorithm behavior,vbr1_l1_gain_trim_controller:e2e,vbr1_l1_gain_trim_controller,e2e,L1,D2,core,"Calibration, DEM, and Control",Gain trim controller,DONE,FAIL_EVAS,FAIL_SIM_CORRECTNESS,model_behavior_failure,Behavior: calibration/control algorithm wrong,"gain_trim_samples=0.300,0.350,0.550,0.800,0.850,0.450,0.150,0.100 reset_nominal=True low_meas_increases=True reaches_upper_clamp=False high_meas_decreases=False reaches_lower_clamp=False in_range=True",results/vabench-release-v1-baseline-dual-deepseek-v4-pro-20260528-wrapper-v4-changed55-dual/results/vbm1_gain_trim_controller_e2e/result.json
B06,behavior,Calibration/DEM/control algorithm behavior,vbr1_l1_gain_trim_controller:tb,vbr1_l1_gain_trim_controller,tb,L1,D2,core,"Calibration, DEM, and Control",Gain trim controller,DONE,FAIL_EVAS,FAIL_SIM_CORRECTNESS,model_behavior_failure,behavior_checker_mismatch,"gain_trim_samples=0.300,0.350,0.550,0.800,0.750,0.350,0.050,0.050 reset_nominal=True low_meas_increases=True reaches_upper_clamp=False high_meas_decreases=True reaches_lower_clamp=True in_range=True",results/vabench-release-v1-baseline-dual-deepseek-v4-pro-20260528-wrapper-v3-samecandidates-full-rejudge/results/vbm1_gain_trim_controller_tb/result.json
B06,behavior,Calibration/DEM/control algorithm behavior,vbr1_l1_successive_approximation_calibration_search_fsm:bugfix,vbr1_l1_successive_approximation_calibration_search_fsm,bugfix,L1,D2,core,"Calibration, DEM, and Control",Successive-approximation calibration/search FSM,DONE,FAIL_EVAS,FAIL_SIM_CORRECTNESS,model_behavior_failure,behavior_checker_mismatch,sar_cal_too_few_active_steps=3,results/vabench-release-v1-baseline-dual-deepseek-v4-pro-20260528-wrapper-v3-samecandidates-full-rejudge/results/vbr1_l1_successive_approximation_calibration_search_fsm_bugfix/result.json
B06,behavior,Calibration/DEM/control algorithm behavior,vbr1_l1_successive_approximation_calibration_search_fsm:dut,vbr1_l1_successive_approximation_calibration_search_fsm,dut,L1,D2,core,"Calibration, DEM, and Control",Successive-approximation calibration/search FSM,DONE,FAIL_EVAS,FAIL_SIM_CORRECTNESS,model_behavior_failure,Behavior: calibration/control algorithm wrong,sar_cal_reset_mean=0.773,results/vabench-release-v1-baseline-dual-deepseek-v4-pro-20260528-wrapper-v4-changed55-dual/results/vbr1_l1_successive_approximation_calibration_search_fsm_dut/result.json
B06,behavior,Calibration/DEM/control algorithm behavior,vbr1_l1_successive_approximation_calibration_search_fsm:e2e,vbr1_l1_successive_approximation_calibration_search_fsm,e2e,L1,D2,core,"Calibration, DEM, and Control",Successive-approximation calibration/search FSM,DONE,FAIL_EVAS,FAIL_SIM_CORRECTNESS,model_behavior_failure,behavior_checker_mismatch,sar_cal_reset_mean=0.763,results/vabench-release-v1-baseline-dual-deepseek-v4-pro-20260528-wrapper-v3-samecandidates-full-rejudge/results/vbr1_l1_successive_approximation_calibration_search_fsm_e2e/result.json
B06,behavior,Calibration/DEM/control algorithm behavior,vbr1_l1_successive_approximation_calibration_search_fsm:tb,vbr1_l1_successive_approximation_calibration_search_fsm,tb,L1,D2,core,"Calibration, DEM, and Control",Successive-approximation calibration/search FSM,DONE,FAIL_EVAS,FAIL_SIM_CORRECTNESS,model_behavior_failure,behavior_checker_mismatch,sar_cal_too_few_active_steps=2,results/vabench-release-v1-baseline-dual-deepseek-v4-pro-20260528-wrapper-v3-samecandidates-full-rejudge/results/vbr1_l1_successive_approximation_calibration_search_fsm_tb/result.json
B06,behavior,Calibration/DEM/control algorithm behavior,vbr1_l1_trim_calibration_controller:bugfix,vbr1_l1_trim_calibration_controller,bugfix,L1,D2,core,"Calibration, DEM, and Control",Trim-voltage generator,DONE,FAIL_EVAS,FAIL_SIM_CORRECTNESS,model_behavior_failure,behavior_checker_mismatch,"trim_samples=0.700,0.900,1.000,0.800,0.800,0.900 in_range=False reset_nominal=False early_increases=True mid_decreases=True late_recovers=True",results/vabench-release-v1-baseline-dual-deepseek-v4-pro-20260528-wrapper-v3-samecandidates-full-rejudge/results/vbm1_cdac_calibration_bugfix/result.json
B06,behavior,Calibration/DEM/control algorithm behavior,vbr1_l1_trim_calibration_controller:e2e,vbr1_l1_trim_calibration_controller,e2e,L1,D2,core,"Calibration, DEM, and Control",Trim-voltage generator,DONE,FAIL_EVAS,FAIL_SIM_CORRECTNESS,model_behavior_failure,behavior_checker_mismatch,"trim_samples=0.510,0.630,0.690,0.810,0.850,0.730 in_range=True reset_nominal=True early_increases=True mid_decreases=False late_recovers=False",results/vabench-release-v1-baseline-dual-deepseek-v4-pro-20260528-wrapper-v3-samecandidates-full-rejudge/results/vbm1_cdac_calibration_e2e/result.json
B06,behavior,Calibration/DEM/control algorithm behavior,vbr1_l1_trim_calibration_controller:tb,vbr1_l1_trim_calibration_controller,tb,L1,D2,core,"Calibration, DEM, and Control",Trim-voltage generator,DONE,FAIL_EVAS,FAIL_SIM_CORRECTNESS,model_behavior_failure,behavior_checker_mismatch,"trim_samples=0.390,0.270,0.210,0.090,0.110,0.230 in_range=True reset_nominal=True early_increases=False mid_decreases=True late_recovers=True",results/vabench-release-v1-baseline-dual-deepseek-v4-pro-20260528-wrapper-v3-samecandidates-full-rejudge/results/vbm1_cdac_calibration_tb/result.json
B06,behavior,Calibration/DEM/control algorithm behavior,vbr1_l2_complete_calibration_loop:e2e,vbr1_l2_complete_calibration_loop,e2e,L2,D3,core,"Calibration, DEM, and Control",Complete calibration loop,DONE,FAIL_EVAS,FAIL_SIM_CORRECTNESS,model_behavior_failure,Behavior: missing/incorrect event timing or stimulus coverage,complete_cal_loop_input_span_too_small=0.300,results/vabench-release-v1-baseline-dual-deepseek-v4-pro-20260528-wrapper-v4-changed55-dual/results/vbr1_l2_complete_calibration_loop_e2e/result.json
B06,behavior,Calibration/DEM/control algorithm behavior,vbr1_l2_complete_calibration_loop:tb,vbr1_l2_complete_calibration_loop,tb,L2,D3,core,"Calibration, DEM, and Control",Complete calibration loop,DONE,FAIL_EVAS,FAIL_SIM_CORRECTNESS,model_behavior_failure,behavior_checker_mismatch,complete_cal_loop_input_span_too_small=0.200,results/vabench-release-v1-baseline-dual-deepseek-v4-pro-20260528-wrapper-v3-samecandidates-full-rejudge/results/vbr1_l2_complete_calibration_loop_tb/result.json
B07,behavior,Sample/hold/aperture/droop behavior,vbr1_l1_acquisition_limited_sample_and_hold:tb,vbr1_l1_acquisition_limited_sample_and_hold,tb,L1,D2,core,Sampling and Analog Memory,Acquisition-limited sample-and-hold,DONE,FAIL_EVAS,FAIL_SIM_CORRECTNESS,model_behavior_failure,behavior_checker_mismatch,acq_hold_drifted_after_fall delta=0.316,results/vabench-release-v1-baseline-dual-deepseek-v4-pro-20260528-wrapper-v3-samecandidates-full-rejudge/results/vbr1_l1_acquisition_limited_sample_and_hold_tb/result.json
B07,behavior,Sample/hold/aperture/droop behavior,vbr1_l1_aperture_delay_track_and_hold:bugfix,vbr1_l1_aperture_delay_track_and_hold,bugfix,L1,D2,core,Sampling and Analog Memory,Aperture-delay track-and-hold,DONE,FAIL_EVAS,FAIL_SIM_CORRECTNESS,model_behavior_failure,behavior_checker_mismatch,"aperture_samples=0.100,0.350,0.600,0.250,0.700,0.400,0.800 expected=0.350,0.600,0.250,0.700,0.400,0.800,0.800 mismatches=6 span=0.700",results/vabench-release-v1-baseline-dual-deepseek-v4-pro-20260528-wrapper-v3-samecandidates-full-rejudge/results/vbr1_l1_aperture_delay_track_and_hold_bugfix/result.json
B07,behavior,Sample/hold/aperture/droop behavior,vbr1_l1_clocked_sample_and_hold:e2e,vbr1_l1_clocked_sample_and_hold,e2e,L1,D2,core,Sampling and Analog Memory,Clocked sample-and-hold,DONE,FAIL_EVAS,FAIL_SIM_CORRECTNESS,model_behavior_failure,behavior_checker_mismatch,too_few_clock_edges=5,results/vabench-release-v1-baseline-dual-deepseek-v4-pro-20260528-wrapper-v3-samecandidates-full-rejudge/results/vbr1_l1_clocked_sample_and_hold_e2e/result.json
B07,behavior,Sample/hold/aperture/droop behavior,vbr1_l1_clocked_sample_and_hold:tb,vbr1_l1_clocked_sample_and_hold,tb,L1,D2,core,Sampling and Analog Memory,Clocked sample-and-hold,DONE,FAIL_EVAS,FAIL_SIM_CORRECTNESS,model_behavior_failure,behavior_checker_mismatch,too_few_clock_edges=0,results/vabench-release-v1-baseline-dual-deepseek-v4-pro-20260528-wrapper-v3-samecandidates-full-rejudge/results/vbr1_l1_clocked_sample_and_hold_tb/result.json
B07,behavior,Sample/hold/aperture/droop behavior,vbr1_l1_sample_and_hold_with_droop_leakage:bugfix,vbr1_l1_sample_and_hold_with_droop_leakage,bugfix,L1,D2,core,Sampling and Analog Memory,Sample-and-hold with droop/leakage,DONE,FAIL_EVAS,FAIL_SIM_CORRECTNESS,model_behavior_failure,behavior_checker_mismatch,"vin_samples=0.200,0.720,0.340 held_samples=0.200,0.719,0.340 max_sample_err=0.001 expected_span=0.520 observed_span=0.519 droop=0.025 upward_steps=0 reset_clear=True",results/vabench-release-v1-baseline-dual-deepseek-v4-pro-20260528-wrapper-v3-samecandidates-full-rejudge/results/vbr1_l1_sample_and_hold_with_droop_leakage_bugfix/result.json
B07,behavior,Sample/hold/aperture/droop behavior,vbr1_l1_sample_and_hold_with_droop_leakage:e2e,vbr1_l1_sample_and_hold_with_droop_leakage,e2e,L1,D2,core,Sampling and Analog Memory,Sample-and-hold with droop/leakage,DONE,FAIL_EVAS,FAIL_SIM_CORRECTNESS,model_behavior_failure,Behavior: sample/hold droop or hold-window behavior wrong,insufficient_droop_window_samples=0,results/vabench-release-v1-baseline-dual-deepseek-v4-pro-20260528-wrapper-v4-changed55-dual/results/vbr1_l1_sample_and_hold_with_droop_leakage_e2e/result.json
B07,behavior,Sample/hold/aperture/droop behavior,vbr1_l1_sample_and_hold_with_droop_leakage:tb,vbr1_l1_sample_and_hold_with_droop_leakage,tb,L1,D2,core,Sampling and Analog Memory,Sample-and-hold with droop/leakage,DONE,FAIL_EVAS,FAIL_SIM_CORRECTNESS,model_behavior_failure,Behavior: sample/hold droop or hold-window behavior wrong,"vin_samples=0.500,0.800,0.200 held_samples=0.497,0.795,0.199 max_sample_err=0.005 expected_span=0.600 observed_span=0.596 droop=0.618 upward_steps=0 reset_clear=True",results/vabench-release-v1-baseline-dual-deepseek-v4-pro-20260528-wrapper-v4-changed55-dual/results/vbr1_l1_sample_and_hold_with_droop_leakage_tb/result.json
B07,behavior,Sample/hold/aperture/droop behavior,vbr1_l2_converter_front_end:tb,vbr1_l2_converter_front_end,tb,L2,D3,core,Sampling and Analog Memory,Converter front-end,DONE,FAIL_EVAS,FAIL_SIM_CORRECTNESS,model_behavior_failure,behavior_checker_mismatch,edges=9 max_sample_err=0.000 coarse_mismatches=0 valid_high_hits=8 valid_low_hits=8 aperture_sensitive=0 droop_windows=1 droop_failures=0,results/vabench-release-v1-baseline-dual-deepseek-v4-pro-20260528-wrapper-v3-samecandidates-full-rejudge/results/vbr1_l2_converter_front_end_tb/result.json
C01,compile,Verilog-A local/embedded declaration placement,vbr1_l1_bandgap_reference_macro_model:bugfix,vbr1_l1_bandgap_reference_macro_model,bugfix,L1,D2,core,Bias Reference and Power Management,Bandgap reference macro model,DONE,FAIL_EVAS,FAIL_DUT_COMPILE,model_veriloga_subset_failure,veriloga_spectre_subset_violation,ERROR: Failed to compile Verilog-A file bandgap_reference_macro_model.va: Parse error at L97:5: Spectre-incompatible local declaration inside analog/procedural statement; move declarations to module scope,results/vabench-release-v1-baseline-dual-deepseek-v4-pro-20260528-wrapper-v3-samecandidates-full-rejudge/results/vbr1_l1_bandgap_reference_macro_model_bugfix/result.json
C01,compile,Verilog-A local/embedded declaration placement,vbr1_l1_calibration_deadband_controller:bugfix,vbr1_l1_calibration_deadband_controller,bugfix,L1,D2,core,"Calibration, DEM, and Control",Calibration deadband controller,DONE,FAIL_EVAS,FAIL_DUT_COMPILE,model_veriloga_subset_failure,Verilog-A subset: local declaration inside analog/procedural block,ERROR: Failed to compile Verilog-A file calibration_deadband_controller.va: Parse error at L79:7: Spectre-incompatible local declaration inside analog/procedural statement; move declarations to module scope,results/vabench-release-v1-baseline-dual-deepseek-v4-pro-20260528-wrapper-v4-changed55-dual/results/vbr1_l1_calibration_deadband_controller_bugfix/result.json
C01,compile,Verilog-A local/embedded declaration placement,vbr1_l1_dac_mismatch_unit_weighting_model:bugfix,vbr1_l1_dac_mismatch_unit_weighting_model,bugfix,L1,D2,core,Data Converter Models,DAC mismatch/unit-weighting model,DONE,FAIL_EVAS,FAIL_DUT_COMPILE,model_veriloga_subset_failure,veriloga_spectre_subset_violation,ERROR: Failed to compile Verilog-A file dac_mismatch_unit_weighting_model.va: Parse error at L73:3: Spectre-incompatible local declaration inside analog/procedural statement; move declarations to module scope,results/vabench-release-v1-baseline-dual-deepseek-v4-pro-20260528-wrapper-v3-samecandidates-full-rejudge/results/vbr1_l1_dac_mismatch_unit_weighting_model_bugfix/result.json
C01,compile,Verilog-A local/embedded declaration placement,vbr1_l1_dwa_dem_encoder:e2e,vbr1_l1_dwa_dem_encoder,e2e,L1,D2,core,"Calibration, DEM, and Control",DWA/DEM encoder,DONE,FAIL_EVAS,FAIL_DUT_COMPILE,model_veriloga_subset_failure,Verilog-A subset: local declaration inside analog/procedural block,ERROR: Failed to compile Verilog-A file dwa_ptr_gen.va: Parse error at L107:5: Spectre-incompatible local declaration inside analog/procedural statement; move declarations to module scope,results/vabench-release-v1-baseline-dual-deepseek-v4-pro-20260528-wrapper-v4-changed55-dual/results/dwa_ptr_gen_smoke/result.json
C01,compile,Verilog-A local/embedded declaration placement,vbr1_l1_gain_trim_controller:dut,vbr1_l1_gain_trim_controller,dut,L1,D2,core,"Calibration, DEM, and Control",Gain trim controller,DONE,FAIL_EVAS,FAIL_DUT_COMPILE,model_veriloga_subset_failure,veriloga_spectre_subset_violation,ERROR: Failed to compile Verilog-A file gain_trim_controller.va: Parse error at L58:9: Spectre-incompatible local declaration inside analog/procedural statement; move declarations to module scope,results/vabench-release-v1-baseline-dual-deepseek-v4-pro-20260528-wrapper-v3-samecandidates-full-rejudge/results/vbm1_gain_trim_controller_dut/result.json
C01,compile,Verilog-A local/embedded declaration placement,vbr1_l1_higher_order_filter:bugfix,vbr1_l1_higher_order_filter,bugfix,L1,D2,core,Baseband Signal Conditioning,Higher-order filter,DONE,FAIL_EVAS,FAIL_DUT_COMPILE,model_veriloga_subset_failure,veriloga_spectre_subset_violation,ERROR: Failed to compile Verilog-A file higher_order_filter.va: Parse error at L64:13: Spectre-incompatible local declaration inside analog/procedural statement; move declarations to module scope,results/vabench-release-v1-baseline-dual-deepseek-v4-pro-20260528-wrapper-v3-samecandidates-full-rejudge/results/vbr1_l1_higher_order_filter_bugfix/result.json
C01,compile,Verilog-A local/embedded declaration placement,vbr1_l1_limiting_amplifier_frontend:e2e,vbr1_l1_limiting_amplifier_frontend,e2e,L1,D2,core,RF and AFE Behavioral Macromodels,Limiting amplifier front-end,DONE,FAIL_EVAS,FAIL_DUT_COMPILE,model_veriloga_subset_failure,veriloga_spectre_subset_violation,an embedded declaration statement outside a labeled block. Specify the,results/vabench-release-v1-baseline-dual-deepseek-v4-pro-20260528-wrapper-v3-samecandidates-full-rejudge/results/vbr1_l1_limiting_amplifier_frontend_e2e/result.json
C01,compile,Verilog-A local/embedded declaration placement,vbr1_l1_lock_detector:dut,vbr1_l1_lock_detector,dut,L1,D2,core,PLL Clock and Timing Systems,Lock detector,DONE,FAIL_EVAS,FAIL_DUT_COMPILE,model_veriloga_subset_failure,veriloga_spectre_subset_violation,ERROR: Failed to compile Verilog-A file lock_detector.va: Parse error at L70:9: Spectre-incompatible local declaration inside analog/procedural statement; move declarations to module scope,results/vabench-release-v1-baseline-dual-deepseek-v4-pro-20260528-wrapper-v3-samecandidates-full-rejudge/results/vbm1_lock_detector_dut/result.json
C01,compile,Verilog-A local/embedded declaration placement,vbr1_l1_lock_detector:e2e,vbr1_l1_lock_detector,e2e,L1,D2,core,PLL Clock and Timing Systems,Lock detector,DONE,FAIL_EVAS,FAIL_DUT_COMPILE,model_veriloga_subset_failure,veriloga_spectre_subset_violation,ERROR: Failed to compile Verilog-A file lock_detector.va: Parse error at L71:17: Spectre-incompatible local declaration inside analog/procedural statement; move declarations to module scope,results/vabench-release-v1-baseline-dual-deepseek-v4-pro-20260528-wrapper-v3-samecandidates-full-rejudge/results/vbm1_lock_detector_e2e/result.json
C01,compile,Verilog-A local/embedded declaration placement,vbr1_l1_loop_filter_abstraction:e2e,vbr1_l1_loop_filter_abstraction,e2e,L1,D2,core,PLL Clock and Timing Systems,Sampled loop-filter abstraction,DONE,FAIL_EVAS,FAIL_DUT_COMPILE,model_veriloga_subset_failure,veriloga_spectre_subset_violation,ERROR: Failed to compile Verilog-A file loop_filter_abstraction.va: Parse error at L87:13: Spectre-incompatible local declaration inside analog/procedural statement; move declarations to module scope,results/vabench-release-v1-baseline-dual-deepseek-v4-pro-20260528-wrapper-v3-samecandidates-full-rejudge/results/vbr1_l1_loop_filter_abstraction_e2e/result.json
C01,compile,Verilog-A local/embedded declaration placement,vbr1_l1_pipeline_adc_stage:bugfix,vbr1_l1_pipeline_adc_stage,bugfix,L1,D3,core,Data Converter Models,Pipeline ADC MDAC stage,DONE,FAIL_EVAS,FAIL_DUT_COMPILE,model_veriloga_subset_failure,veriloga_spectre_subset_violation,ERROR: Failed to compile Verilog-A file pipeline_stage.va: Parse error at L71:5: Spectre-incompatible local declaration inside analog/procedural statement; move declarations to module scope,results/vabench-release-v1-baseline-dual-deepseek-v4-pro-20260528-wrapper-v3-samecandidates-full-rejudge/results/vbr1_l1_pipeline_adc_stage_bugfix/result.json
C01,compile,Verilog-A local/embedded declaration placement,vbr1_l1_precision_rectifier_envelope_detector:bugfix,vbr1_l1_precision_rectifier_envelope_detector,bugfix,L1,D2,core,Baseband Signal Conditioning,Precision rectifier/envelope detector,DONE,FAIL_EVAS,FAIL_DUT_COMPILE,model_veriloga_subset_failure,Verilog-A subset: local declaration inside analog/procedural block,ERROR: Failed to compile Verilog-A file precision_rectifier_envelope_detector.va: Parse error at L75:7: Spectre-incompatible local declaration inside analog/procedural statement; move declarations to module scope,results/vabench-release-v1-baseline-dual-deepseek-v4-pro-20260528-wrapper-v4-changed55-dual/results/vbr1_l1_precision_rectifier_envelope_detector_bugfix/result.json
C01,compile,Verilog-A local/embedded declaration placement,vbr1_l1_precision_rectifier_envelope_detector:dut,vbr1_l1_precision_rectifier_envelope_detector,dut,L1,D2,core,Baseband Signal Conditioning,Precision rectifier/envelope detector,DONE,FAIL_EVAS,FAIL_DUT_COMPILE,model_veriloga_subset_failure,veriloga_spectre_subset_violation,ERROR: Failed to compile Verilog-A file precision_rectifier_envelope_detector.va: Parse error at L88:11: Spectre-incompatible local declaration inside analog/procedural statement; move declarations to module scope,results/vabench-release-v1-baseline-dual-deepseek-v4-pro-20260528-wrapper-v3-samecandidates-full-rejudge/results/vbr1_l1_precision_rectifier_envelope_detector_dut/result.json
C01,compile,Verilog-A local/embedded declaration placement,vbr1_l1_precision_rectifier_envelope_detector:e2e,vbr1_l1_precision_rectifier_envelope_detector,e2e,L1,D2,core,Baseband Signal Conditioning,Precision rectifier/envelope detector,DONE,FAIL_EVAS,FAIL_DUT_COMPILE,model_veriloga_subset_failure,veriloga_spectre_subset_violation,ERROR: Failed to compile Verilog-A file precision_rectifier_envelope_detector.va: Parse error at L62:5: Spectre-incompatible local declaration inside analog/procedural statement; move declarations to module scope,results/vabench-release-v1-baseline-dual-deepseek-v4-pro-20260528-wrapper-v3-samecandidates-full-rejudge/results/vbr1_l1_precision_rectifier_envelope_detector_e2e/result.json
C01,compile,Verilog-A local/embedded declaration placement,vbr1_l1_sar_logic:dut,vbr1_l1_sar_logic,dut,L1,D2,core,Data Converter Models,SAR logic,DONE,FAIL_EVAS,FAIL_DUT_COMPILE,model_veriloga_subset_failure,Verilog-A subset: local declaration inside analog/procedural block,ERROR: Failed to compile Verilog-A file sar_logic_4b.va: Parse error at L66:13: Spectre-incompatible local declaration inside analog/procedural statement; move declarations to module scope,results/vabench-release-v1-baseline-dual-deepseek-v4-pro-20260528-wrapper-v4-changed55-dual/results/vbm1_sar_logic_4b_dut/result.json
C01,compile,Verilog-A local/embedded declaration placement,vbr1_l1_strongarm_style_latch_comparator:dut,vbr1_l1_strongarm_style_latch_comparator,dut,L1,D2,core,Comparator and Decision Circuits,StrongARM-style latch comparator,DONE,FAIL_EVAS,FAIL_DUT_COMPILE,model_veriloga_subset_failure,veriloga_spectre_subset_violation,ERROR: Failed to compile Verilog-A file cmp_strongarm.va: Parse error at L58:7: Spectre-incompatible local declaration inside analog/procedural statement; move declarations to module scope,results/vabench-release-v1-baseline-dual-deepseek-v4-pro-20260528-wrapper-v3-samecandidates-full-rejudge/results/vbm1_strongarm_comparator_behavior_dut/result.json
C01,compile,Verilog-A local/embedded declaration placement,vbr1_l1_strongarm_style_latch_comparator:e2e,vbr1_l1_strongarm_style_latch_comparator,e2e,L1,D2,core,Comparator and Decision Circuits,StrongARM-style latch comparator,DONE,FAIL_EVAS,FAIL_DUT_COMPILE,model_veriloga_subset_failure,Verilog-A subset: local declaration inside analog/procedural block,ERROR: Failed to compile Verilog-A file cmp_strongarm.va: Parse error at L53:5: Spectre-incompatible local declaration inside analog/procedural statement; move declarations to module scope,results/vabench-release-v1-baseline-dual-deepseek-v4-pro-20260528-wrapper-v4-changed55-dual/results/vbm1_strongarm_comparator_behavior_e2e/result.json
C01,compile,Verilog-A local/embedded declaration placement,vbr1_l1_vco_phase_integrator:dut,vbr1_l1_vco_phase_integrator,dut,L1,D2,core,PLL Clock and Timing Systems,VCO phase integrator,DONE,FAIL_EVAS,FAIL_DUT_COMPILE,model_veriloga_subset_failure,veriloga_spectre_subset_violation,ERROR: Failed to compile Verilog-A file vco_phase_integrator.va: Parse error at L58:7: Spectre-incompatible local declaration inside analog/procedural statement; move declarations to module scope,results/vabench-release-v1-baseline-dual-deepseek-v4-pro-20260528-wrapper-v3-samecandidates-full-rejudge/results/vbm1_vco_phase_integrator_dut/result.json
C01,compile,Verilog-A local/embedded declaration placement,vbr1_l2_converter_static_linearity_measurement_flow:e2e,vbr1_l2_converter_static_linearity_measurement_flow,e2e,L2,D3,core,Data Converter Models,Converter static linearity measurement flow,DONE,FAIL_EVAS,FAIL_DUT_COMPILE,model_veriloga_subset_failure,veriloga_spectre_subset_violation,ERROR: Failed to compile Verilog-A file converter_static_linearity_measurement_flow.va: Parse error at L113:9: Spectre-incompatible local declaration inside analog/procedural statement; move declarations to module scope,results/vabench-release-v1-baseline-dual-deepseek-v4-pro-20260528-wrapper-v3-samecandidates-full-rejudge/results/vbr1_l2_converter_static_linearity_measurement_flow_e2e/result.json
C01,compile,Verilog-A local/embedded declaration placement,vbr1_l2_ldo_load_step_recovery_flow:e2e,vbr1_l2_ldo_load_step_recovery_flow,e2e,L2,D3,core,Bias Reference and Power Management,LDO load-step recovery flow,DONE,FAIL_EVAS,FAIL_DUT_COMPILE,model_veriloga_subset_failure,Verilog-A subset: local declaration inside analog/procedural block,ERROR: Failed to compile Verilog-A file ldo_load_step_recovery_flow.va: Parse error at L79:5: Spectre-incompatible local declaration inside analog/procedural statement; move declarations to module scope,results/vabench-release-v1-baseline-dual-deepseek-v4-pro-20260528-wrapper-v4-changed55-dual/results/vbr1_l2_ldo_load_step_recovery_flow_e2e/result.json
C01,compile,Verilog-A local/embedded declaration placement,vbr1_l2_weighted_sar_adc_dac_loop:e2e,vbr1_l2_weighted_sar_adc_dac_loop,e2e,L2,D3,core,Data Converter Models,Weighted SAR ADC/DAC loop,DONE,FAIL_EVAS,FAIL_TB_COMPILE,model_veriloga_subset_failure,Verilog-A subset: local declaration inside analog/procedural block,ERROR: Failed to compile Verilog-A file sar_adc_weighted_8b.va: Parse error at L106:9: Spectre-incompatible local declaration inside analog/procedural statement; move declarations to module scope,results/vabench-release-v1-baseline-dual-deepseek-v4-pro-20260528-wrapper-v4-changed55-dual/results/sar_adc_dac_weighted_8b_smoke/result.json
C02,compile,Guarded transition() contribution,vbr1_l1_dwa_dem_encoder:bugfix,vbr1_l1_dwa_dem_encoder,bugfix,L1,D2,core,"Calibration, DEM, and Control",DWA/DEM encoder,DONE,FAIL_EVAS,FAIL_TB_COMPILE,model_veriloga_subset_failure,veriloga_spectre_subset_violation,ERROR: Failed to compile Verilog-A file dwa_ptr_gen.va: Spectre-incompatible Verilog-A: transition() contribution is inside a conditional/event/loop/case statement,results/vabench-release-v1-baseline-dual-deepseek-v4-pro-20260528-wrapper-v3-samecandidates-full-rejudge/results/vbr1_l1_dwa_dem_encoder_bugfix/result.json
C02,compile,Guarded transition() contribution,vbr1_l1_soft_hysteretic_limiter:e2e,vbr1_l1_soft_hysteretic_limiter,e2e,L1,D2,core,Baseband Signal Conditioning,Soft/hysteretic limiter,DONE,FAIL_EVAS,FAIL_DUT_COMPILE,model_veriloga_subset_failure,Verilog-A subset: transition() used inside conditional/event block,ERROR: Failed to compile Verilog-A file soft_hysteretic_limiter.va: Spectre-incompatible Verilog-A: transition() contribution is inside a conditional/event/loop/case statement,results/vabench-release-v1-baseline-dual-deepseek-v4-pro-20260528-wrapper-v4-changed55-dual/results/vbr1_l1_soft_hysteretic_limiter_e2e/result.json
C03,compile,Restricted cross/operator placement,vbr1_l1_debounce_latch:e2e,vbr1_l1_debounce_latch,e2e,L1,D2,core,Comparator and Decision Circuits,Comparator debounce latch,DONE,FAIL_EVAS,FAIL_DUT_COMPILE,model_veriloga_subset_failure,veriloga_spectre_subset_violation,ERROR: Failed to compile Verilog-A file debounce_latch.va: Module debounce_latch uses Spectre-restricted operator(s) cross inside a conditionally executed statement. Move these operators out of if/case branches.,results/vabench-release-v1-baseline-dual-deepseek-v4-pro-20260528-wrapper-v3-samecandidates-full-rejudge/results/vbm1_debounce_latch_e2e/result.json
C04,compile,Indexed/vector procedural syntax,vbr1_l1_dwa_dem_encoder:dut,vbr1_l1_dwa_dem_encoder,dut,L1,D2,core,"Calibration, DEM, and Control",DWA/DEM encoder,DONE,FAIL_EVAS,FAIL_TB_COMPILE,model_veriloga_subset_failure,veriloga_spectre_subset_violation,"ERROR: Failed to compile Verilog-A file v2b_4b.va: Parse error at L64:20: Expected ASSIGN, got IDENT ('i')",results/vabench-release-v1-baseline-dual-deepseek-v4-pro-20260528-wrapper-v3-samecandidates-full-rejudge/results/vbr1_l1_dwa_dem_encoder_dut/result.json
C06,compile,Spectre testbench instance/source syntax,vbr1_l1_segmented_dac:tb,vbr1_l1_segmented_dac,tb,L1,D2,core,Data Converter Models,Segmented DAC,DONE,FAIL_EVAS,FAIL_DUT_COMPILE,model_veriloga_subset_failure,Spectre TB syntax: malformed instance/source line,ERROR: Failed to parse tb_segmented_dac_ref.scs: Spectre instance/source syntax expects exactly one name before the node list; got '* Stimulus for binary bits: b0',results/vabench-release-v1-baseline-dual-deepseek-v4-pro-20260528-wrapper-v4-changed55-dual/results/vbm1_segmented_dac_tb/result.json
C07,compile,Unsupported event-loop/timer form,vbr1_l1_propagation_delay_comparator:dut,vbr1_l1_propagation_delay_comparator,dut,L1,D2,core,Comparator and Decision Circuits,Propagation-delay comparator,DONE,FAIL_EVAS,FAIL_DUT_COMPILE,model_veriloga_subset_failure,veriloga_spectre_subset_violation,cmp_delay.va:unsupported_unbounded_event_loop,results/vabench-release-v1-baseline-dual-deepseek-v4-pro-20260528-wrapper-v4-samecandidates-propdelay-dut-preflight/results/vbr1_l1_propagation_delay_comparator_dut/result.json
G01,generation,Incomplete generation under fixed output budget,vbr1_l1_bang_bang_phase_detector:bugfix,vbr1_l1_bang_bang_phase_detector,bugfix,L1,D2,core,PLL Clock and Timing Systems,Bang-bang phase detector,INCOMPLETE,missing,INCOMPLETE,model_incomplete_generation,model_output_budget_exhausted,generation_status=no_code_extracted finish_reason=length max_tokens=16384 raw_response_length=0 saved_files=0,results/vabench-release-v1-baseline-dual-deepseek-v4-pro-20260528-wrapper-v3-samecandidates-full-rejudge/results/vbr1_l1_bang_bang_phase_detector_bugfix/result.json
G01,generation,Incomplete generation under fixed output budget,vbr1_l1_clock_divider:bugfix,vbr1_l1_clock_divider,bugfix,L1,D2,core,PLL Clock and Timing Systems,Clock divider,INCOMPLETE,missing,INCOMPLETE,model_incomplete_generation,model_output_budget_exhausted,generation_status=no_code_extracted finish_reason=length max_tokens=16384 raw_response_length=0 saved_files=0,results/vabench-release-v1-baseline-dual-deepseek-v4-pro-20260528-wrapper-v3-samecandidates-full-rejudge/results/vbr1_l1_clock_divider_bugfix/result.json
G01,generation,Incomplete generation under fixed output budget,vbr1_l2_converter_front_end:e2e,vbr1_l2_converter_front_end,e2e,L2,D3,core,Sampling and Analog Memory,Converter front-end,INCOMPLETE,missing,INCOMPLETE,model_incomplete_generation,model_output_budget_exhausted,generation_status=no_code_extracted finish_reason=length max_tokens=16384 raw_response_length=0 saved_files=0,results/vabench-release-v1-baseline-dual-deepseek-v4-pro-20260528-wrapper-v3-samecandidates-full-rejudge/results/vbr1_l2_converter_front_end_e2e/result.json
G01,generation,Incomplete generation under fixed output budget,vbr1_l2_cppll_tracking_and_frequency_step_reacquire_flow:e2e,vbr1_l2_cppll_tracking_and_frequency_step_reacquire_flow,e2e,L2,D3,core,PLL Clock and Timing Systems,CPPLL tracking and frequency-step reacquire flow,INCOMPLETE,missing,INCOMPLETE,model_incomplete_generation,model_output_budget_exhausted,generation_status=no_code_extracted finish_reason=length max_tokens=16384 raw_response_length=0 saved_files=0,results/vabench-release-v1-baseline-dual-deepseek-v4-pro-20260528-wrapper-v3-samecandidates-full-rejudge/results/cppll_freq_step_reacquire_smoke/result.json
