task_id,release_task_id,release_entry_id,form,level,difficulty,track,category,base_function,status,dual_status,evas_status,spectre_checker_pass,dual_pass,is_clean_dual_failure,primary_attribution,secondary_attribution,root_cause_family,root_cause_detail,attribution_confidence,counts_as_direct_model_failure,counts_as_model_spectre_pass,evidence,recommended_action,source_result_json,sample_dir
vbr1_l1_higher_order_filter_e2e,vbr1_l1_higher_order_filter:e2e,vbr1_l1_higher_order_filter,e2e,L1,D2,core,Baseband Signal Conditioning,Higher-order filter,DONE,FAIL_EVAS,FAIL_DUT_COMPILE,False,False,True,prompt_contract_gap_old_wrapper,,public_contract_missing_include,missing_disciplines_vams_in_old_wrapper_candidate,high,False,False,higher_order_filter.va:missing_disciplines_vams,Do not count as direct model ability failure for wrapper-v1 candidates; rerun under wrapper-v4 include rules.,results/vabench-release-v1-baseline-dual-deepseek-v4-pro-20260528-wrapper-v3-samecandidates-full-rejudge/results/vbr1_l1_higher_order_filter_e2e/result.json,results/vabench-release-v1-baseline-minimax-deepseek-v4-pro-20260528-wrapper-v1-full/generated/deepseek-v4-pro/vbr1_l1_higher_order_filter_e2e/sample_0
vbr1_l1_precision_rectifier_envelope_detector_bugfix,vbr1_l1_precision_rectifier_envelope_detector:bugfix,vbr1_l1_precision_rectifier_envelope_detector,bugfix,L1,D2,core,Baseband Signal Conditioning,Precision rectifier/envelope detector,DONE,FAIL_EVAS,FAIL_DUT_COMPILE,False,False,True,prompt_contract_gap_old_wrapper,,public_contract_missing_include,missing_disciplines_vams_in_old_wrapper_candidate,high,False,False,precision_rectifier_envelope_detector.va:missing_disciplines_vams,Do not count as direct model ability failure for wrapper-v1 candidates; rerun under wrapper-v4 include rules.,results/vabench-release-v1-baseline-dual-deepseek-v4-pro-20260528-wrapper-v3-samecandidates-full-rejudge/results/vbr1_l1_precision_rectifier_envelope_detector_bugfix/result.json,results/vabench-release-v1-baseline-minimax-deepseek-v4-pro-20260528-wrapper-v1-full/generated/deepseek-v4-pro/vbr1_l1_precision_rectifier_envelope_detector_bugfix/sample_0
vbr1_l1_programmable_gain_amplifier_bugfix,vbr1_l1_programmable_gain_amplifier:bugfix,vbr1_l1_programmable_gain_amplifier,bugfix,L1,D2,core,Baseband Signal Conditioning,Programmable gain amplifier,DONE,FAIL_EVAS,FAIL_DUT_COMPILE,False,False,True,prompt_contract_gap_old_wrapper,,public_contract_missing_include,missing_disciplines_vams_in_old_wrapper_candidate,high,False,False,programmable_gain_amplifier.va:missing_disciplines_vams,Do not count as direct model ability failure for wrapper-v1 candidates; rerun under wrapper-v4 include rules.,results/vabench-release-v1-baseline-dual-deepseek-v4-pro-20260528-wrapper-v3-samecandidates-full-rejudge/results/vbr1_l1_programmable_gain_amplifier_bugfix/result.json,results/vabench-release-v1-baseline-minimax-deepseek-v4-pro-20260528-wrapper-v1-full/generated/deepseek-v4-pro/vbr1_l1_programmable_gain_amplifier_bugfix/sample_0
vbr1_l1_programmable_gain_amplifier_dut,vbr1_l1_programmable_gain_amplifier:dut,vbr1_l1_programmable_gain_amplifier,dut,L1,D2,core,Baseband Signal Conditioning,Programmable gain amplifier,DONE,FAIL_EVAS,FAIL_DUT_COMPILE,False,False,True,prompt_contract_gap_old_wrapper,,public_contract_missing_include,missing_disciplines_vams_in_old_wrapper_candidate,high,False,False,programmable_gain_amplifier.va:missing_disciplines_vams,Do not count as direct model ability failure for wrapper-v1 candidates; rerun under wrapper-v4 include rules.,results/vabench-release-v1-baseline-dual-deepseek-v4-pro-20260528-wrapper-v3-samecandidates-full-rejudge/results/vbr1_l1_programmable_gain_amplifier_dut/result.json,results/vabench-release-v1-baseline-minimax-deepseek-v4-pro-20260528-wrapper-v1-full/generated/deepseek-v4-pro/vbr1_l1_programmable_gain_amplifier_dut/sample_0
vbr1_l1_programmable_gain_amplifier_e2e,vbr1_l1_programmable_gain_amplifier:e2e,vbr1_l1_programmable_gain_amplifier,e2e,L1,D2,core,Baseband Signal Conditioning,Programmable gain amplifier,DONE,FAIL_EVAS,FAIL_DUT_COMPILE,False,False,True,prompt_contract_gap_old_wrapper,,spectre_scs_source_contract,invalid_or_incomplete_pwl_source_syntax,medium,False,False,ERROR: Failed to parse tb_programmable_gain_amplifier.scs: Invalid PWL wave token 'vdd' in source Vrst,Rerun with wrapper-v4 SCS/PWL scaffold before counting as a direct model failure.,results/vabench-release-v1-baseline-dual-deepseek-v4-pro-20260528-wrapper-v3-samecandidates-full-rejudge/results/vbr1_l1_programmable_gain_amplifier_e2e/result.json,results/vabench-release-v1-baseline-minimax-deepseek-v4-pro-20260528-wrapper-v1-full/generated/deepseek-v4-pro/vbr1_l1_programmable_gain_amplifier_e2e/sample_0
vbr1_l1_soft_hysteretic_limiter_bugfix,vbr1_l1_soft_hysteretic_limiter:bugfix,vbr1_l1_soft_hysteretic_limiter,bugfix,L1,D2,core,Baseband Signal Conditioning,Soft/hysteretic limiter,DONE,FAIL_EVAS,FAIL_DUT_COMPILE,False,False,True,prompt_contract_gap_old_wrapper,,public_contract_missing_include,missing_disciplines_vams_in_old_wrapper_candidate,high,False,False,soft_hysteretic_limiter.va:missing_disciplines_vams,Do not count as direct model ability failure for wrapper-v1 candidates; rerun under wrapper-v4 include rules.,results/vabench-release-v1-baseline-dual-deepseek-v4-pro-20260528-wrapper-v3-samecandidates-full-rejudge/results/vbr1_l1_soft_hysteretic_limiter_bugfix/result.json,results/vabench-release-v1-baseline-minimax-deepseek-v4-pro-20260528-wrapper-v1-full/generated/deepseek-v4-pro/vbr1_l1_soft_hysteretic_limiter_bugfix/sample_0
vbr1_l1_soft_hysteretic_limiter_e2e,vbr1_l1_soft_hysteretic_limiter:e2e,vbr1_l1_soft_hysteretic_limiter,e2e,L1,D2,core,Baseband Signal Conditioning,Soft/hysteretic limiter,DONE,FAIL_EVAS,FAIL_DUT_COMPILE,False,False,True,prompt_contract_gap_old_wrapper,,spectre_scs_source_contract,invalid_or_incomplete_pwl_source_syntax,medium,False,False,ERROR: Failed to parse tb_soft_hysteretic_limiter.scs: Spectre-incompatible PWL wave syntax at line 16: multiline wave=[...] requires backslash line continuation,Rerun with wrapper-v4 SCS/PWL scaffold before counting as a direct model failure.,results/vabench-release-v1-baseline-dual-deepseek-v4-pro-20260528-wrapper-v3-samecandidates-full-rejudge/results/vbr1_l1_soft_hysteretic_limiter_e2e/result.json,results/vabench-release-v1-baseline-minimax-deepseek-v4-pro-20260528-wrapper-v1-full/generated/deepseek-v4-pro/vbr1_l1_soft_hysteretic_limiter_e2e/sample_0
vbr1_l2_amplifier_filter_chain_e2e,vbr1_l2_amplifier_filter_chain:e2e,vbr1_l2_amplifier_filter_chain,e2e,L2,D3,core,Baseband Signal Conditioning,Amplifier/filter chain,DONE,FAIL_EVAS,FAIL_DUT_COMPILE,False,False,True,prompt_contract_gap_old_wrapper,,public_contract_missing_include,missing_disciplines_vams_in_old_wrapper_candidate,high,False,False,amplifier_filter_chain.va:missing_disciplines_vams,Do not count as direct model ability failure for wrapper-v1 candidates; rerun under wrapper-v4 include rules.,results/vabench-release-v1-baseline-dual-deepseek-v4-pro-20260528-wrapper-v3-samecandidates-full-rejudge/results/vbr1_l2_amplifier_filter_chain_e2e/result.json,results/vabench-release-v1-baseline-minimax-deepseek-v4-pro-20260528-wrapper-v1-full/generated/deepseek-v4-pro/vbr1_l2_amplifier_filter_chain_e2e/sample_0
vbr1_l1_bandgap_reference_macro_model_e2e,vbr1_l1_bandgap_reference_macro_model:e2e,vbr1_l1_bandgap_reference_macro_model,e2e,L1,D2,core,Bias Reference and Power Management,Bandgap reference macro model,DONE,FAIL_EVAS,FAIL_DUT_COMPILE,False,False,True,prompt_contract_gap_old_wrapper,,public_contract_missing_include,missing_disciplines_vams_in_old_wrapper_candidate,high,False,False,bandgap_reference_macro_model.va:missing_disciplines_vams,Do not count as direct model ability failure for wrapper-v1 candidates; rerun under wrapper-v4 include rules.,results/vabench-release-v1-baseline-dual-deepseek-v4-pro-20260528-wrapper-v3-samecandidates-full-rejudge/results/vbr1_l1_bandgap_reference_macro_model_e2e/result.json,results/vabench-release-v1-baseline-minimax-deepseek-v4-pro-20260528-wrapper-v1-full/generated/deepseek-v4-pro/vbr1_l1_bandgap_reference_macro_model_e2e/sample_0
vbr1_l1_bias_voltage_generator_with_enable_trim_e2e,vbr1_l1_bias_voltage_generator_with_enable_trim:e2e,vbr1_l1_bias_voltage_generator_with_enable_trim,e2e,L1,D2,core,Bias Reference and Power Management,Bias voltage generator with enable/trim,DONE,FAIL_EVAS,FAIL_DUT_COMPILE,False,False,True,prompt_contract_gap_old_wrapper,,spectre_scs_source_contract,invalid_or_incomplete_pwl_source_syntax,medium,False,False,ERROR: Failed to parse tb_bias_voltage_generator_with_enable_trim.scs: Spectre-incompatible PWL wave syntax at line 9: multiline wave=[...] requires backslash line continuation,Rerun with wrapper-v4 SCS/PWL scaffold before counting as a direct model failure.,results/vabench-release-v1-baseline-dual-deepseek-v4-pro-20260528-wrapper-v3-samecandidates-full-rejudge/results/vbr1_l1_bias_voltage_generator_with_enable_trim_e2e/result.json,results/vabench-release-v1-baseline-minimax-deepseek-v4-pro-20260528-wrapper-v1-full/generated/deepseek-v4-pro/vbr1_l1_bias_voltage_generator_with_enable_trim_e2e/sample_0
vbr1_l1_ldo_regulator_macro_model_e2e,vbr1_l1_ldo_regulator_macro_model:e2e,vbr1_l1_ldo_regulator_macro_model,e2e,L1,D2,core,Bias Reference and Power Management,LDO regulator macro model,DONE,FAIL_EVAS,FAIL_DUT_COMPILE,False,False,True,prompt_contract_gap_old_wrapper,,public_contract_missing_include,missing_disciplines_vams_in_old_wrapper_candidate,high,False,False,ldo_regulator_macro_model.va:missing_disciplines_vams,Do not count as direct model ability failure for wrapper-v1 candidates; rerun under wrapper-v4 include rules.,results/vabench-release-v1-baseline-dual-deepseek-v4-pro-20260528-wrapper-v3-samecandidates-full-rejudge/results/vbr1_l1_ldo_regulator_macro_model_e2e/result.json,results/vabench-release-v1-baseline-minimax-deepseek-v4-pro-20260528-wrapper-v1-full/generated/deepseek-v4-pro/vbr1_l1_ldo_regulator_macro_model_e2e/sample_0
vbr1_l1_uvlo_brownout_detector_bugfix,vbr1_l1_uvlo_brownout_detector:bugfix,vbr1_l1_uvlo_brownout_detector,bugfix,L1,D2,core,Bias Reference and Power Management,UVLO/brownout detector,DONE,FAIL_EVAS,FAIL_DUT_COMPILE,False,False,True,prompt_contract_gap_old_wrapper,,public_contract_missing_include,missing_disciplines_vams_in_old_wrapper_candidate,high,False,False,uvlo_brownout_detector.va:missing_disciplines_vams,Do not count as direct model ability failure for wrapper-v1 candidates; rerun under wrapper-v4 include rules.,results/vabench-release-v1-baseline-dual-deepseek-v4-pro-20260528-wrapper-v3-samecandidates-full-rejudge/results/vbr1_l1_uvlo_brownout_detector_bugfix/result.json,results/vabench-release-v1-baseline-minimax-deepseek-v4-pro-20260528-wrapper-v1-full/generated/deepseek-v4-pro/vbr1_l1_uvlo_brownout_detector_bugfix/sample_0
vbr1_l1_uvlo_brownout_detector_tb,vbr1_l1_uvlo_brownout_detector:tb,vbr1_l1_uvlo_brownout_detector,tb,L1,D2,core,Bias Reference and Power Management,UVLO/brownout detector,DONE,FAIL_EVAS,FAIL_TB_COMPILE,False,False,True,prompt_contract_gap_old_wrapper,,spectre_scs_source_contract,invalid_or_incomplete_pwl_source_syntax,medium,False,False,ERROR: Invalid source Vvin: Vvin: PWL wave must contain at least one time/value pair,Rerun with wrapper-v4 SCS/PWL scaffold before counting as a direct model failure.,results/vabench-release-v1-baseline-dual-deepseek-v4-pro-20260528-wrapper-v3-samecandidates-full-rejudge/results/vbr1_l1_uvlo_brownout_detector_tb/result.json,results/vabench-release-v1-baseline-minimax-deepseek-v4-pro-20260528-wrapper-v1-full/generated/deepseek-v4-pro/vbr1_l1_uvlo_brownout_detector_tb/sample_0
vbr1_l2_ldo_load_step_recovery_flow_e2e,vbr1_l2_ldo_load_step_recovery_flow:e2e,vbr1_l2_ldo_load_step_recovery_flow,e2e,L2,D3,core,Bias Reference and Power Management,LDO load-step recovery flow,DONE,FAIL_EVAS,FAIL_DUT_COMPILE,False,False,True,prompt_contract_gap_old_wrapper,,public_contract_missing_include,missing_disciplines_vams_in_old_wrapper_candidate,high,False,False,ldo_load_step_recovery_flow.va:missing_disciplines_vams,Do not count as direct model ability failure for wrapper-v1 candidates; rerun under wrapper-v4 include rules.,results/vabench-release-v1-baseline-dual-deepseek-v4-pro-20260528-wrapper-v3-samecandidates-full-rejudge/results/vbr1_l2_ldo_load_step_recovery_flow_e2e/result.json,results/vabench-release-v1-baseline-minimax-deepseek-v4-pro-20260528-wrapper-v1-full/generated/deepseek-v4-pro/vbr1_l2_ldo_load_step_recovery_flow_e2e/sample_0
vbr1_l1_calibration_deadband_controller_bugfix,vbr1_l1_calibration_deadband_controller:bugfix,vbr1_l1_calibration_deadband_controller,bugfix,L1,D2,core,"Calibration, DEM, and Control",Calibration deadband controller,DONE,FAIL_EVAS,FAIL_DUT_COMPILE,False,False,True,prompt_contract_gap_old_wrapper,,public_contract_missing_include,missing_disciplines_vams_in_old_wrapper_candidate,high,False,False,calibration_deadband_controller.va:missing_disciplines_vams,Do not count as direct model ability failure for wrapper-v1 candidates; rerun under wrapper-v4 include rules.,results/vabench-release-v1-baseline-dual-deepseek-v4-pro-20260528-wrapper-v3-samecandidates-full-rejudge/results/vbr1_l1_calibration_deadband_controller_bugfix/result.json,results/vabench-release-v1-baseline-minimax-deepseek-v4-pro-20260528-wrapper-v1-full/generated/deepseek-v4-pro/vbr1_l1_calibration_deadband_controller_bugfix/sample_0
vbr1_l1_calibration_deadband_controller_e2e,vbr1_l1_calibration_deadband_controller:e2e,vbr1_l1_calibration_deadband_controller,e2e,L1,D2,core,"Calibration, DEM, and Control",Calibration deadband controller,DONE,FAIL_EVAS,FAIL_DUT_COMPILE,False,False,True,prompt_contract_gap_old_wrapper,,spectre_scs_source_contract,invalid_or_incomplete_pwl_source_syntax,medium,False,False,ERROR: Failed to parse tb_calibration_deadband_controller.scs: Spectre-incompatible PWL wave syntax at line 9: multiline wave=[...] requires backslash line continuation,Rerun with wrapper-v4 SCS/PWL scaffold before counting as a direct model failure.,results/vabench-release-v1-baseline-dual-deepseek-v4-pro-20260528-wrapper-v3-samecandidates-full-rejudge/results/vbr1_l1_calibration_deadband_controller_e2e/result.json,results/vabench-release-v1-baseline-minimax-deepseek-v4-pro-20260528-wrapper-v1-full/generated/deepseek-v4-pro/vbr1_l1_calibration_deadband_controller_e2e/sample_0
vbr1_l1_calibration_deadband_controller_tb,vbr1_l1_calibration_deadband_controller:tb,vbr1_l1_calibration_deadband_controller,tb,L1,D2,core,"Calibration, DEM, and Control",Calibration deadband controller,DONE,FAIL_EVAS,FAIL_DUT_COMPILE,False,False,True,prompt_contract_gap_old_wrapper,,spectre_scs_source_contract,invalid_or_incomplete_pwl_source_syntax,medium,False,False,ERROR: Failed to parse tb_calibration_deadband_controller.scs: Spectre-incompatible PWL wave syntax at line 9: multiline wave=[...] requires backslash line continuation,Rerun with wrapper-v4 SCS/PWL scaffold before counting as a direct model failure.,results/vabench-release-v1-baseline-dual-deepseek-v4-pro-20260528-wrapper-v3-samecandidates-full-rejudge/results/vbr1_l1_calibration_deadband_controller_tb/result.json,results/vabench-release-v1-baseline-minimax-deepseek-v4-pro-20260528-wrapper-v1-full/generated/deepseek-v4-pro/vbr1_l1_calibration_deadband_controller_tb/sample_0
dwa_ptr_gen_smoke,vbr1_l1_dwa_dem_encoder:e2e,vbr1_l1_dwa_dem_encoder,e2e,L1,D2,core,"Calibration, DEM, and Control",DWA/DEM encoder,DONE,FAIL_EVAS,FAIL_DUT_COMPILE,False,False,True,prompt_contract_gap_old_wrapper,,public_contract_missing_include,missing_disciplines_vams_in_old_wrapper_candidate,high,False,False,dwa_ptr_gen.va:missing_disciplines_vams,Do not count as direct model ability failure for wrapper-v1 candidates; rerun under wrapper-v4 include rules.,results/vabench-release-v1-baseline-dual-deepseek-v4-pro-20260528-wrapper-v3-samecandidates-full-rejudge/results/dwa_ptr_gen_smoke/result.json,results/vabench-release-v1-baseline-minimax-deepseek-v4-pro-20260528-wrapper-v1-full/generated/deepseek-v4-pro/dwa_ptr_gen_smoke/sample_0
vbm1_gain_trim_controller_bugfix,vbr1_l1_gain_trim_controller:bugfix,vbr1_l1_gain_trim_controller,bugfix,L1,D2,core,"Calibration, DEM, and Control",Gain trim controller,DONE,FAIL_EVAS,FAIL_DUT_COMPILE,False,False,True,prompt_contract_gap_old_wrapper,,public_contract_missing_include,missing_disciplines_vams_in_old_wrapper_candidate,high,False,False,dut_fixed.va:missing_disciplines_vams,Do not count as direct model ability failure for wrapper-v1 candidates; rerun under wrapper-v4 include rules.,results/vabench-release-v1-baseline-dual-deepseek-v4-pro-20260528-wrapper-v3-samecandidates-full-rejudge/results/vbm1_gain_trim_controller_bugfix/result.json,results/vabench-release-v1-baseline-minimax-deepseek-v4-pro-20260528-wrapper-v1-full/generated/deepseek-v4-pro/vbm1_gain_trim_controller_bugfix/sample_0
vbm1_gain_trim_controller_e2e,vbr1_l1_gain_trim_controller:e2e,vbr1_l1_gain_trim_controller,e2e,L1,D2,core,"Calibration, DEM, and Control",Gain trim controller,DONE,FAIL_EVAS,FAIL_DUT_COMPILE,False,False,True,prompt_contract_gap_old_wrapper,,public_contract_missing_include,missing_disciplines_vams_in_old_wrapper_candidate,high,False,False,gain_trim_controller.va:missing_disciplines_vams,Do not count as direct model ability failure for wrapper-v1 candidates; rerun under wrapper-v4 include rules.,results/vabench-release-v1-baseline-dual-deepseek-v4-pro-20260528-wrapper-v3-samecandidates-full-rejudge/results/vbm1_gain_trim_controller_e2e/result.json,results/vabench-release-v1-baseline-minimax-deepseek-v4-pro-20260528-wrapper-v1-full/generated/deepseek-v4-pro/vbm1_gain_trim_controller_e2e/sample_0
vbr1_l1_successive_approximation_calibration_search_fsm_dut,vbr1_l1_successive_approximation_calibration_search_fsm:dut,vbr1_l1_successive_approximation_calibration_search_fsm,dut,L1,D2,core,"Calibration, DEM, and Control",Successive-approximation calibration/search FSM,DONE,FAIL_EVAS,FAIL_DUT_COMPILE,False,False,True,prompt_contract_gap_old_wrapper,,public_contract_missing_include,missing_disciplines_vams_in_old_wrapper_candidate,high,False,False,successive_approximation_calibration_search_fsm.va:missing_disciplines_vams,Do not count as direct model ability failure for wrapper-v1 candidates; rerun under wrapper-v4 include rules.,results/vabench-release-v1-baseline-dual-deepseek-v4-pro-20260528-wrapper-v3-samecandidates-full-rejudge/results/vbr1_l1_successive_approximation_calibration_search_fsm_dut/result.json,results/vabench-release-v1-baseline-minimax-deepseek-v4-pro-20260528-wrapper-v1-full/generated/deepseek-v4-pro/vbr1_l1_successive_approximation_calibration_search_fsm_dut/sample_0
vbr1_l2_complete_calibration_loop_e2e,vbr1_l2_complete_calibration_loop:e2e,vbr1_l2_complete_calibration_loop,e2e,L2,D3,core,"Calibration, DEM, and Control",Complete calibration loop,DONE,FAIL_EVAS,FAIL_TB_COMPILE,False,False,True,prompt_contract_gap_old_wrapper,,spectre_scs_source_contract,invalid_or_incomplete_pwl_source_syntax,medium,False,False,ERROR: Invalid source Vrst: Vrst: PWL wave must contain at least one time/value pair,Rerun with wrapper-v4 SCS/PWL scaffold before counting as a direct model failure.,results/vabench-release-v1-baseline-dual-deepseek-v4-pro-20260528-wrapper-v3-samecandidates-full-rejudge/results/vbr1_l2_complete_calibration_loop_e2e/result.json,results/vabench-release-v1-baseline-minimax-deepseek-v4-pro-20260528-wrapper-v1-full/generated/deepseek-v4-pro/vbr1_l2_complete_calibration_loop_e2e/sample_0
vbm1_offset_comparator_e2e,vbr1_l1_offset_comparator:e2e,vbr1_l1_offset_comparator,e2e,L1,D1,core,Comparator and Decision Circuits,Offset comparator,DONE,FAIL_EVAS,FAIL_DUT_COMPILE,False,False,True,prompt_contract_gap_old_wrapper,,public_contract_missing_include,missing_disciplines_vams_in_old_wrapper_candidate,high,False,False,cmp_offset_ref.va:missing_disciplines_vams,Do not count as direct model ability failure for wrapper-v1 candidates; rerun under wrapper-v4 include rules.,results/vabench-release-v1-baseline-dual-deepseek-v4-pro-20260528-wrapper-v3-samecandidates-full-rejudge/results/vbm1_offset_comparator_e2e/result.json,results/vabench-release-v1-baseline-minimax-deepseek-v4-pro-20260528-wrapper-v1-full/generated/deepseek-v4-pro/vbm1_offset_comparator_e2e/sample_0
cmp_delay_smoke,vbr1_l1_propagation_delay_comparator:e2e,vbr1_l1_propagation_delay_comparator,e2e,L1,D2,core,Comparator and Decision Circuits,Propagation-delay comparator,DONE,FAIL_EVAS,FAIL_DUT_COMPILE,False,False,True,prompt_contract_gap_old_wrapper,,spectre_scs_source_contract,invalid_or_incomplete_pwl_source_syntax,medium,False,False,ERROR: Failed to parse tb_cmp_delay_ref.scs: Spectre-incompatible PWL wave syntax at line 11: multiline wave=[...] requires backslash line continuation,Rerun with wrapper-v4 SCS/PWL scaffold before counting as a direct model failure.,results/vabench-release-v1-baseline-dual-deepseek-v4-pro-20260528-wrapper-v3-samecandidates-full-rejudge/results/cmp_delay_smoke/result.json,results/vabench-release-v1-baseline-minimax-deepseek-v4-pro-20260528-wrapper-v1-full/generated/deepseek-v4-pro/cmp_delay_smoke/sample_0
vbm1_strongarm_comparator_behavior_e2e,vbr1_l1_strongarm_style_latch_comparator:e2e,vbr1_l1_strongarm_style_latch_comparator,e2e,L1,D2,core,Comparator and Decision Circuits,StrongARM-style latch comparator,DONE,FAIL_EVAS,FAIL_DUT_COMPILE,False,False,True,prompt_contract_gap_old_wrapper,,spectre_scs_source_contract,invalid_or_incomplete_pwl_source_syntax,medium,False,False,ERROR: Failed to parse tb_cmp_strongarm_ref.scs: Spectre-incompatible PWL wave syntax at line 7: multiline wave=[...] requires backslash line continuation,Rerun with wrapper-v4 SCS/PWL scaffold before counting as a direct model failure.,results/vabench-release-v1-baseline-dual-deepseek-v4-pro-20260528-wrapper-v3-samecandidates-full-rejudge/results/vbm1_strongarm_comparator_behavior_e2e/result.json,results/vabench-release-v1-baseline-minimax-deepseek-v4-pro-20260528-wrapper-v1-full/generated/deepseek-v4-pro/vbm1_strongarm_comparator_behavior_e2e/sample_0
vbm1_simple_binary_voltage_dac_4b_e2e,vbr1_l1_binary_weighted_voltage_dac:e2e,vbr1_l1_binary_weighted_voltage_dac,e2e,L1,D1,core,Data Converter Models,Simple 4-bit binary-coded DAC,DONE,FAIL_EVAS,FAIL_TB_COMPILE,False,False,True,prompt_contract_gap_old_wrapper,,spectre_scs_source_contract,invalid_or_incomplete_pwl_source_syntax,medium,False,False,ERROR: Invalid source Vcode0: Vcode0: PWL wave must contain at least one time/value pair,Rerun with wrapper-v4 SCS/PWL scaffold before counting as a direct model failure.,results/vabench-release-v1-baseline-dual-deepseek-v4-pro-20260528-wrapper-v3-samecandidates-full-rejudge/results/vbm1_simple_binary_voltage_dac_4b_e2e/result.json,results/vabench-release-v1-baseline-minimax-deepseek-v4-pro-20260528-wrapper-v1-full/generated/deepseek-v4-pro/vbm1_simple_binary_voltage_dac_4b_e2e/sample_0
vbm1_simple_binary_voltage_dac_4b_tb,vbr1_l1_binary_weighted_voltage_dac:tb,vbr1_l1_binary_weighted_voltage_dac,tb,L1,D1,core,Data Converter Models,Simple 4-bit binary-coded DAC,DONE,FAIL_EVAS,FAIL_TB_COMPILE,False,False,True,prompt_contract_gap_old_wrapper,,spectre_scs_source_contract,invalid_or_incomplete_pwl_source_syntax,medium,False,False,ERROR: Invalid source Vcode0: Vcode0: PWL wave must contain at least one time/value pair,Rerun with wrapper-v4 SCS/PWL scaffold before counting as a direct model failure.,results/vabench-release-v1-baseline-dual-deepseek-v4-pro-20260528-wrapper-v3-samecandidates-full-rejudge/results/vbm1_simple_binary_voltage_dac_4b_tb/result.json,results/vabench-release-v1-baseline-minimax-deepseek-v4-pro-20260528-wrapper-v1-full/generated/deepseek-v4-pro/vbm1_simple_binary_voltage_dac_4b_tb/sample_0
vbr1_l1_capacitive_weighted_sar_feedback_dac_e2e,vbr1_l1_capacitive_weighted_sar_feedback_dac:e2e,vbr1_l1_capacitive_weighted_sar_feedback_dac,e2e,L1,D2,core,Data Converter Models,Capacitive/weighted SAR feedback DAC,DONE,FAIL_EVAS,FAIL_DUT_COMPILE,False,False,True,prompt_contract_gap_old_wrapper,,public_contract_missing_include,missing_disciplines_vams_in_old_wrapper_candidate,high,False,False,cdac_cal.va:missing_disciplines_vams,Do not count as direct model ability failure for wrapper-v1 candidates; rerun under wrapper-v4 include rules.,results/vabench-release-v1-baseline-dual-deepseek-v4-pro-20260528-wrapper-v3-samecandidates-full-rejudge/results/vbr1_l1_capacitive_weighted_sar_feedback_dac_e2e/result.json,results/vabench-release-v1-baseline-minimax-deepseek-v4-pro-20260528-wrapper-v1-full/generated/deepseek-v4-pro/vbr1_l1_capacitive_weighted_sar_feedback_dac_e2e/sample_0
vbr1_l1_pipeline_adc_stage_tb,vbr1_l1_pipeline_adc_stage:tb,vbr1_l1_pipeline_adc_stage,tb,L1,D3,core,Data Converter Models,Pipeline ADC MDAC stage,DONE,FAIL_EVAS,FAIL_TB_COMPILE,False,False,True,prompt_contract_gap_old_wrapper,,spectre_scs_source_contract,invalid_or_incomplete_pwl_source_syntax,medium,False,False,ERROR: Failed to parse tb_pipeline_stage_ref.scs: Spectre-incompatible PWL wave syntax at line 12: multiline wave=[...] requires backslash line continuation,Rerun with wrapper-v4 SCS/PWL scaffold before counting as a direct model failure.,results/vabench-release-v1-baseline-dual-deepseek-v4-pro-20260528-wrapper-v3-samecandidates-full-rejudge/results/vbr1_l1_pipeline_adc_stage_tb/result.json,results/vabench-release-v1-baseline-minimax-deepseek-v4-pro-20260528-wrapper-v1-full/generated/deepseek-v4-pro/vbr1_l1_pipeline_adc_stage_tb/sample_0
vbm1_sar_logic_4b_dut,vbr1_l1_sar_logic:dut,vbr1_l1_sar_logic,dut,L1,D2,core,Data Converter Models,SAR logic,DONE,FAIL_EVAS,FAIL_DUT_COMPILE,False,False,True,prompt_contract_gap_old_wrapper,,public_contract_missing_include,missing_disciplines_vams_in_old_wrapper_candidate,high,False,False,sar_logic_4b.va:missing_disciplines_vams,Do not count as direct model ability failure for wrapper-v1 candidates; rerun under wrapper-v4 include rules.,results/vabench-release-v1-baseline-dual-deepseek-v4-pro-20260528-wrapper-v3-samecandidates-full-rejudge/results/vbm1_sar_logic_4b_dut/result.json,results/vabench-release-v1-baseline-minimax-deepseek-v4-pro-20260528-wrapper-v1-full/generated/deepseek-v4-pro/vbm1_sar_logic_4b_dut/sample_0
vbm1_sar_logic_4b_e2e,vbr1_l1_sar_logic:e2e,vbr1_l1_sar_logic,e2e,L1,D2,core,Data Converter Models,SAR logic,DONE,FAIL_EVAS,FAIL_DUT_COMPILE,False,False,True,prompt_contract_gap_old_wrapper,,spectre_scs_source_contract,invalid_or_incomplete_pwl_source_syntax,medium,False,False,ERROR: Failed to parse tb_sar_logic_4b_ref.scs: Spectre-incompatible PWL wave syntax at line 10: multiline wave=[...] requires backslash line continuation,Rerun with wrapper-v4 SCS/PWL scaffold before counting as a direct model failure.,results/vabench-release-v1-baseline-dual-deepseek-v4-pro-20260528-wrapper-v3-samecandidates-full-rejudge/results/vbm1_sar_logic_4b_e2e/result.json,results/vabench-release-v1-baseline-minimax-deepseek-v4-pro-20260528-wrapper-v1-full/generated/deepseek-v4-pro/vbm1_sar_logic_4b_e2e/sample_0
vbm1_segmented_dac_tb,vbr1_l1_segmented_dac:tb,vbr1_l1_segmented_dac,tb,L1,D2,core,Data Converter Models,Segmented DAC,DONE,FAIL_EVAS,FAIL_TB_COMPILE,False,False,True,prompt_contract_gap_old_wrapper,,spectre_scs_source_contract,invalid_or_incomplete_pwl_source_syntax,medium,False,False,ERROR: Invalid source Vb0: Vb0: PWL wave must contain at least one time/value pair,Rerun with wrapper-v4 SCS/PWL scaffold before counting as a direct model failure.,results/vabench-release-v1-baseline-dual-deepseek-v4-pro-20260528-wrapper-v3-samecandidates-full-rejudge/results/vbm1_segmented_dac_tb/result.json,results/vabench-release-v1-baseline-minimax-deepseek-v4-pro-20260528-wrapper-v1-full/generated/deepseek-v4-pro/vbm1_segmented_dac_tb/sample_0
vbm1_thermometer_decoder_guarded_tb,vbr1_l1_thermometer_code_decoder:tb,vbr1_l1_thermometer_code_decoder,tb,L1,D1,core,Data Converter Models,Thermometer-code decoder,DONE,FAIL_EVAS,FAIL_TB_COMPILE,False,False,True,prompt_contract_gap_old_wrapper,,spectre_scs_source_contract,invalid_or_incomplete_pwl_source_syntax,medium,False,False,ERROR: Invalid source Vb0: Vb0: PWL wave must contain at least one time/value pair,Rerun with wrapper-v4 SCS/PWL scaffold before counting as a direct model failure.,results/vabench-release-v1-baseline-dual-deepseek-v4-pro-20260528-wrapper-v3-samecandidates-full-rejudge/results/vbm1_thermometer_decoder_guarded_tb/result.json,results/vabench-release-v1-baseline-minimax-deepseek-v4-pro-20260528-wrapper-v1-full/generated/deepseek-v4-pro/vbm1_thermometer_decoder_guarded_tb/sample_0
vbr1_l2_converter_static_linearity_measurement_flow_tb,vbr1_l2_converter_static_linearity_measurement_flow:tb,vbr1_l2_converter_static_linearity_measurement_flow,tb,L2,D3,core,Data Converter Models,Converter static linearity measurement flow,DONE,FAIL_EVAS,FAIL_TB_COMPILE,False,False,True,prompt_contract_gap_old_wrapper,,spectre_scs_source_contract,invalid_or_incomplete_pwl_source_syntax,medium,False,False,ERROR: Invalid source Vrst: Vrst: PWL wave must contain at least one time/value pair,Rerun with wrapper-v4 SCS/PWL scaffold before counting as a direct model failure.,results/vabench-release-v1-baseline-dual-deepseek-v4-pro-20260528-wrapper-v3-samecandidates-full-rejudge/results/vbr1_l2_converter_static_linearity_measurement_flow_tb/result.json,results/vabench-release-v1-baseline-minimax-deepseek-v4-pro-20260528-wrapper-v1-full/generated/deepseek-v4-pro/vbr1_l2_converter_static_linearity_measurement_flow_tb/sample_0
flash_adc_mini_array_e2e,vbr1_l2_flash_adc_mini_array:e2e,vbr1_l2_flash_adc_mini_array,e2e,L2,D3,core,Data Converter Models,Flash ADC mini-array,DONE,FAIL_EVAS,FAIL_DUT_COMPILE,False,False,True,prompt_contract_gap_old_wrapper,,spectre_scs_source_contract,invalid_or_incomplete_pwl_source_syntax,medium,False,False,ERROR: Failed to parse tb_flash_adc_3b_ref.scs: Spectre-incompatible PWL wave syntax at line 13: multiline wave=[...] requires backslash line continuation,Rerun with wrapper-v4 SCS/PWL scaffold before counting as a direct model failure.,results/vabench-release-v1-baseline-dual-deepseek-v4-pro-20260528-wrapper-v3-samecandidates-full-rejudge/results/flash_adc_mini_array_e2e/result.json,results/vabench-release-v1-baseline-minimax-deepseek-v4-pro-20260528-wrapper-v1-full/generated/deepseek-v4-pro/flash_adc_mini_array_e2e/sample_0
vbr1_l2_flash_adc_mini_array_tb,vbr1_l2_flash_adc_mini_array:tb,vbr1_l2_flash_adc_mini_array,tb,L2,D3,core,Data Converter Models,Flash ADC mini-array,DONE,FAIL_EVAS,FAIL_TB_COMPILE,False,False,True,prompt_contract_gap_old_wrapper,,spectre_scs_source_contract,invalid_or_incomplete_pwl_source_syntax,medium,False,False,ERROR: Failed to parse tb_flash_adc_3b_ref.scs: Spectre-incompatible PWL wave syntax at line 10: multiline wave=[...] requires backslash line continuation,Rerun with wrapper-v4 SCS/PWL scaffold before counting as a direct model failure.,results/vabench-release-v1-baseline-dual-deepseek-v4-pro-20260528-wrapper-v3-samecandidates-full-rejudge/results/vbr1_l2_flash_adc_mini_array_tb/result.json,results/vabench-release-v1-baseline-minimax-deepseek-v4-pro-20260528-wrapper-v1-full/generated/deepseek-v4-pro/vbr1_l2_flash_adc_mini_array_tb/sample_0
pipeline_adc_chain_e2e,vbr1_l2_pipeline_adc_chain:e2e,vbr1_l2_pipeline_adc_chain,e2e,L2,D3,core,Data Converter Models,Pipeline ADC residue chain,DONE,FAIL_EVAS,FAIL_DUT_COMPILE,False,False,True,prompt_contract_gap_old_wrapper,,public_contract_missing_include,missing_disciplines_vams_in_old_wrapper_candidate,high,False,False,pipeline_adc_chain_4b.va:missing_disciplines_vams,Do not count as direct model ability failure for wrapper-v1 candidates; rerun under wrapper-v4 include rules.,results/vabench-release-v1-baseline-dual-deepseek-v4-pro-20260528-wrapper-v3-samecandidates-full-rejudge/results/pipeline_adc_chain_e2e/result.json,results/vabench-release-v1-baseline-minimax-deepseek-v4-pro-20260528-wrapper-v1-full/generated/deepseek-v4-pro/pipeline_adc_chain_e2e/sample_0
vbr1_l2_pipeline_adc_chain_tb,vbr1_l2_pipeline_adc_chain:tb,vbr1_l2_pipeline_adc_chain,tb,L2,D3,core,Data Converter Models,Pipeline ADC residue chain,DONE,FAIL_EVAS,FAIL_TB_COMPILE,False,False,True,prompt_contract_gap_old_wrapper,,spectre_scs_source_contract,invalid_or_incomplete_pwl_source_syntax,medium,False,False,ERROR: Invalid source Vin: Vin: PWL wave must contain at least one time/value pair,Rerun with wrapper-v4 SCS/PWL scaffold before counting as a direct model failure.,results/vabench-release-v1-baseline-dual-deepseek-v4-pro-20260528-wrapper-v3-samecandidates-full-rejudge/results/vbr1_l2_pipeline_adc_chain_tb/result.json,results/vabench-release-v1-baseline-minimax-deepseek-v4-pro-20260528-wrapper-v1-full/generated/deepseek-v4-pro/vbr1_l2_pipeline_adc_chain_tb/sample_0
sar_adc_dac_weighted_8b_smoke,vbr1_l2_weighted_sar_adc_dac_loop:e2e,vbr1_l2_weighted_sar_adc_dac_loop,e2e,L2,D3,core,Data Converter Models,Weighted SAR ADC/DAC loop,DONE,FAIL_EVAS,FAIL_TB_COMPILE,False,False,True,prompt_contract_gap_old_wrapper,,spectre_scs_source_contract,invalid_or_incomplete_pwl_source_syntax,medium,False,False,ERROR: Invalid source Vrst_n: Vrst_n: PWL wave must contain at least one time/value pair,Rerun with wrapper-v4 SCS/PWL scaffold before counting as a direct model failure.,results/vabench-release-v1-baseline-dual-deepseek-v4-pro-20260528-wrapper-v3-samecandidates-full-rejudge/results/sar_adc_dac_weighted_8b_smoke/result.json,results/vabench-release-v1-baseline-minimax-deepseek-v4-pro-20260528-wrapper-v1-full/generated/deepseek-v4-pro/sar_adc_dac_weighted_8b_smoke/sample_0
bbpd_data_edge_alignment_smoke,vbr1_l1_bang_bang_phase_detector:e2e,vbr1_l1_bang_bang_phase_detector,e2e,L1,D2,core,PLL Clock and Timing Systems,Bang-bang phase detector,DONE,FAIL_EVAS,FAIL_DUT_COMPILE,False,False,True,prompt_contract_gap_old_wrapper,model_veriloga_subset_failure,public_contract_missing_include,missing_disciplines_vams_in_old_wrapper_candidate,high,False,False,bbpd_data_edge_alignment_ref.va:missing_disciplines_vams,Do not count as direct model ability failure for wrapper-v1 candidates; rerun under wrapper-v4 include rules.,results/vabench-release-v1-baseline-dual-deepseek-v4-pro-20260528-wrapper-v3-samecandidates-full-rejudge/results/bbpd_data_edge_alignment_smoke/result.json,results/vabench-release-v1-baseline-minimax-deepseek-v4-pro-20260528-wrapper-v1-full/generated/deepseek-v4-pro/bbpd_data_edge_alignment_smoke/sample_0
vbr1_l1_bang_bang_phase_detector_tb,vbr1_l1_bang_bang_phase_detector:tb,vbr1_l1_bang_bang_phase_detector,tb,L1,D2,core,PLL Clock and Timing Systems,Bang-bang phase detector,DONE,FAIL_EVAS,FAIL_TB_COMPILE,False,False,True,prompt_contract_gap_old_wrapper,,spectre_scs_source_contract,invalid_or_incomplete_pwl_source_syntax,medium,False,False,ERROR: Failed to parse tb_bbpd_data_edge_alignment_ref.scs: Spectre-incompatible PWL wave syntax at line 10: multiline wave=[...] requires backslash line continuation,Rerun with wrapper-v4 SCS/PWL scaffold before counting as a direct model failure.,results/vabench-release-v1-baseline-dual-deepseek-v4-pro-20260528-wrapper-v3-samecandidates-full-rejudge/results/vbr1_l1_bang_bang_phase_detector_tb/result.json,results/vabench-release-v1-baseline-minimax-deepseek-v4-pro-20260528-wrapper-v1-full/generated/deepseek-v4-pro/vbr1_l1_bang_bang_phase_detector_tb/sample_0
vbr1_l1_charge_pump_abstraction_bugfix,vbr1_l1_charge_pump_abstraction:bugfix,vbr1_l1_charge_pump_abstraction,bugfix,L1,D2,core,PLL Clock and Timing Systems,Voltage-domain charge-pump control abstraction,DONE,FAIL_EVAS,FAIL_DUT_COMPILE,False,False,True,prompt_contract_gap_old_wrapper,,public_contract_missing_include,missing_disciplines_vams_in_old_wrapper_candidate,high,False,False,charge_pump_abstraction.va:missing_disciplines_vams,Do not count as direct model ability failure for wrapper-v1 candidates; rerun under wrapper-v4 include rules.,results/vabench-release-v1-baseline-dual-deepseek-v4-pro-20260528-wrapper-v3-samecandidates-full-rejudge/results/vbr1_l1_charge_pump_abstraction_bugfix/result.json,results/vabench-release-v1-baseline-minimax-deepseek-v4-pro-20260528-wrapper-v1-full/generated/deepseek-v4-pro/vbr1_l1_charge_pump_abstraction_bugfix/sample_0
vbm1_resettable_counter_divider_dut,vbr1_l1_clock_divider:dut,vbr1_l1_clock_divider,dut,L1,D2,core,PLL Clock and Timing Systems,Clock divider,DONE,FAIL_EVAS,FAIL_SIM_CORRECTNESS,False,False,True,evaluator_runner_review,,simulation_output_missing,simulator_or_checker_crash_before_waveform,medium,False,False,tran.csv missing,Triage as EVAS/checker runner robustness before counting as model behavior failure.,results/vabench-release-v1-baseline-dual-deepseek-v4-pro-20260528-wrapper-v3-samecandidates-full-rejudge/results/vbm1_resettable_counter_divider_dut/result.json,results/vabench-release-v1-baseline-minimax-deepseek-v4-pro-20260528-wrapper-v1-full/generated/deepseek-v4-pro/vbm1_resettable_counter_divider_dut/sample_0
vbm1_pfd_reset_race_bugfix,vbr1_l1_pfd_up_dn_logic:bugfix,vbr1_l1_pfd_up_dn_logic,bugfix,L1,D2,core,PLL Clock and Timing Systems,PFD UP/DN logic,DONE,FAIL_EVAS,FAIL_DUT_COMPILE,False,False,True,prompt_contract_gap_old_wrapper,,public_contract_missing_include,missing_disciplines_vams_in_old_wrapper_candidate,high,False,False,dut_fixed.va:missing_disciplines_vams,Do not count as direct model ability failure for wrapper-v1 candidates; rerun under wrapper-v4 include rules.,results/vabench-release-v1-baseline-dual-deepseek-v4-pro-20260528-wrapper-v3-samecandidates-full-rejudge/results/vbm1_pfd_reset_race_bugfix/result.json,results/vabench-release-v1-baseline-minimax-deepseek-v4-pro-20260528-wrapper-v1-full/generated/deepseek-v4-pro/vbm1_pfd_reset_race_bugfix/sample_0
vbm1_pfd_reset_race_tb,vbr1_l1_pfd_up_dn_logic:tb,vbr1_l1_pfd_up_dn_logic,tb,L1,D2,core,PLL Clock and Timing Systems,PFD UP/DN logic,DONE,FAIL_EVAS,FAIL_TB_COMPILE,False,False,True,prompt_contract_gap_old_wrapper,,spectre_scs_source_contract,invalid_or_incomplete_pwl_source_syntax,medium,False,False,ERROR: Invalid source Vref: Vref: PWL wave must contain at least one time/value pair,Rerun with wrapper-v4 SCS/PWL scaffold before counting as a direct model failure.,results/vabench-release-v1-baseline-dual-deepseek-v4-pro-20260528-wrapper-v3-samecandidates-full-rejudge/results/vbm1_pfd_reset_race_tb/result.json,results/vabench-release-v1-baseline-minimax-deepseek-v4-pro-20260528-wrapper-v1-full/generated/deepseek-v4-pro/vbm1_pfd_reset_race_tb/sample_0
vbr1_l1_limiting_amplifier_frontend_tb,vbr1_l1_limiting_amplifier_frontend:tb,vbr1_l1_limiting_amplifier_frontend,tb,L1,D2,core,RF and AFE Behavioral Macromodels,Limiting amplifier front-end,DONE,FAIL_EVAS,FAIL_DUT_COMPILE,False,False,True,prompt_contract_gap_old_wrapper,,spectre_scs_source_contract,invalid_or_incomplete_pwl_source_syntax,medium,False,False,ERROR: Failed to parse tb_limiting_amplifier_frontend.scs: Spectre-incompatible PWL wave syntax at line 7: multiline wave=[...] requires backslash line continuation,Rerun with wrapper-v4 SCS/PWL scaffold before counting as a direct model failure.,results/vabench-release-v1-baseline-dual-deepseek-v4-pro-20260528-wrapper-v3-samecandidates-full-rejudge/results/vbr1_l1_limiting_amplifier_frontend_tb/result.json,results/vabench-release-v1-baseline-minimax-deepseek-v4-pro-20260528-wrapper-v1-full/generated/deepseek-v4-pro/vbr1_l1_limiting_amplifier_frontend_tb/sample_0
vbr1_l1_lna_gain_compression_macro_e2e,vbr1_l1_lna_gain_compression_macro:e2e,vbr1_l1_lna_gain_compression_macro,e2e,L1,D2,core,RF and AFE Behavioral Macromodels,LNA gain/compression macro,DONE,FAIL_EVAS,FAIL_TB_COMPILE,False,False,True,prompt_contract_gap_old_wrapper,,spectre_scs_source_contract,invalid_or_incomplete_pwl_source_syntax,medium,False,False,ERROR: Invalid source Vvin: Vvin: PWL wave must contain at least one time/value pair,Rerun with wrapper-v4 SCS/PWL scaffold before counting as a direct model failure.,results/vabench-release-v1-baseline-dual-deepseek-v4-pro-20260528-wrapper-v3-samecandidates-full-rejudge/results/vbr1_l1_lna_gain_compression_macro_e2e/result.json,results/vabench-release-v1-baseline-minimax-deepseek-v4-pro-20260528-wrapper-v1-full/generated/deepseek-v4-pro/vbr1_l1_lna_gain_compression_macro_e2e/sample_0
vbr1_l1_log_rssi_power_detector_bugfix,vbr1_l1_log_rssi_power_detector:bugfix,vbr1_l1_log_rssi_power_detector,bugfix,L1,D2,core,RF and AFE Behavioral Macromodels,Log/RSSI power detector,DONE,FAIL_EVAS,FAIL_DUT_COMPILE,False,False,True,prompt_contract_gap_old_wrapper,,public_contract_missing_include,missing_disciplines_vams_in_old_wrapper_candidate,high,False,False,log_rssi_power_detector.va:missing_disciplines_vams,Do not count as direct model ability failure for wrapper-v1 candidates; rerun under wrapper-v4 include rules.,results/vabench-release-v1-baseline-dual-deepseek-v4-pro-20260528-wrapper-v3-samecandidates-full-rejudge/results/vbr1_l1_log_rssi_power_detector_bugfix/result.json,results/vabench-release-v1-baseline-minimax-deepseek-v4-pro-20260528-wrapper-v1-full/generated/deepseek-v4-pro/vbr1_l1_log_rssi_power_detector_bugfix/sample_0
vbr1_l1_rf_mixer_downconverter_macro_bugfix,vbr1_l1_rf_mixer_downconverter_macro:bugfix,vbr1_l1_rf_mixer_downconverter_macro,bugfix,L1,D2,core,RF and AFE Behavioral Macromodels,RF mixer/downconverter macro,DONE,FAIL_EVAS,FAIL_DUT_COMPILE,False,False,True,prompt_contract_gap_old_wrapper,,public_contract_missing_include,missing_disciplines_vams_in_old_wrapper_candidate,high,False,False,rf_mixer_downconverter_macro.va:missing_disciplines_vams,Do not count as direct model ability failure for wrapper-v1 candidates; rerun under wrapper-v4 include rules.,results/vabench-release-v1-baseline-dual-deepseek-v4-pro-20260528-wrapper-v3-samecandidates-full-rejudge/results/vbr1_l1_rf_mixer_downconverter_macro_bugfix/result.json,results/vabench-release-v1-baseline-minimax-deepseek-v4-pro-20260528-wrapper-v1-full/generated/deepseek-v4-pro/vbr1_l1_rf_mixer_downconverter_macro_bugfix/sample_0
vbr1_l2_iq_downconversion_chain_e2e,vbr1_l2_iq_downconversion_chain:e2e,vbr1_l2_iq_downconversion_chain,e2e,L2,D3,core,RF and AFE Behavioral Macromodels,I/Q downconversion chain,DONE,FAIL_EVAS,FAIL_DUT_COMPILE,False,False,True,prompt_contract_gap_old_wrapper,,public_contract_missing_include,missing_disciplines_vams_in_old_wrapper_candidate,high,False,False,iq_downconversion_chain.va:missing_disciplines_vams,Do not count as direct model ability failure for wrapper-v1 candidates; rerun under wrapper-v4 include rules.,results/vabench-release-v1-baseline-dual-deepseek-v4-pro-20260528-wrapper-v3-samecandidates-full-rejudge/results/vbr1_l2_iq_downconversion_chain_e2e/result.json,results/vabench-release-v1-baseline-minimax-deepseek-v4-pro-20260528-wrapper-v1-full/generated/deepseek-v4-pro/vbr1_l2_iq_downconversion_chain_e2e/sample_0
vbr1_l1_acquisition_limited_sample_and_hold_bugfix,vbr1_l1_acquisition_limited_sample_and_hold:bugfix,vbr1_l1_acquisition_limited_sample_and_hold,bugfix,L1,D2,core,Sampling and Analog Memory,Acquisition-limited sample-and-hold,DONE,FAIL_EVAS,FAIL_DUT_COMPILE,False,False,True,prompt_contract_gap_old_wrapper,,public_contract_missing_include,missing_disciplines_vams_in_old_wrapper_candidate,high,False,False,acquisition_limited_sample_hold.va:missing_disciplines_vams,Do not count as direct model ability failure for wrapper-v1 candidates; rerun under wrapper-v4 include rules.,results/vabench-release-v1-baseline-dual-deepseek-v4-pro-20260528-wrapper-v3-samecandidates-full-rejudge/results/vbr1_l1_acquisition_limited_sample_and_hold_bugfix/result.json,results/vabench-release-v1-baseline-minimax-deepseek-v4-pro-20260528-wrapper-v1-full/generated/deepseek-v4-pro/vbr1_l1_acquisition_limited_sample_and_hold_bugfix/sample_0
vbr1_l1_acquisition_limited_sample_and_hold_dut,vbr1_l1_acquisition_limited_sample_and_hold:dut,vbr1_l1_acquisition_limited_sample_and_hold,dut,L1,D2,core,Sampling and Analog Memory,Acquisition-limited sample-and-hold,DONE,FAIL_EVAS,FAIL_DUT_COMPILE,False,False,True,prompt_contract_gap_old_wrapper,,public_contract_missing_include,missing_disciplines_vams_in_old_wrapper_candidate,high,False,False,acquisition_limited_sample_hold.va:missing_disciplines_vams,Do not count as direct model ability failure for wrapper-v1 candidates; rerun under wrapper-v4 include rules.,results/vabench-release-v1-baseline-dual-deepseek-v4-pro-20260528-wrapper-v3-samecandidates-full-rejudge/results/vbr1_l1_acquisition_limited_sample_and_hold_dut/result.json,results/vabench-release-v1-baseline-minimax-deepseek-v4-pro-20260528-wrapper-v1-full/generated/deepseek-v4-pro/vbr1_l1_acquisition_limited_sample_and_hold_dut/sample_0
vbr1_l1_acquisition_limited_sample_and_hold_e2e,vbr1_l1_acquisition_limited_sample_and_hold:e2e,vbr1_l1_acquisition_limited_sample_and_hold,e2e,L1,D2,core,Sampling and Analog Memory,Acquisition-limited sample-and-hold,DONE,FAIL_EVAS,FAIL_DUT_COMPILE,False,False,True,prompt_contract_gap_old_wrapper,,spectre_scs_source_contract,invalid_or_incomplete_pwl_source_syntax,medium,False,False,ERROR: Failed to parse tb_acquisition_limited_sample_hold.scs: Spectre-incompatible PWL wave syntax at line 7: multiline wave=[...] requires backslash line continuation,Rerun with wrapper-v4 SCS/PWL scaffold before counting as a direct model failure.,results/vabench-release-v1-baseline-dual-deepseek-v4-pro-20260528-wrapper-v3-samecandidates-full-rejudge/results/vbr1_l1_acquisition_limited_sample_and_hold_e2e/result.json,results/vabench-release-v1-baseline-minimax-deepseek-v4-pro-20260528-wrapper-v1-full/generated/deepseek-v4-pro/vbr1_l1_acquisition_limited_sample_and_hold_e2e/sample_0
vbr1_l1_aperture_delay_track_and_hold_e2e,vbr1_l1_aperture_delay_track_and_hold:e2e,vbr1_l1_aperture_delay_track_and_hold,e2e,L1,D2,core,Sampling and Analog Memory,Aperture-delay track-and-hold,DONE,FAIL_EVAS,FAIL_DUT_COMPILE,False,False,True,prompt_contract_gap_old_wrapper,,public_contract_missing_include,missing_disciplines_vams_in_old_wrapper_candidate,high,False,False,sample_hold_aperture_ref.va:missing_disciplines_vams,Do not count as direct model ability failure for wrapper-v1 candidates; rerun under wrapper-v4 include rules.,results/vabench-release-v1-baseline-dual-deepseek-v4-pro-20260528-wrapper-v3-samecandidates-full-rejudge/results/vbr1_l1_aperture_delay_track_and_hold_e2e/result.json,results/vabench-release-v1-baseline-minimax-deepseek-v4-pro-20260528-wrapper-v1-full/generated/deepseek-v4-pro/vbr1_l1_aperture_delay_track_and_hold_e2e/sample_0
vbr1_l1_sample_and_hold_with_droop_leakage_e2e,vbr1_l1_sample_and_hold_with_droop_leakage:e2e,vbr1_l1_sample_and_hold_with_droop_leakage,e2e,L1,D2,core,Sampling and Analog Memory,Sample-and-hold with droop/leakage,DONE,FAIL_EVAS,FAIL_DUT_COMPILE,False,False,True,prompt_contract_gap_old_wrapper,,spectre_scs_source_contract,invalid_or_incomplete_pwl_source_syntax,medium,False,False,ERROR: Failed to parse tb_leaky_hold_ref.scs: Spectre-incompatible PWL wave syntax at line 11: multiline wave=[...] requires backslash line continuation,Rerun with wrapper-v4 SCS/PWL scaffold before counting as a direct model failure.,results/vabench-release-v1-baseline-dual-deepseek-v4-pro-20260528-wrapper-v3-samecandidates-full-rejudge/results/vbr1_l1_sample_and_hold_with_droop_leakage_e2e/result.json,results/vabench-release-v1-baseline-minimax-deepseek-v4-pro-20260528-wrapper-v1-full/generated/deepseek-v4-pro/vbr1_l1_sample_and_hold_with_droop_leakage_e2e/sample_0
vbr1_l1_sample_and_hold_with_droop_leakage_tb,vbr1_l1_sample_and_hold_with_droop_leakage:tb,vbr1_l1_sample_and_hold_with_droop_leakage,tb,L1,D2,core,Sampling and Analog Memory,Sample-and-hold with droop/leakage,DONE,FAIL_EVAS,FAIL_DUT_COMPILE,False,False,True,prompt_contract_gap_old_wrapper,,spectre_scs_source_contract,invalid_or_incomplete_pwl_source_syntax,medium,False,False,ERROR: Failed to parse tb_leaky_hold_ref.scs: Spectre-incompatible PWL wave syntax at line 9: multiline wave=[...] requires backslash line continuation,Rerun with wrapper-v4 SCS/PWL scaffold before counting as a direct model failure.,results/vabench-release-v1-baseline-dual-deepseek-v4-pro-20260528-wrapper-v3-samecandidates-full-rejudge/results/vbr1_l1_sample_and_hold_with_droop_leakage_tb/result.json,results/vabench-release-v1-baseline-minimax-deepseek-v4-pro-20260528-wrapper-v1-full/generated/deepseek-v4-pro/vbr1_l1_sample_and_hold_with_droop_leakage_tb/sample_0
