source,result_json,task_id,release_task_id,release_entry_id,form,category,difficulty,status,dual_status,evas_status,spectre_status,spectre_checker_pass,dual_pass,evas_pass_spectre_fail,spectre_pass_evas_fail,triage_axis,root_cause_family,root_cause_detail,recommended_action,conformance_seed_suggestion,evidence,sample_dir,staged_dut,staged_tb
vabench-release-v1-baseline-dual-mimo-v2.5-pro-20260530-mimo-bugfix52-no-rootcause-v1-dual-r2-sui,results/vabench-release-v1-baseline-dual-mimo-v2.5-pro-20260530-mimo-bugfix52-no-rootcause-v1-dual-r2-sui/results/vbm1_cdac_calibration_bugfix/result.json,vbm1_cdac_calibration_bugfix,vbr1_l1_trim_calibration_controller:bugfix,vbr1_l1_trim_calibration_controller,bugfix,"Calibration, DEM, and Control",D2,DONE,PASS,PASS,success,True,True,False,False,pass,strict_dual_pass,EVAS and Spectre both satisfy the row contract.,No action.,,"{""common_window_s"": [0.0, 2.2e-07], ""max_abs_v"": 6.000013338058885e-06, ""max_nrmse"": 3.2258637039342596e-06, ""max_relative_rms_error"": 3.2258637039342596e-06, ""max_rmse_v"": 7.742072889442228e-07, ""mean_nrmse"": 8.064659259835649e-07, ""mea...",results/vabench-release-v1-baseline-minimax-mimo-v2.5-pro-20260530-mimo-bugfix52-no-rootcause-v1/generated/mimo-v2.5-pro/vbm1_cdac_calibration_bugfix/sample_0,results/vabench-release-v1-baseline-dual-mimo-v2.5-pro-20260530-mimo-bugfix52-no-rootcause-v1-dual-r2-sui/staged_tasks/vbm1_cdac_calibration_bugfix/gold/dut_fixed.va,results/vabench-release-v1-baseline-dual-mimo-v2.5-pro-20260530-mimo-bugfix52-no-rootcause-v1-dual-r2-sui/staged_tasks/vbm1_cdac_calibration_bugfix/gold/tb_cdac_calibration_ref.scs
vabench-release-v1-baseline-dual-mimo-v2.5-pro-20260530-mimo-bugfix52-no-rootcause-v1-dual-r2-sui,results/vabench-release-v1-baseline-dual-mimo-v2.5-pro-20260530-mimo-bugfix52-no-rootcause-v1-dual-r2-sui/results/vbm1_debounce_latch_bugfix/result.json,vbm1_debounce_latch_bugfix,vbr1_l1_debounce_latch:bugfix,vbr1_l1_debounce_latch,bugfix,Comparator and Decision Circuits,D2,DONE,PASS,PASS,success,True,True,False,False,pass,strict_dual_pass,EVAS and Spectre both satisfy the row contract.,No action.,,"{""common_window_s"": [0.0, 1.4e-07], ""max_abs_v"": 0.0, ""max_nrmse"": 0.0, ""max_relative_rms_error"": 0.0, ""max_rmse_v"": 0.0, ""mean_nrmse"": 0.0, ""mean_relative_rms_error"": 0.0, ""per_signal"": {""out"": {""best_lag_s"": 0.0, ""best_lag_samples"": 0,...",results/vabench-release-v1-baseline-minimax-mimo-v2.5-pro-20260530-mimo-bugfix52-no-rootcause-v1/generated/mimo-v2.5-pro/vbm1_debounce_latch_bugfix/sample_0,results/vabench-release-v1-baseline-dual-mimo-v2.5-pro-20260530-mimo-bugfix52-no-rootcause-v1-dual-r2-sui/staged_tasks/vbm1_debounce_latch_bugfix/gold/dut_fixed.va,results/vabench-release-v1-baseline-dual-mimo-v2.5-pro-20260530-mimo-bugfix52-no-rootcause-v1-dual-r2-sui/staged_tasks/vbm1_debounce_latch_bugfix/gold/tb_debounce_latch_ref.scs
vabench-release-v1-baseline-dual-mimo-v2.5-pro-20260530-mimo-bugfix52-no-rootcause-v1-dual-r2-sui,results/vabench-release-v1-baseline-dual-mimo-v2.5-pro-20260530-mimo-bugfix52-no-rootcause-v1-dual-r2-sui/results/vbm1_element_shuffler_bugfix/result.json,vbm1_element_shuffler_bugfix,vbr1_l1_element_shuffler:bugfix,vbr1_l1_element_shuffler,bugfix,"Calibration, DEM, and Control",D2,DONE,FAIL_EVAS,FAIL_SIM_CORRECTNESS,success,False,False,False,False,model_behavior,calibration_control_behavior,The candidate compiled but missed the row's functional checker contract.,Use checker evidence for model error analysis; audit prompt only if the observable contract was underspecified.,,"spectre:active_sequence=3,1,2,0,3,1 expected=2,0,3,1,2,0 failures=20ns_active=[3]_expected=2 40ns_active=[1]_expected=0 60ns_active=[2]_expected=3 80ns_active=[0]_expected=1 100ns_active=[3]_expected=2 120ns_active=[1]_expected=0",results/vabench-release-v1-baseline-minimax-mimo-v2.5-pro-20260530-mimo-bugfix52-no-rootcause-v1/generated/mimo-v2.5-pro/vbm1_element_shuffler_bugfix/sample_0,results/vabench-release-v1-baseline-dual-mimo-v2.5-pro-20260530-mimo-bugfix52-no-rootcause-v1-dual-r2-sui/staged_tasks/vbm1_element_shuffler_bugfix/gold/dut_fixed.va,results/vabench-release-v1-baseline-dual-mimo-v2.5-pro-20260530-mimo-bugfix52-no-rootcause-v1-dual-r2-sui/staged_tasks/vbm1_element_shuffler_bugfix/gold/tb_element_shuffler_ref.scs
vabench-release-v1-baseline-dual-mimo-v2.5-pro-20260530-mimo-bugfix52-no-rootcause-v1-dual-r2-sui,results/vabench-release-v1-baseline-dual-mimo-v2.5-pro-20260530-mimo-bugfix52-no-rootcause-v1-dual-r2-sui/results/vbm1_first_order_lowpass_bugfix/result.json,vbm1_first_order_lowpass_bugfix,vbr1_l1_first_order_lowpass:bugfix,vbr1_l1_first_order_lowpass,bugfix,Baseband Signal Conditioning,D1,DONE,PASS,PASS,success,True,True,False,False,pass,strict_dual_pass,EVAS and Spectre both satisfy the row contract.,No action.,,"spectre:lowpass_samples=0.249,0.555,0.751,0.796 input_step=True monotonic=True response_fast_enough=True not_instant=True bounded=True",results/vabench-release-v1-baseline-minimax-mimo-v2.5-pro-20260530-mimo-bugfix52-no-rootcause-v1/generated/mimo-v2.5-pro/vbm1_first_order_lowpass_bugfix/sample_0,results/vabench-release-v1-baseline-dual-mimo-v2.5-pro-20260530-mimo-bugfix52-no-rootcause-v1-dual-r2-sui/staged_tasks/vbm1_first_order_lowpass_bugfix/gold/dut_fixed.va,results/vabench-release-v1-baseline-dual-mimo-v2.5-pro-20260530-mimo-bugfix52-no-rootcause-v1-dual-r2-sui/staged_tasks/vbm1_first_order_lowpass_bugfix/gold/tb_first_order_lowpass_ref.scs
vabench-release-v1-baseline-dual-mimo-v2.5-pro-20260530-mimo-bugfix52-no-rootcause-v1-dual-r2-sui,results/vabench-release-v1-baseline-dual-mimo-v2.5-pro-20260530-mimo-bugfix52-no-rootcause-v1-dual-r2-sui/results/vbm1_gain_trim_controller_bugfix/result.json,vbm1_gain_trim_controller_bugfix,vbr1_l1_gain_trim_controller:bugfix,vbr1_l1_gain_trim_controller,bugfix,"Calibration, DEM, and Control",D2,DONE,PASS,PASS,success,True,True,False,False,pass,strict_dual_pass,EVAS and Spectre both satisfy the row contract.,No action.,,"{""common_window_s"": [0.0, 6.2e-07], ""max_abs_v"": 5.0401097354546565e-06, ""max_nrmse"": 9.201798629331459e-07, ""max_relative_rms_error"": 9.201798629331459e-07, ""max_rmse_v"": 7.361438903465167e-07, ""mean_nrmse"": 1.8403597258662918e-07, ""mea...",results/vabench-release-v1-baseline-minimax-mimo-v2.5-pro-20260530-mimo-bugfix52-no-rootcause-v1/generated/mimo-v2.5-pro/vbm1_gain_trim_controller_bugfix/sample_0,results/vabench-release-v1-baseline-dual-mimo-v2.5-pro-20260530-mimo-bugfix52-no-rootcause-v1-dual-r2-sui/staged_tasks/vbm1_gain_trim_controller_bugfix/gold/dut_fixed.va,results/vabench-release-v1-baseline-dual-mimo-v2.5-pro-20260530-mimo-bugfix52-no-rootcause-v1-dual-r2-sui/staged_tasks/vbm1_gain_trim_controller_bugfix/gold/tb_gain_trim_controller_ref.scs
vabench-release-v1-baseline-dual-mimo-v2.5-pro-20260530-mimo-bugfix52-no-rootcause-v1-dual-r2-sui,results/vabench-release-v1-baseline-dual-mimo-v2.5-pro-20260530-mimo-bugfix52-no-rootcause-v1-dual-r2-sui/results/vbm1_lock_detector_bugfix/result.json,vbm1_lock_detector_bugfix,vbr1_l1_lock_detector:bugfix,vbr1_l1_lock_detector,bugfix,PLL Clock and Timing Systems,D2,DONE,PASS,PASS,success,True,True,False,False,pass,strict_dual_pass,EVAS and Spectre both satisfy the row contract.,No action.,,"{""common_window_s"": [0.0, 2.2e-07], ""max_abs_v"": 0.0, ""max_nrmse"": 0.0, ""max_relative_rms_error"": 0.0, ""max_rmse_v"": 0.0, ""mean_nrmse"": 0.0, ""mean_relative_rms_error"": 0.0, ""per_signal"": {""fb_clk"": {""best_lag_s"": 0.0, ""best_lag_samples"":...",results/vabench-release-v1-baseline-minimax-mimo-v2.5-pro-20260530-mimo-bugfix52-no-rootcause-v1/generated/mimo-v2.5-pro/vbm1_lock_detector_bugfix/sample_0,results/vabench-release-v1-baseline-dual-mimo-v2.5-pro-20260530-mimo-bugfix52-no-rootcause-v1-dual-r2-sui/staged_tasks/vbm1_lock_detector_bugfix/gold/dut_fixed.va,results/vabench-release-v1-baseline-dual-mimo-v2.5-pro-20260530-mimo-bugfix52-no-rootcause-v1-dual-r2-sui/staged_tasks/vbm1_lock_detector_bugfix/gold/tb_lock_detector_ref.scs
vabench-release-v1-baseline-dual-mimo-v2.5-pro-20260530-mimo-bugfix52-no-rootcause-v1-dual-r2-sui,results/vabench-release-v1-baseline-dual-mimo-v2.5-pro-20260530-mimo-bugfix52-no-rootcause-v1-dual-r2-sui/results/vbm1_offset_comparator_bugfix/result.json,vbm1_offset_comparator_bugfix,vbr1_l1_offset_comparator:bugfix,vbr1_l1_offset_comparator,bugfix,Comparator and Decision Circuits,D1,DONE,PASS,PASS,success,True,True,False,False,pass,strict_dual_pass,EVAS and Spectre both satisfy the row contract.,No action.,,"{""common_window_s"": [0.0, 2.8e-08], ""max_abs_v"": 0.0, ""max_nrmse"": 0.0, ""max_relative_rms_error"": 0.0, ""max_rmse_v"": 0.0, ""mean_nrmse"": 0.0, ""mean_relative_rms_error"": 0.0, ""per_signal"": {""CLK"": {""best_lag_s"": 0.0, ""best_lag_samples"": 0,...",results/vabench-release-v1-baseline-minimax-mimo-v2.5-pro-20260530-mimo-bugfix52-no-rootcause-v1/generated/mimo-v2.5-pro/vbm1_offset_comparator_bugfix/sample_0,results/vabench-release-v1-baseline-dual-mimo-v2.5-pro-20260530-mimo-bugfix52-no-rootcause-v1-dual-r2-sui/staged_tasks/vbm1_offset_comparator_bugfix/gold/dut_fixed.va,results/vabench-release-v1-baseline-dual-mimo-v2.5-pro-20260530-mimo-bugfix52-no-rootcause-v1-dual-r2-sui/staged_tasks/vbm1_offset_comparator_bugfix/gold/tb_comparator_offset_ref.scs
vabench-release-v1-baseline-dual-mimo-v2.5-pro-20260530-mimo-bugfix52-no-rootcause-v1-dual-r2-sui,results/vabench-release-v1-baseline-dual-mimo-v2.5-pro-20260530-mimo-bugfix52-no-rootcause-v1-dual-r2-sui/results/vbm1_pfd_reset_race_bugfix/result.json,vbm1_pfd_reset_race_bugfix,vbr1_l1_pfd_up_dn_logic:bugfix,vbr1_l1_pfd_up_dn_logic,bugfix,PLL Clock and Timing Systems,D2,DONE,PASS,PASS,success,True,True,False,False,pass,strict_dual_pass,EVAS and Spectre both satisfy the row contract.,No action.,,"{""common_window_s"": [0.0, 3e-07], ""max_abs_v"": 0.00010721867276793084, ""max_nrmse"": 3.156262448234578e-05, ""max_relative_rms_error"": 3.156262448234578e-05, ""max_rmse_v"": 2.8358978611201926e-05, ""mean_nrmse"": 1.4045588554023841e-05, ""mean...",results/vabench-release-v1-baseline-minimax-mimo-v2.5-pro-20260530-mimo-bugfix52-no-rootcause-v1/generated/mimo-v2.5-pro/vbm1_pfd_reset_race_bugfix/sample_0,results/vabench-release-v1-baseline-dual-mimo-v2.5-pro-20260530-mimo-bugfix52-no-rootcause-v1-dual-r2-sui/staged_tasks/vbm1_pfd_reset_race_bugfix/gold/dut_fixed.va,results/vabench-release-v1-baseline-dual-mimo-v2.5-pro-20260530-mimo-bugfix52-no-rootcause-v1-dual-r2-sui/staged_tasks/vbm1_pfd_reset_race_bugfix/gold/tb_pfd_reset_race_ref.scs
vabench-release-v1-baseline-dual-mimo-v2.5-pro-20260530-mimo-bugfix52-no-rootcause-v1-dual-r2-sui,results/vabench-release-v1-baseline-dual-mimo-v2.5-pro-20260530-mimo-bugfix52-no-rootcause-v1-dual-r2-sui/results/vbm1_resettable_integrator_bugfix/result.json,vbm1_resettable_integrator_bugfix,vbr1_l1_resettable_integrator:bugfix,vbr1_l1_resettable_integrator,bugfix,Baseband Signal Conditioning,D2,DONE,PASS,PASS,success,True,True,False,False,pass,strict_dual_pass,EVAS and Spectre both satisfy the row contract.,No action.,,"{""common_window_s"": [0.0, 3.2e-07], ""max_abs_v"": 0.388, ""max_nrmse"": 0.05146511175451578, ""max_relative_rms_error"": 0.05146511175451578, ""max_rmse_v"": 0.020071393584261167, ""mean_nrmse"": 0.01715503725150526, ""mean_relative_rms_error"": 0....",results/vabench-release-v1-baseline-minimax-mimo-v2.5-pro-20260530-mimo-bugfix52-no-rootcause-v1/generated/mimo-v2.5-pro/vbm1_resettable_integrator_bugfix/sample_0,results/vabench-release-v1-baseline-dual-mimo-v2.5-pro-20260530-mimo-bugfix52-no-rootcause-v1-dual-r2-sui/staged_tasks/vbm1_resettable_integrator_bugfix/gold/dut_fixed.va,results/vabench-release-v1-baseline-dual-mimo-v2.5-pro-20260530-mimo-bugfix52-no-rootcause-v1-dual-r2-sui/staged_tasks/vbm1_resettable_integrator_bugfix/gold/tb_resettable_integrator_ref.scs
vabench-release-v1-baseline-dual-mimo-v2.5-pro-20260530-mimo-bugfix52-no-rootcause-v1-dual-r2-sui,results/vabench-release-v1-baseline-dual-mimo-v2.5-pro-20260530-mimo-bugfix52-no-rootcause-v1-dual-r2-sui/results/vbm1_sar_logic_4b_bugfix/result.json,vbm1_sar_logic_4b_bugfix,vbr1_l1_sar_logic:bugfix,vbr1_l1_sar_logic,bugfix,Data Converter Models,D2,DONE,PASS,PASS,success,True,True,False,False,pass,strict_dual_pass,EVAS and Spectre both satisfy the row contract.,No action.,,"{""common_window_s"": [0.0, 2.6e-07], ""max_abs_v"": 0.0, ""max_nrmse"": 0.0, ""max_relative_rms_error"": 0.0, ""max_rmse_v"": 0.0, ""mean_nrmse"": 0.0, ""mean_relative_rms_error"": 0.0, ""per_signal"": {""clks"": {""best_lag_s"": 0.0, ""best_lag_samples"": 0...",results/vabench-release-v1-baseline-minimax-mimo-v2.5-pro-20260530-mimo-bugfix52-no-rootcause-v1/generated/mimo-v2.5-pro/vbm1_sar_logic_4b_bugfix/sample_0,results/vabench-release-v1-baseline-dual-mimo-v2.5-pro-20260530-mimo-bugfix52-no-rootcause-v1-dual-r2-sui/staged_tasks/vbm1_sar_logic_4b_bugfix/gold/dut_fixed.va,results/vabench-release-v1-baseline-dual-mimo-v2.5-pro-20260530-mimo-bugfix52-no-rootcause-v1-dual-r2-sui/staged_tasks/vbm1_sar_logic_4b_bugfix/gold/tb_sar_logic_4b_ref.scs
vabench-release-v1-baseline-dual-mimo-v2.5-pro-20260530-mimo-bugfix52-no-rootcause-v1-dual-r2-sui,results/vabench-release-v1-baseline-dual-mimo-v2.5-pro-20260530-mimo-bugfix52-no-rootcause-v1-dual-r2-sui/results/vbm1_segmented_dac_bugfix/result.json,vbm1_segmented_dac_bugfix,vbr1_l1_segmented_dac:bugfix,vbr1_l1_segmented_dac,bugfix,Data Converter Models,D2,DONE,PASS,PASS,success,True,True,False,False,pass,strict_dual_pass,EVAS and Spectre both satisfy the row contract.,No action.,,"{""common_window_s"": [0.0, 1.5e-07], ""max_abs_v"": 0.14069740823347437, ""max_nrmse"": 0.0130381740198402, ""max_relative_rms_error"": 0.0130381740198402, ""max_rmse_v"": 0.009387485294284946, ""mean_nrmse"": 0.0021730290033067, ""mean_relative_rms...",results/vabench-release-v1-baseline-minimax-mimo-v2.5-pro-20260530-mimo-bugfix52-no-rootcause-v1/generated/mimo-v2.5-pro/vbm1_segmented_dac_bugfix/sample_0,results/vabench-release-v1-baseline-dual-mimo-v2.5-pro-20260530-mimo-bugfix52-no-rootcause-v1-dual-r2-sui/staged_tasks/vbm1_segmented_dac_bugfix/gold/dut_fixed.va,results/vabench-release-v1-baseline-dual-mimo-v2.5-pro-20260530-mimo-bugfix52-no-rootcause-v1-dual-r2-sui/staged_tasks/vbm1_segmented_dac_bugfix/gold/tb_segmented_dac_ref.scs
vabench-release-v1-baseline-dual-mimo-v2.5-pro-20260530-mimo-bugfix52-no-rootcause-v1-dual-r2-sui,results/vabench-release-v1-baseline-dual-mimo-v2.5-pro-20260530-mimo-bugfix52-no-rootcause-v1-dual-r2-sui/results/vbm1_simple_binary_voltage_dac_4b_bugfix/result.json,vbm1_simple_binary_voltage_dac_4b_bugfix,vbr1_l1_binary_weighted_voltage_dac:bugfix,vbr1_l1_binary_weighted_voltage_dac,bugfix,Data Converter Models,D1,DONE,PASS,PASS,success,True,True,False,False,pass,strict_dual_pass,EVAS and Spectre both satisfy the row contract.,No action.,,"{""common_window_s"": [0.0, 1.65e-07], ""max_abs_v"": 0.026745638685761075, ""max_nrmse"": 0.005015616151231442, ""max_relative_rms_error"": 0.005015616151231442, ""max_rmse_v"": 0.0045140545361082975, ""mean_nrmse"": 0.0010031232302462885, ""mean_re...",results/vabench-release-v1-baseline-minimax-mimo-v2.5-pro-20260530-mimo-bugfix52-no-rootcause-v1/generated/mimo-v2.5-pro/vbm1_simple_binary_voltage_dac_4b_bugfix/sample_0,results/vabench-release-v1-baseline-dual-mimo-v2.5-pro-20260530-mimo-bugfix52-no-rootcause-v1-dual-r2-sui/staged_tasks/vbm1_simple_binary_voltage_dac_4b_bugfix/gold/simple_binary_voltage_dac_4b.va,results/vabench-release-v1-baseline-dual-mimo-v2.5-pro-20260530-mimo-bugfix52-no-rootcause-v1-dual-r2-sui/staged_tasks/vbm1_simple_binary_voltage_dac_4b_bugfix/gold/tb_simple_binary_voltage_dac_4b_ref.scs
vabench-release-v1-baseline-dual-mimo-v2.5-pro-20260530-mimo-bugfix52-no-rootcause-v1-dual-r2-sui,results/vabench-release-v1-baseline-dual-mimo-v2.5-pro-20260530-mimo-bugfix52-no-rootcause-v1-dual-r2-sui/results/vbm1_slew_rate_limiter_bugfix/result.json,vbm1_slew_rate_limiter_bugfix,vbr1_l1_slew_rate_limiter:bugfix,vbr1_l1_slew_rate_limiter,bugfix,Baseband Signal Conditioning,D2,DONE,PASS,PASS,success,True,True,False,False,pass,strict_dual_pass,EVAS and Spectre both satisfy the row contract.,No action.,,"spectre:slew_samples=0.285,0.800,0.740,0.440,0.100 input_sequence=True rising_limited=True high_reached=True falling_limited=True low_reached=True not_passthrough=True",results/vabench-release-v1-baseline-minimax-mimo-v2.5-pro-20260530-mimo-bugfix52-no-rootcause-v1/generated/mimo-v2.5-pro/vbm1_slew_rate_limiter_bugfix/sample_0,results/vabench-release-v1-baseline-dual-mimo-v2.5-pro-20260530-mimo-bugfix52-no-rootcause-v1-dual-r2-sui/staged_tasks/vbm1_slew_rate_limiter_bugfix/gold/dut_fixed.va,results/vabench-release-v1-baseline-dual-mimo-v2.5-pro-20260530-mimo-bugfix52-no-rootcause-v1-dual-r2-sui/staged_tasks/vbm1_slew_rate_limiter_bugfix/gold/tb_slew_rate_limiter_ref.scs
vabench-release-v1-baseline-dual-mimo-v2.5-pro-20260530-mimo-bugfix52-no-rootcause-v1-dual-r2-sui,results/vabench-release-v1-baseline-dual-mimo-v2.5-pro-20260530-mimo-bugfix52-no-rootcause-v1-dual-r2-sui/results/vbm1_strongarm_comparator_behavior_bugfix/result.json,vbm1_strongarm_comparator_behavior_bugfix,vbr1_l1_strongarm_style_latch_comparator:bugfix,vbr1_l1_strongarm_style_latch_comparator,bugfix,Comparator and Decision Circuits,D2,DONE,FAIL_EVAS,FAIL_DUT_COMPILE,error,False,False,False,False,model_dut_compile,restricted_analog_operator_placement,The candidate failed the Spectre-compatible Verilog-A/testbench subset before behavior could be judged.,Count as model syntax/subset failure unless Spectre accepts the same row.,,"ERROR (VACOMP-2146): ""dut_fixed.va"", line 27: Encountered the `cross'",results/vabench-release-v1-baseline-minimax-mimo-v2.5-pro-20260530-mimo-bugfix52-no-rootcause-v1/generated/mimo-v2.5-pro/vbm1_strongarm_comparator_behavior_bugfix/sample_0,results/vabench-release-v1-baseline-dual-mimo-v2.5-pro-20260530-mimo-bugfix52-no-rootcause-v1-dual-r2-sui/staged_tasks/vbm1_strongarm_comparator_behavior_bugfix/gold/dut_fixed.va,results/vabench-release-v1-baseline-dual-mimo-v2.5-pro-20260530-mimo-bugfix52-no-rootcause-v1-dual-r2-sui/staged_tasks/vbm1_strongarm_comparator_behavior_bugfix/gold/tb_strongarm_reset_priority_bug_ref.scs
vabench-release-v1-baseline-dual-mimo-v2.5-pro-20260530-mimo-bugfix52-no-rootcause-v1-dual-r2-sui,results/vabench-release-v1-baseline-dual-mimo-v2.5-pro-20260530-mimo-bugfix52-no-rootcause-v1-dual-r2-sui/results/vbm1_thermometer_dac_15seg_bugfix/result.json,vbm1_thermometer_dac_15seg_bugfix,vbr1_l1_unit_element_thermometer_dac:bugfix,vbr1_l1_unit_element_thermometer_dac,bugfix,Data Converter Models,D1,DONE,PASS,PASS,success,True,True,False,False,pass,strict_dual_pass,EVAS and Spectre both satisfy the row contract.,No action.,,"{""common_window_s"": [0.0, 1.8e-07], ""max_abs_v"": 0.15618604166665173, ""max_nrmse"": 0.009679205503080445, ""max_relative_rms_error"": 0.009679205503080445, ""max_rmse_v"": 0.0087112849527724, ""mean_nrmse"": 0.0006049503439425278, ""mean_relativ...",results/vabench-release-v1-baseline-minimax-mimo-v2.5-pro-20260530-mimo-bugfix52-no-rootcause-v1/generated/mimo-v2.5-pro/vbm1_thermometer_dac_15seg_bugfix/sample_0,results/vabench-release-v1-baseline-dual-mimo-v2.5-pro-20260530-mimo-bugfix52-no-rootcause-v1-dual-r2-sui/staged_tasks/vbm1_thermometer_dac_15seg_bugfix/gold/dut_fixed.va,results/vabench-release-v1-baseline-dual-mimo-v2.5-pro-20260530-mimo-bugfix52-no-rootcause-v1-dual-r2-sui/staged_tasks/vbm1_thermometer_dac_15seg_bugfix/gold/tb_thermometer_dac_15seg_ref.scs
vabench-release-v1-baseline-dual-mimo-v2.5-pro-20260530-mimo-bugfix52-no-rootcause-v1-dual-r2-sui,results/vabench-release-v1-baseline-dual-mimo-v2.5-pro-20260530-mimo-bugfix52-no-rootcause-v1-dual-r2-sui/results/vbm1_thermometer_decoder_guarded_bugfix/result.json,vbm1_thermometer_decoder_guarded_bugfix,vbr1_l1_thermometer_code_decoder:bugfix,vbr1_l1_thermometer_code_decoder,bugfix,Data Converter Models,D1,DONE,PASS,PASS,success,True,True,False,False,pass,strict_dual_pass,EVAS and Spectre both satisfy the row contract.,No action.,,"{""common_window_s"": [0.0, 1.2e-07], ""max_abs_v"": 1.0, ""max_nrmse"": 0.0016666666666666668, ""max_relative_rms_error"": 0.0016666666666666668, ""max_rmse_v"": 0.040824829046386304, ""mean_nrmse"": 0.00047619047619047624, ""mean_relative_rms_error...",results/vabench-release-v1-baseline-minimax-mimo-v2.5-pro-20260530-mimo-bugfix52-no-rootcause-v1/generated/mimo-v2.5-pro/vbm1_thermometer_decoder_guarded_bugfix/sample_0,results/vabench-release-v1-baseline-dual-mimo-v2.5-pro-20260530-mimo-bugfix52-no-rootcause-v1-dual-r2-sui/staged_tasks/vbm1_thermometer_decoder_guarded_bugfix/gold/dut_fixed.va,results/vabench-release-v1-baseline-dual-mimo-v2.5-pro-20260530-mimo-bugfix52-no-rootcause-v1-dual-r2-sui/staged_tasks/vbm1_thermometer_decoder_guarded_bugfix/gold/tb_thermometer_decoder_guarded_ref.scs
vabench-release-v1-baseline-dual-mimo-v2.5-pro-20260530-mimo-bugfix52-no-rootcause-v1-dual-r2-sui,results/vabench-release-v1-baseline-dual-mimo-v2.5-pro-20260530-mimo-bugfix52-no-rootcause-v1-dual-r2-sui/results/vbr1_l1_acquisition_limited_sample_and_hold_bugfix/result.json,vbr1_l1_acquisition_limited_sample_and_hold_bugfix,vbr1_l1_acquisition_limited_sample_and_hold:bugfix,vbr1_l1_acquisition_limited_sample_and_hold,bugfix,Sampling and Analog Memory,D2,DONE,PASS,PASS,success,True,True,False,False,pass,strict_dual_pass,EVAS and Spectre both satisfy the row contract.,No action.,,"{""common_window_s"": [0.0, 9e-08], ""max_abs_v"": 5.018944269574721e-06, ""max_nrmse"": 2.3267239367801064e-06, ""max_relative_rms_error"": 2.3267239367801064e-06, ""max_rmse_v"": 3.9447607408150725e-07, ""mean_nrmse"": 4.6725384667041274e-07, ""mea...",results/vabench-release-v1-baseline-minimax-mimo-v2.5-pro-20260530-mimo-bugfix52-no-rootcause-v1/generated/mimo-v2.5-pro/vbr1_l1_acquisition_limited_sample_and_hold_bugfix/sample_0,results/vabench-release-v1-baseline-dual-mimo-v2.5-pro-20260530-mimo-bugfix52-no-rootcause-v1-dual-r2-sui/staged_tasks/vbr1_l1_acquisition_limited_sample_and_hold_bugfix/gold/acquisition_limited_sample_hold.va,results/vabench-release-v1-baseline-dual-mimo-v2.5-pro-20260530-mimo-bugfix52-no-rootcause-v1-dual-r2-sui/staged_tasks/vbr1_l1_acquisition_limited_sample_and_hold_bugfix/gold/tb_acquisition_limited_sample_hold.scs
vabench-release-v1-baseline-dual-mimo-v2.5-pro-20260530-mimo-bugfix52-no-rootcause-v1-dual-r2-sui,results/vabench-release-v1-baseline-dual-mimo-v2.5-pro-20260530-mimo-bugfix52-no-rootcause-v1-dual-r2-sui/results/vbr1_l1_aperture_delay_track_and_hold_bugfix/result.json,vbr1_l1_aperture_delay_track_and_hold_bugfix,vbr1_l1_aperture_delay_track_and_hold:bugfix,vbr1_l1_aperture_delay_track_and_hold,bugfix,Sampling and Analog Memory,D2,DONE,PASS,PASS,success,True,True,False,False,pass,strict_dual_pass,EVAS and Spectre both satisfy the row contract.,No action.,,"{""common_window_s"": [0.0, 1.3e-07], ""max_abs_v"": 8.870744308264733e-05, ""max_nrmse"": 3.7737775261252234e-06, ""max_relative_rms_error"": 3.7737775261252234e-06, ""max_rmse_v"": 2.6416442682876565e-06, ""mean_nrmse"": 1.891606592827014e-06, ""me...",results/vabench-release-v1-baseline-minimax-mimo-v2.5-pro-20260530-mimo-bugfix52-no-rootcause-v1/generated/mimo-v2.5-pro/vbr1_l1_aperture_delay_track_and_hold_bugfix/sample_0,results/vabench-release-v1-baseline-dual-mimo-v2.5-pro-20260530-mimo-bugfix52-no-rootcause-v1-dual-r2-sui/staged_tasks/vbr1_l1_aperture_delay_track_and_hold_bugfix/gold/dut_fixed.va,results/vabench-release-v1-baseline-dual-mimo-v2.5-pro-20260530-mimo-bugfix52-no-rootcause-v1-dual-r2-sui/staged_tasks/vbr1_l1_aperture_delay_track_and_hold_bugfix/gold/tb_sample_hold_aperture_ref.scs
vabench-release-v1-baseline-dual-mimo-v2.5-pro-20260530-mimo-bugfix52-no-rootcause-v1-dual-r2-sui,results/vabench-release-v1-baseline-dual-mimo-v2.5-pro-20260530-mimo-bugfix52-no-rootcause-v1-dual-r2-sui/results/vbr1_l1_bandgap_reference_macro_model_bugfix/result.json,vbr1_l1_bandgap_reference_macro_model_bugfix,vbr1_l1_bandgap_reference_macro_model:bugfix,vbr1_l1_bandgap_reference_macro_model,bugfix,Bias Reference and Power Management,D2,DONE,FAIL_EVAS,FAIL_SIM_CORRECTNESS,success,False,False,False,False,model_behavior,reference_power_behavior,The candidate compiled but missed the row's functional checker contract.,Use checker evidence for model error analysis; audit prompt only if the observable contract was underspecified.,,spectre:bandgap_brownout_not_reset=0.550,results/vabench-release-v1-baseline-minimax-mimo-v2.5-pro-20260530-mimo-bugfix52-no-rootcause-v1/generated/mimo-v2.5-pro/vbr1_l1_bandgap_reference_macro_model_bugfix/sample_0,results/vabench-release-v1-baseline-dual-mimo-v2.5-pro-20260530-mimo-bugfix52-no-rootcause-v1-dual-r2-sui/staged_tasks/vbr1_l1_bandgap_reference_macro_model_bugfix/gold/bandgap_reference_macro_model.va,results/vabench-release-v1-baseline-dual-mimo-v2.5-pro-20260530-mimo-bugfix52-no-rootcause-v1-dual-r2-sui/staged_tasks/vbr1_l1_bandgap_reference_macro_model_bugfix/gold/tb_bandgap_reference_macro_model.scs
vabench-release-v1-baseline-dual-mimo-v2.5-pro-20260530-mimo-bugfix52-no-rootcause-v1-dual-r2-sui,results/vabench-release-v1-baseline-dual-mimo-v2.5-pro-20260530-mimo-bugfix52-no-rootcause-v1-dual-r2-sui/results/vbr1_l1_bang_bang_phase_detector_bugfix/result.json,vbr1_l1_bang_bang_phase_detector_bugfix,vbr1_l1_bang_bang_phase_detector:bugfix,vbr1_l1_bang_bang_phase_detector,bugfix,PLL Clock and Timing Systems,D2,DONE,PASS,PASS,success,True,True,False,False,pass,strict_dual_pass,EVAS and Spectre both satisfy the row contract.,No action.,,"{""common_window_s"": [0.0, 6e-08], ""max_abs_v"": 0.0, ""max_nrmse"": 0.0, ""max_relative_rms_error"": 0.0, ""max_rmse_v"": 0.0, ""mean_nrmse"": 0.0, ""mean_relative_rms_error"": 0.0, ""per_signal"": {""clk"": {""best_lag_s"": 0.0, ""best_lag_samples"": 0, ""...",results/vabench-release-v1-baseline-minimax-mimo-v2.5-pro-20260530-mimo-bugfix52-no-rootcause-v1/generated/mimo-v2.5-pro/vbr1_l1_bang_bang_phase_detector_bugfix/sample_0,results/vabench-release-v1-baseline-dual-mimo-v2.5-pro-20260530-mimo-bugfix52-no-rootcause-v1-dual-r2-sui/staged_tasks/vbr1_l1_bang_bang_phase_detector_bugfix/gold/bbpd_ref.va,results/vabench-release-v1-baseline-dual-mimo-v2.5-pro-20260530-mimo-bugfix52-no-rootcause-v1-dual-r2-sui/staged_tasks/vbr1_l1_bang_bang_phase_detector_bugfix/gold/tb_bbpd_ref.scs
vabench-release-v1-baseline-dual-mimo-v2.5-pro-20260530-mimo-bugfix52-no-rootcause-v1-dual-r2-sui,results/vabench-release-v1-baseline-dual-mimo-v2.5-pro-20260530-mimo-bugfix52-no-rootcause-v1-dual-r2-sui/results/vbr1_l1_bias_voltage_generator_with_enable_trim_bugfix/result.json,vbr1_l1_bias_voltage_generator_with_enable_trim_bugfix,vbr1_l1_bias_voltage_generator_with_enable_trim:bugfix,vbr1_l1_bias_voltage_generator_with_enable_trim,bugfix,Bias Reference and Power Management,D1,DONE,FAIL_EVAS,FAIL_SIM_CORRECTNESS,success,False,False,False,False,model_behavior,reference_power_behavior,The candidate compiled but missed the row's functional checker contract.,Use checker evidence for model error analysis; audit prompt only if the observable contract was underspecified.,,spectre:bias_not_disabled early=0.000 late=0.085,results/vabench-release-v1-baseline-minimax-mimo-v2.5-pro-20260530-mimo-bugfix52-no-rootcause-v1/generated/mimo-v2.5-pro/vbr1_l1_bias_voltage_generator_with_enable_trim_bugfix/sample_0,results/vabench-release-v1-baseline-dual-mimo-v2.5-pro-20260530-mimo-bugfix52-no-rootcause-v1-dual-r2-sui/staged_tasks/vbr1_l1_bias_voltage_generator_with_enable_trim_bugfix/gold/bias_voltage_generator_with_enable_trim.va,results/vabench-release-v1-baseline-dual-mimo-v2.5-pro-20260530-mimo-bugfix52-no-rootcause-v1-dual-r2-sui/staged_tasks/vbr1_l1_bias_voltage_generator_with_enable_trim_bugfix/gold/tb_bias_voltage_generator_with_enable_trim.scs
vabench-release-v1-baseline-dual-mimo-v2.5-pro-20260530-mimo-bugfix52-no-rootcause-v1-dual-r2-sui,results/vabench-release-v1-baseline-dual-mimo-v2.5-pro-20260530-mimo-bugfix52-no-rootcause-v1-dual-r2-sui/results/vbr1_l1_calibration_deadband_controller_bugfix/result.json,vbr1_l1_calibration_deadband_controller_bugfix,vbr1_l1_calibration_deadband_controller:bugfix,vbr1_l1_calibration_deadband_controller,bugfix,"Calibration, DEM, and Control",D2,DONE,PASS,PASS,success,True,True,False,False,pass,strict_dual_pass,EVAS and Spectre both satisfy the row contract.,No action.,,"{""common_window_s"": [0.0, 8e-08], ""max_abs_v"": 0.0003356553764998216, ""max_nrmse"": 3.795618863098207e-05, ""max_relative_rms_error"": 3.795618863098207e-05, ""max_rmse_v"": 1.5941599225012477e-05, ""mean_nrmse"": 7.596388591323304e-06, ""mean_r...",results/vabench-release-v1-baseline-minimax-mimo-v2.5-pro-20260530-mimo-bugfix52-no-rootcause-v1/generated/mimo-v2.5-pro/vbr1_l1_calibration_deadband_controller_bugfix/sample_0,results/vabench-release-v1-baseline-dual-mimo-v2.5-pro-20260530-mimo-bugfix52-no-rootcause-v1-dual-r2-sui/staged_tasks/vbr1_l1_calibration_deadband_controller_bugfix/gold/calibration_deadband_controller.va,results/vabench-release-v1-baseline-dual-mimo-v2.5-pro-20260530-mimo-bugfix52-no-rootcause-v1-dual-r2-sui/staged_tasks/vbr1_l1_calibration_deadband_controller_bugfix/gold/tb_calibration_deadband_controller.scs
vabench-release-v1-baseline-dual-mimo-v2.5-pro-20260530-mimo-bugfix52-no-rootcause-v1-dual-r2-sui,results/vabench-release-v1-baseline-dual-mimo-v2.5-pro-20260530-mimo-bugfix52-no-rootcause-v1-dual-r2-sui/results/vbr1_l1_capacitive_weighted_sar_feedback_dac_bugfix/result.json,vbr1_l1_capacitive_weighted_sar_feedback_dac_bugfix,vbr1_l1_capacitive_weighted_sar_feedback_dac:bugfix,vbr1_l1_capacitive_weighted_sar_feedback_dac,bugfix,Data Converter Models,D2,DONE,FAIL_EVAS,FAIL_SIM_CORRECTNESS,success,False,False,False,False,model_behavior,converter_code_or_transfer_behavior,The candidate compiled but missed the row's functional checker contract.,Use checker evidence for model error analysis; audit prompt only if the observable contract was underspecified.,,spectre:samples=16 mismatches=15/1 cal_mismatches=0 covered_states=16 diff_span=1.2035 max_diff_error=0.3510 max_cm_error=0.0000,results/vabench-release-v1-baseline-minimax-mimo-v2.5-pro-20260530-mimo-bugfix52-no-rootcause-v1/generated/mimo-v2.5-pro/vbr1_l1_capacitive_weighted_sar_feedback_dac_bugfix/sample_0,results/vabench-release-v1-baseline-dual-mimo-v2.5-pro-20260530-mimo-bugfix52-no-rootcause-v1-dual-r2-sui/staged_tasks/vbr1_l1_capacitive_weighted_sar_feedback_dac_bugfix/gold/cdac_cal.va,results/vabench-release-v1-baseline-dual-mimo-v2.5-pro-20260530-mimo-bugfix52-no-rootcause-v1-dual-r2-sui/staged_tasks/vbr1_l1_capacitive_weighted_sar_feedback_dac_bugfix/gold/tb_cdac_cal_ref.scs
vabench-release-v1-baseline-dual-mimo-v2.5-pro-20260530-mimo-bugfix52-no-rootcause-v1-dual-r2-sui,results/vabench-release-v1-baseline-dual-mimo-v2.5-pro-20260530-mimo-bugfix52-no-rootcause-v1-dual-r2-sui/results/vbr1_l1_charge_pump_abstraction_bugfix/result.json,vbr1_l1_charge_pump_abstraction_bugfix,vbr1_l1_charge_pump_abstraction:bugfix,vbr1_l1_charge_pump_abstraction,bugfix,PLL Clock and Timing Systems,D2,DONE,PASS,PASS,success,True,True,False,False,pass,strict_dual_pass,EVAS and Spectre both satisfy the row contract.,No action.,,"{""common_window_s"": [0.0, 8e-08], ""max_abs_v"": 3.7503896733070974e-05, ""max_nrmse"": 4.419441482521577e-06, ""max_relative_rms_error"": 4.419441482521577e-06, ""max_rmse_v"": 2.651664889512946e-06, ""mean_nrmse"": 1.159650160117858e-06, ""mean_r...",results/vabench-release-v1-baseline-minimax-mimo-v2.5-pro-20260530-mimo-bugfix52-no-rootcause-v1/generated/mimo-v2.5-pro/vbr1_l1_charge_pump_abstraction_bugfix/sample_0,results/vabench-release-v1-baseline-dual-mimo-v2.5-pro-20260530-mimo-bugfix52-no-rootcause-v1-dual-r2-sui/staged_tasks/vbr1_l1_charge_pump_abstraction_bugfix/gold/charge_pump_abstraction.va,results/vabench-release-v1-baseline-dual-mimo-v2.5-pro-20260530-mimo-bugfix52-no-rootcause-v1-dual-r2-sui/staged_tasks/vbr1_l1_charge_pump_abstraction_bugfix/gold/tb_charge_pump_abstraction.scs
vabench-release-v1-baseline-dual-mimo-v2.5-pro-20260530-mimo-bugfix52-no-rootcause-v1-dual-r2-sui,results/vabench-release-v1-baseline-dual-mimo-v2.5-pro-20260530-mimo-bugfix52-no-rootcause-v1-dual-r2-sui/results/vbr1_l1_clock_divider_bugfix/result.json,vbr1_l1_clock_divider_bugfix,vbr1_l1_clock_divider:bugfix,vbr1_l1_clock_divider,bugfix,PLL Clock and Timing Systems,D2,DONE,PASS,PASS,success,True,True,False,False,pass,strict_dual_pass,EVAS and Spectre both satisfy the row contract.,No action.,,"{""common_window_s"": [0.0, 8e-08], ""max_abs_v"": 0.0, ""max_nrmse"": 0.0, ""max_relative_rms_error"": 0.0, ""max_rmse_v"": 0.0, ""mean_nrmse"": 0.0, ""mean_relative_rms_error"": 0.0, ""per_signal"": {""clk_in"": {""best_lag_s"": 0.0, ""best_lag_samples"": 0...",results/vabench-release-v1-baseline-minimax-mimo-v2.5-pro-20260530-mimo-bugfix52-no-rootcause-v1/generated/mimo-v2.5-pro/vbr1_l1_clock_divider_bugfix/sample_0,results/vabench-release-v1-baseline-dual-mimo-v2.5-pro-20260530-mimo-bugfix52-no-rootcause-v1-dual-r2-sui/staged_tasks/vbr1_l1_clock_divider_bugfix/gold/clk_divider_ref.va,results/vabench-release-v1-baseline-dual-mimo-v2.5-pro-20260530-mimo-bugfix52-no-rootcause-v1-dual-r2-sui/staged_tasks/vbr1_l1_clock_divider_bugfix/gold/tb_clk_divider_ref.scs
vabench-release-v1-baseline-dual-mimo-v2.5-pro-20260530-mimo-bugfix52-no-rootcause-v1-dual-r2-sui,results/vabench-release-v1-baseline-dual-mimo-v2.5-pro-20260530-mimo-bugfix52-no-rootcause-v1-dual-r2-sui/results/vbr1_l1_clocked_adc_quantizer_bugfix/result.json,vbr1_l1_clocked_adc_quantizer_bugfix,vbr1_l1_clocked_adc_quantizer:bugfix,vbr1_l1_clocked_adc_quantizer,bugfix,Data Converter Models,D2,DONE,PASS,PASS,success,True,True,False,False,pass,strict_dual_pass,EVAS and Spectre both satisfy the row contract.,No action.,,"{""common_window_s"": [0.0, 8.2e-07], ""max_abs_v"": 4.998851027560036e-08, ""max_nrmse"": 7.989177851961628e-09, ""max_relative_rms_error"": 7.989177851961628e-09, ""max_rmse_v"": 7.190260066765465e-09, ""mean_nrmse"": 1.5978355703923256e-09, ""mean...",results/vabench-release-v1-baseline-minimax-mimo-v2.5-pro-20260530-mimo-bugfix52-no-rootcause-v1/generated/mimo-v2.5-pro/vbr1_l1_clocked_adc_quantizer_bugfix/sample_0,results/vabench-release-v1-baseline-dual-mimo-v2.5-pro-20260530-mimo-bugfix52-no-rootcause-v1-dual-r2-sui/staged_tasks/vbr1_l1_clocked_adc_quantizer_bugfix/gold/flash_adc_3b.va,results/vabench-release-v1-baseline-dual-mimo-v2.5-pro-20260530-mimo-bugfix52-no-rootcause-v1-dual-r2-sui/staged_tasks/vbr1_l1_clocked_adc_quantizer_bugfix/gold/tb_flash_adc_3b_ref.scs
vabench-release-v1-baseline-dual-mimo-v2.5-pro-20260530-mimo-bugfix52-no-rootcause-v1-dual-r2-sui,results/vabench-release-v1-baseline-dual-mimo-v2.5-pro-20260530-mimo-bugfix52-no-rootcause-v1-dual-r2-sui/results/vbr1_l1_clocked_sample_and_hold_bugfix/result.json,vbr1_l1_clocked_sample_and_hold_bugfix,vbr1_l1_clocked_sample_and_hold:bugfix,vbr1_l1_clocked_sample_and_hold,bugfix,Sampling and Analog Memory,D2,DONE,PASS,PASS,success,True,True,False,False,pass,strict_dual_pass,EVAS and Spectre both satisfy the row contract.,No action.,,"{""common_window_s"": [0.0, 1e-06], ""max_abs_v"": 4.058848729415754e-05, ""max_nrmse"": 1.6210169190109774e-06, ""max_relative_rms_error"": 1.6210169190109774e-06, ""max_rmse_v"": 1.429882887037679e-06, ""mean_nrmse"": 5.430046098554631e-07, ""mean_...",results/vabench-release-v1-baseline-minimax-mimo-v2.5-pro-20260530-mimo-bugfix52-no-rootcause-v1/generated/mimo-v2.5-pro/vbr1_l1_clocked_sample_and_hold_bugfix/sample_0,results/vabench-release-v1-baseline-dual-mimo-v2.5-pro-20260530-mimo-bugfix52-no-rootcause-v1-dual-r2-sui/staged_tasks/vbr1_l1_clocked_sample_and_hold_bugfix/gold/sample_hold.va,results/vabench-release-v1-baseline-dual-mimo-v2.5-pro-20260530-mimo-bugfix52-no-rootcause-v1-dual-r2-sui/staged_tasks/vbr1_l1_clocked_sample_and_hold_bugfix/gold/tb_sample_hold_ref.scs
vabench-release-v1-baseline-dual-mimo-v2.5-pro-20260530-mimo-bugfix52-no-rootcause-v1-dual-r2-sui,results/vabench-release-v1-baseline-dual-mimo-v2.5-pro-20260530-mimo-bugfix52-no-rootcause-v1-dual-r2-sui/results/vbr1_l1_dac_mismatch_unit_weighting_model_bugfix/result.json,vbr1_l1_dac_mismatch_unit_weighting_model_bugfix,vbr1_l1_dac_mismatch_unit_weighting_model:bugfix,vbr1_l1_dac_mismatch_unit_weighting_model,bugfix,Data Converter Models,D2,DONE,FAIL_EVAS,FAIL_SIM_CORRECTNESS,success,False,False,False,False,model_behavior,converter_code_or_transfer_behavior,The candidate compiled but missed the row's functional checker contract.,Use checker evidence for model error analysis; audit prompt only if the observable contract was underspecified.,,"{""category"": ""Data Converter Models"", ""difficulty"": ""D2"", ""family"": ""bugfix"", ""form"": ""bugfix"", ""release_entry_id"": ""vbr1_l1_dac_mismatch_unit_weighting_model"", ""required_axes"": [""dut_compile"", ""tb_compile"", ""sim_correct""], ""stage_notes""...",results/vabench-release-v1-baseline-minimax-mimo-v2.5-pro-20260530-mimo-bugfix52-no-rootcause-v1/generated/mimo-v2.5-pro/vbr1_l1_dac_mismatch_unit_weighting_model_bugfix/sample_0,results/vabench-release-v1-baseline-dual-mimo-v2.5-pro-20260530-mimo-bugfix52-no-rootcause-v1-dual-r2-sui/staged_tasks/vbr1_l1_dac_mismatch_unit_weighting_model_bugfix/gold/dac_mismatch_unit_weighting_model.va,results/vabench-release-v1-baseline-dual-mimo-v2.5-pro-20260530-mimo-bugfix52-no-rootcause-v1-dual-r2-sui/staged_tasks/vbr1_l1_dac_mismatch_unit_weighting_model_bugfix/gold/tb_dac_mismatch_unit_weighting_model.scs
vabench-release-v1-baseline-dual-mimo-v2.5-pro-20260530-mimo-bugfix52-no-rootcause-v1-dual-r2-sui,results/vabench-release-v1-baseline-dual-mimo-v2.5-pro-20260530-mimo-bugfix52-no-rootcause-v1-dual-r2-sui/results/vbr1_l1_digital_phase_accumulator_with_modulo_wrap_bugfix/result.json,vbr1_l1_digital_phase_accumulator_with_modulo_wrap_bugfix,vbr1_l1_digital_phase_accumulator_with_modulo_wrap:bugfix,vbr1_l1_digital_phase_accumulator_with_modulo_wrap,bugfix,PLL Clock and Timing Systems,D2,DONE,PASS,PASS,success,True,True,False,False,pass,strict_dual_pass,EVAS and Spectre both satisfy the row contract.,No action.,,"{""common_window_s"": [0.0, 7.5e-08], ""max_abs_v"": 2.9753977059954195e-14, ""max_nrmse"": 2.4843525111873897e-15, ""max_relative_rms_error"": 2.4843525111873897e-15, ""max_rmse_v"": 1.6769379450514881e-15, ""mean_nrmse"": 1.2421762555936948e-15, ""...",results/vabench-release-v1-baseline-minimax-mimo-v2.5-pro-20260530-mimo-bugfix52-no-rootcause-v1/generated/mimo-v2.5-pro/vbr1_l1_digital_phase_accumulator_with_modulo_wrap_bugfix/sample_0,results/vabench-release-v1-baseline-dual-mimo-v2.5-pro-20260530-mimo-bugfix52-no-rootcause-v1-dual-r2-sui/staged_tasks/vbr1_l1_digital_phase_accumulator_with_modulo_wrap_bugfix/gold/phase_accumulator_timer_wrap_ref.va,results/vabench-release-v1-baseline-dual-mimo-v2.5-pro-20260530-mimo-bugfix52-no-rootcause-v1-dual-r2-sui/staged_tasks/vbr1_l1_digital_phase_accumulator_with_modulo_wrap_bugfix/gold/tb_phase_accumulator_timer_wrap_ref.scs
vabench-release-v1-baseline-dual-mimo-v2.5-pro-20260530-mimo-bugfix52-no-rootcause-v1-dual-r2-sui,results/vabench-release-v1-baseline-dual-mimo-v2.5-pro-20260530-mimo-bugfix52-no-rootcause-v1-dual-r2-sui/results/vbr1_l1_dwa_dem_encoder_bugfix/result.json,vbr1_l1_dwa_dem_encoder_bugfix,vbr1_l1_dwa_dem_encoder:bugfix,vbr1_l1_dwa_dem_encoder,bugfix,"Calibration, DEM, and Control",D2,DONE,FAIL_EVAS,FAIL_SIM_CORRECTNESS,success,False,False,False,False,model_behavior,calibration_control_behavior,The candidate compiled but missed the row's functional checker contract.,Use checker evidence for model error analysis; audit prompt only if the observable contract was underspecified.,,FAIL_SIM_CORRECTNESS,results/vabench-release-v1-baseline-minimax-mimo-v2.5-pro-20260530-mimo-bugfix52-no-rootcause-v1/generated/mimo-v2.5-pro/vbr1_l1_dwa_dem_encoder_bugfix/sample_0,results/vabench-release-v1-baseline-dual-mimo-v2.5-pro-20260530-mimo-bugfix52-no-rootcause-v1-dual-r2-sui/staged_tasks/vbr1_l1_dwa_dem_encoder_bugfix/gold/dwa_ptr_gen.va,results/vabench-release-v1-baseline-dual-mimo-v2.5-pro-20260530-mimo-bugfix52-no-rootcause-v1-dual-r2-sui/staged_tasks/vbr1_l1_dwa_dem_encoder_bugfix/gold/tb_dwa_ptr_gen_ref.scs
vabench-release-v1-baseline-dual-mimo-v2.5-pro-20260530-mimo-bugfix52-no-rootcause-v1-dual-r2-sui,results/vabench-release-v1-baseline-dual-mimo-v2.5-pro-20260530-mimo-bugfix52-no-rootcause-v1-dual-r2-sui/results/vbr1_l1_higher_order_filter_bugfix/result.json,vbr1_l1_higher_order_filter_bugfix,vbr1_l1_higher_order_filter:bugfix,vbr1_l1_higher_order_filter,bugfix,Baseband Signal Conditioning,D2,DONE,PASS,PASS,success,True,True,False,False,pass,strict_dual_pass,EVAS and Spectre both satisfy the row contract.,No action.,,"{""common_window_s"": [0.0, 8e-08], ""max_abs_v"": 9.871625207735768e-05, ""max_nrmse"": 9.72556405992235e-06, ""max_relative_rms_error"": 9.72556405992235e-06, ""max_rmse_v"": 7.139444961575553e-06, ""mean_nrmse"": 2.8636333547303703e-06, ""mean_rel...",results/vabench-release-v1-baseline-minimax-mimo-v2.5-pro-20260530-mimo-bugfix52-no-rootcause-v1/generated/mimo-v2.5-pro/vbr1_l1_higher_order_filter_bugfix/sample_0,results/vabench-release-v1-baseline-dual-mimo-v2.5-pro-20260530-mimo-bugfix52-no-rootcause-v1-dual-r2-sui/staged_tasks/vbr1_l1_higher_order_filter_bugfix/gold/higher_order_filter.va,results/vabench-release-v1-baseline-dual-mimo-v2.5-pro-20260530-mimo-bugfix52-no-rootcause-v1-dual-r2-sui/staged_tasks/vbr1_l1_higher_order_filter_bugfix/gold/tb_higher_order_filter.scs
vabench-release-v1-baseline-dual-mimo-v2.5-pro-20260530-mimo-bugfix52-no-rootcause-v1-dual-r2-sui,results/vabench-release-v1-baseline-dual-mimo-v2.5-pro-20260530-mimo-bugfix52-no-rootcause-v1-dual-r2-sui/results/vbr1_l1_hysteresis_comparator_bugfix/result.json,vbr1_l1_hysteresis_comparator_bugfix,vbr1_l1_hysteresis_comparator:bugfix,vbr1_l1_hysteresis_comparator,bugfix,Comparator and Decision Circuits,D2,DONE,PASS,PASS,success,True,True,False,False,pass,strict_dual_pass,EVAS and Spectre both satisfy the row contract.,No action.,,"{""common_window_s"": [0.0, 8e-08], ""max_abs_v"": 1.0, ""max_nrmse"": 0.0008333333333333334, ""max_relative_rms_error"": 0.0008333333333333334, ""max_rmse_v"": 0.02886751345948129, ""mean_nrmse"": 0.0004166666666666667, ""mean_relative_rms_error"": 0...",results/vabench-release-v1-baseline-minimax-mimo-v2.5-pro-20260530-mimo-bugfix52-no-rootcause-v1/generated/mimo-v2.5-pro/vbr1_l1_hysteresis_comparator_bugfix/sample_0,results/vabench-release-v1-baseline-dual-mimo-v2.5-pro-20260530-mimo-bugfix52-no-rootcause-v1-dual-r2-sui/staged_tasks/vbr1_l1_hysteresis_comparator_bugfix/gold/cmp_hysteresis.va,results/vabench-release-v1-baseline-dual-mimo-v2.5-pro-20260530-mimo-bugfix52-no-rootcause-v1-dual-r2-sui/staged_tasks/vbr1_l1_hysteresis_comparator_bugfix/gold/tb_cmp_hysteresis_ref.scs
vabench-release-v1-baseline-dual-mimo-v2.5-pro-20260530-mimo-bugfix52-no-rootcause-v1-dual-r2-sui,results/vabench-release-v1-baseline-dual-mimo-v2.5-pro-20260530-mimo-bugfix52-no-rootcause-v1-dual-r2-sui/results/vbr1_l1_ldo_regulator_macro_model_bugfix/result.json,vbr1_l1_ldo_regulator_macro_model_bugfix,vbr1_l1_ldo_regulator_macro_model:bugfix,vbr1_l1_ldo_regulator_macro_model,bugfix,Bias Reference and Power Management,D2,DONE,PASS,PASS,success,True,True,False,False,pass,strict_dual_pass,EVAS and Spectre both satisfy the row contract.,No action.,,"{""common_window_s"": [0.0, 8e-08], ""max_abs_v"": 1.4892729328530585e-05, ""max_nrmse"": 4.6322852778011114e-06, ""max_relative_rms_error"": 4.6322852778011114e-06, ""max_rmse_v"": 7.411656444481777e-07, ""mean_nrmse"": 9.264570562165808e-07, ""mean...",results/vabench-release-v1-baseline-minimax-mimo-v2.5-pro-20260530-mimo-bugfix52-no-rootcause-v1/generated/mimo-v2.5-pro/vbr1_l1_ldo_regulator_macro_model_bugfix/sample_0,results/vabench-release-v1-baseline-dual-mimo-v2.5-pro-20260530-mimo-bugfix52-no-rootcause-v1-dual-r2-sui/staged_tasks/vbr1_l1_ldo_regulator_macro_model_bugfix/gold/ldo_regulator_macro_model.va,results/vabench-release-v1-baseline-dual-mimo-v2.5-pro-20260530-mimo-bugfix52-no-rootcause-v1-dual-r2-sui/staged_tasks/vbr1_l1_ldo_regulator_macro_model_bugfix/gold/tb_ldo_regulator_macro_model.scs
vabench-release-v1-baseline-dual-mimo-v2.5-pro-20260530-mimo-bugfix52-no-rootcause-v1-dual-r2-sui,results/vabench-release-v1-baseline-dual-mimo-v2.5-pro-20260530-mimo-bugfix52-no-rootcause-v1-dual-r2-sui/results/vbr1_l1_limiting_amplifier_frontend_bugfix/result.json,vbr1_l1_limiting_amplifier_frontend_bugfix,vbr1_l1_limiting_amplifier_frontend:bugfix,vbr1_l1_limiting_amplifier_frontend,bugfix,RF and AFE Behavioral Macromodels,D1,DONE,FAIL_EVAS,FAIL_SIM_CORRECTNESS,success,False,False,False,False,model_behavior,rf_afe_macro_behavior,The candidate compiled but missed the row's functional checker contract.,Use checker evidence for model error analysis; audit prompt only if the observable contract was underspecified.,,FAIL_SIM_CORRECTNESS,results/vabench-release-v1-baseline-minimax-mimo-v2.5-pro-20260530-mimo-bugfix52-no-rootcause-v1/generated/mimo-v2.5-pro/vbr1_l1_limiting_amplifier_frontend_bugfix/sample_0,results/vabench-release-v1-baseline-dual-mimo-v2.5-pro-20260530-mimo-bugfix52-no-rootcause-v1-dual-r2-sui/staged_tasks/vbr1_l1_limiting_amplifier_frontend_bugfix/gold/limiting_amplifier_frontend.va,results/vabench-release-v1-baseline-dual-mimo-v2.5-pro-20260530-mimo-bugfix52-no-rootcause-v1-dual-r2-sui/staged_tasks/vbr1_l1_limiting_amplifier_frontend_bugfix/gold/tb_limiting_amplifier_frontend.scs
vabench-release-v1-baseline-dual-mimo-v2.5-pro-20260530-mimo-bugfix52-no-rootcause-v1-dual-r2-sui,results/vabench-release-v1-baseline-dual-mimo-v2.5-pro-20260530-mimo-bugfix52-no-rootcause-v1-dual-r2-sui/results/vbr1_l1_lna_gain_compression_macro_bugfix/result.json,vbr1_l1_lna_gain_compression_macro_bugfix,vbr1_l1_lna_gain_compression_macro:bugfix,vbr1_l1_lna_gain_compression_macro,bugfix,RF and AFE Behavioral Macromodels,D2,DONE,FAIL_EVAS,FAIL_SIM_CORRECTNESS,success,False,False,False,False,model_behavior,rf_afe_macro_behavior,The candidate compiled but missed the row's functional checker contract.,Use checker evidence for model error analysis; audit prompt only if the observable contract was underspecified.,,FAIL_SIM_CORRECTNESS,results/vabench-release-v1-baseline-minimax-mimo-v2.5-pro-20260530-mimo-bugfix52-no-rootcause-v1/generated/mimo-v2.5-pro/vbr1_l1_lna_gain_compression_macro_bugfix/sample_0,results/vabench-release-v1-baseline-dual-mimo-v2.5-pro-20260530-mimo-bugfix52-no-rootcause-v1-dual-r2-sui/staged_tasks/vbr1_l1_lna_gain_compression_macro_bugfix/gold/lna_gain_compression_macro.va,results/vabench-release-v1-baseline-dual-mimo-v2.5-pro-20260530-mimo-bugfix52-no-rootcause-v1-dual-r2-sui/staged_tasks/vbr1_l1_lna_gain_compression_macro_bugfix/gold/tb_lna_gain_compression_macro.scs
vabench-release-v1-baseline-dual-mimo-v2.5-pro-20260530-mimo-bugfix52-no-rootcause-v1-dual-r2-sui,results/vabench-release-v1-baseline-dual-mimo-v2.5-pro-20260530-mimo-bugfix52-no-rootcause-v1-dual-r2-sui/results/vbr1_l1_log_rssi_power_detector_bugfix/result.json,vbr1_l1_log_rssi_power_detector_bugfix,vbr1_l1_log_rssi_power_detector:bugfix,vbr1_l1_log_rssi_power_detector,bugfix,RF and AFE Behavioral Macromodels,D3,DONE,PASS,PASS,success,True,True,False,False,pass,strict_dual_pass,EVAS and Spectre both satisfy the row contract.,No action.,,"{""common_window_s"": [0.0, 8e-08], ""max_abs_v"": 5.3290751795720404e-05, ""max_nrmse"": 1.3257978037147784e-05, ""max_relative_rms_error"": 1.3257978037147784e-05, ""max_rmse_v"": 8.340489261528608e-06, ""mean_nrmse"": 3.6119659892810316e-06, ""mea...",results/vabench-release-v1-baseline-minimax-mimo-v2.5-pro-20260530-mimo-bugfix52-no-rootcause-v1/generated/mimo-v2.5-pro/vbr1_l1_log_rssi_power_detector_bugfix/sample_0,results/vabench-release-v1-baseline-dual-mimo-v2.5-pro-20260530-mimo-bugfix52-no-rootcause-v1-dual-r2-sui/staged_tasks/vbr1_l1_log_rssi_power_detector_bugfix/gold/log_rssi_power_detector.va,results/vabench-release-v1-baseline-dual-mimo-v2.5-pro-20260530-mimo-bugfix52-no-rootcause-v1-dual-r2-sui/staged_tasks/vbr1_l1_log_rssi_power_detector_bugfix/gold/tb_log_rssi_power_detector.scs
vabench-release-v1-baseline-dual-mimo-v2.5-pro-20260530-mimo-bugfix52-no-rootcause-v1-dual-r2-sui,results/vabench-release-v1-baseline-dual-mimo-v2.5-pro-20260530-mimo-bugfix52-no-rootcause-v1-dual-r2-sui/results/vbr1_l1_loop_filter_abstraction_bugfix/result.json,vbr1_l1_loop_filter_abstraction_bugfix,vbr1_l1_loop_filter_abstraction:bugfix,vbr1_l1_loop_filter_abstraction,bugfix,PLL Clock and Timing Systems,D2,DONE,PASS,PASS,success,True,True,False,False,pass,strict_dual_pass,EVAS and Spectre both satisfy the row contract.,No action.,,"{""common_window_s"": [0.0, 8e-08], ""max_abs_v"": 0.00043348646617358266, ""max_nrmse"": 4.34068690588879e-05, ""max_relative_rms_error"": 4.34068690588879e-05, ""max_rmse_v"": 1.9326439654284002e-05, ""mean_nrmse"": 8.686447259524462e-06, ""mean_re...",results/vabench-release-v1-baseline-minimax-mimo-v2.5-pro-20260530-mimo-bugfix52-no-rootcause-v1/generated/mimo-v2.5-pro/vbr1_l1_loop_filter_abstraction_bugfix/sample_0,results/vabench-release-v1-baseline-dual-mimo-v2.5-pro-20260530-mimo-bugfix52-no-rootcause-v1-dual-r2-sui/staged_tasks/vbr1_l1_loop_filter_abstraction_bugfix/gold/loop_filter_abstraction.va,results/vabench-release-v1-baseline-dual-mimo-v2.5-pro-20260530-mimo-bugfix52-no-rootcause-v1-dual-r2-sui/staged_tasks/vbr1_l1_loop_filter_abstraction_bugfix/gold/tb_loop_filter_abstraction.scs
vabench-release-v1-baseline-dual-mimo-v2.5-pro-20260530-mimo-bugfix52-no-rootcause-v1-dual-r2-sui,results/vabench-release-v1-baseline-dual-mimo-v2.5-pro-20260530-mimo-bugfix52-no-rootcause-v1-dual-r2-sui/results/vbr1_l1_pa_compression_macro_bugfix/result.json,vbr1_l1_pa_compression_macro_bugfix,vbr1_l1_pa_compression_macro:bugfix,vbr1_l1_pa_compression_macro,bugfix,RF and AFE Behavioral Macromodels,D3,DONE,PASS,PASS,success,True,True,False,False,pass,strict_dual_pass,EVAS and Spectre both satisfy the row contract.,No action.,,"{""common_window_s"": [0.0, 8e-08], ""max_abs_v"": 0.0001075083302692903, ""max_nrmse"": 7.166928319930675e-06, ""max_relative_rms_error"": 7.166928319930675e-06, ""max_rmse_v"": 6.16355835514038e-06, ""mean_nrmse"": 1.4333856647384298e-06, ""mean_re...",results/vabench-release-v1-baseline-minimax-mimo-v2.5-pro-20260530-mimo-bugfix52-no-rootcause-v1/generated/mimo-v2.5-pro/vbr1_l1_pa_compression_macro_bugfix/sample_0,results/vabench-release-v1-baseline-dual-mimo-v2.5-pro-20260530-mimo-bugfix52-no-rootcause-v1-dual-r2-sui/staged_tasks/vbr1_l1_pa_compression_macro_bugfix/gold/pa_compression_macro.va,results/vabench-release-v1-baseline-dual-mimo-v2.5-pro-20260530-mimo-bugfix52-no-rootcause-v1-dual-r2-sui/staged_tasks/vbr1_l1_pa_compression_macro_bugfix/gold/tb_pa_compression_macro.scs
vabench-release-v1-baseline-dual-mimo-v2.5-pro-20260530-mimo-bugfix52-no-rootcause-v1-dual-r2-sui,results/vabench-release-v1-baseline-dual-mimo-v2.5-pro-20260530-mimo-bugfix52-no-rootcause-v1-dual-r2-sui/results/vbr1_l1_pipeline_adc_stage_bugfix/result.json,vbr1_l1_pipeline_adc_stage_bugfix,vbr1_l1_pipeline_adc_stage:bugfix,vbr1_l1_pipeline_adc_stage,bugfix,Data Converter Models,D3,DONE,PASS,PASS,success,True,True,False,False,pass,strict_dual_pass,EVAS and Spectre both satisfy the row contract.,No action.,,"{""common_window_s"": [0.0, 3e-07], ""max_abs_v"": 2.2494697525798912e-05, ""max_nrmse"": 4.994592242044036e-06, ""max_relative_rms_error"": 4.994592242044036e-06, ""max_rmse_v"": 8.990266035679267e-07, ""mean_nrmse"": 8.324320405224355e-07, ""mean_r...",results/vabench-release-v1-baseline-minimax-mimo-v2.5-pro-20260530-mimo-bugfix52-no-rootcause-v1/generated/mimo-v2.5-pro/vbr1_l1_pipeline_adc_stage_bugfix/sample_0,results/vabench-release-v1-baseline-dual-mimo-v2.5-pro-20260530-mimo-bugfix52-no-rootcause-v1-dual-r2-sui/staged_tasks/vbr1_l1_pipeline_adc_stage_bugfix/gold/pipeline_stage.va,results/vabench-release-v1-baseline-dual-mimo-v2.5-pro-20260530-mimo-bugfix52-no-rootcause-v1-dual-r2-sui/staged_tasks/vbr1_l1_pipeline_adc_stage_bugfix/gold/tb_pipeline_stage_ref.scs
vabench-release-v1-baseline-dual-mimo-v2.5-pro-20260530-mimo-bugfix52-no-rootcause-v1-dual-r2-sui,results/vabench-release-v1-baseline-dual-mimo-v2.5-pro-20260530-mimo-bugfix52-no-rootcause-v1-dual-r2-sui/results/vbr1_l1_power_on_reset_detector_bugfix/result.json,vbr1_l1_power_on_reset_detector_bugfix,vbr1_l1_power_on_reset_detector:bugfix,vbr1_l1_power_on_reset_detector,bugfix,Bias Reference and Power Management,D2,DONE,PASS,PASS,success,True,True,False,False,pass,strict_dual_pass,EVAS and Spectre both satisfy the row contract.,No action.,,"{""common_window_s"": [0.0, 8e-08], ""max_abs_v"": 0.00011252279620754813, ""max_nrmse"": 7.1837801909585085e-06, ""max_relative_rms_error"": 7.1837801909585085e-06, ""max_rmse_v"": 6.465402171862658e-06, ""mean_nrmse"": 1.4367560383819707e-06, ""mea...",results/vabench-release-v1-baseline-minimax-mimo-v2.5-pro-20260530-mimo-bugfix52-no-rootcause-v1/generated/mimo-v2.5-pro/vbr1_l1_power_on_reset_detector_bugfix/sample_0,results/vabench-release-v1-baseline-dual-mimo-v2.5-pro-20260530-mimo-bugfix52-no-rootcause-v1-dual-r2-sui/staged_tasks/vbr1_l1_power_on_reset_detector_bugfix/gold/power_on_reset_detector.va,results/vabench-release-v1-baseline-dual-mimo-v2.5-pro-20260530-mimo-bugfix52-no-rootcause-v1-dual-r2-sui/staged_tasks/vbr1_l1_power_on_reset_detector_bugfix/gold/tb_power_on_reset_detector.scs
vabench-release-v1-baseline-dual-mimo-v2.5-pro-20260530-mimo-bugfix52-no-rootcause-v1-dual-r2-sui,results/vabench-release-v1-baseline-dual-mimo-v2.5-pro-20260530-mimo-bugfix52-no-rootcause-v1-dual-r2-sui/results/vbr1_l1_precision_rectifier_envelope_detector_bugfix/result.json,vbr1_l1_precision_rectifier_envelope_detector_bugfix,vbr1_l1_precision_rectifier_envelope_detector:bugfix,vbr1_l1_precision_rectifier_envelope_detector,bugfix,Baseband Signal Conditioning,D2,DONE,FAIL_SPECTRE_BEHAVIOR,PASS,success,False,False,True,False,evas_spectre_mismatch,event_or_sampling_semantics,EVAS and Spectre disagree on the same candidate row.,"Reduce to a minimal L0 conformance fixture, add an EVAS regression, then rerun affected benchmark rows.",minimize vbr1_l1_precision_rectifier_envelope_detector into L0 event-sampling conformance,spectre:rectifier_envelope_hold_missing env=0.586 rect=0.500 metric=0.900,results/vabench-release-v1-baseline-minimax-mimo-v2.5-pro-20260530-mimo-bugfix52-no-rootcause-v1/generated/mimo-v2.5-pro/vbr1_l1_precision_rectifier_envelope_detector_bugfix/sample_0,results/vabench-release-v1-baseline-dual-mimo-v2.5-pro-20260530-mimo-bugfix52-no-rootcause-v1-dual-r2-sui/staged_tasks/vbr1_l1_precision_rectifier_envelope_detector_bugfix/gold/precision_rectifier_envelope_detector.va,results/vabench-release-v1-baseline-dual-mimo-v2.5-pro-20260530-mimo-bugfix52-no-rootcause-v1-dual-r2-sui/staged_tasks/vbr1_l1_precision_rectifier_envelope_detector_bugfix/gold/tb_precision_rectifier_envelope_detector.scs
vabench-release-v1-baseline-dual-mimo-v2.5-pro-20260530-mimo-bugfix52-no-rootcause-v1-dual-r2-sui,results/vabench-release-v1-baseline-dual-mimo-v2.5-pro-20260530-mimo-bugfix52-no-rootcause-v1-dual-r2-sui/results/vbr1_l1_programmable_gain_amplifier_bugfix/result.json,vbr1_l1_programmable_gain_amplifier_bugfix,vbr1_l1_programmable_gain_amplifier:bugfix,vbr1_l1_programmable_gain_amplifier,bugfix,Baseband Signal Conditioning,D2,DONE,PASS,PASS,success,True,True,False,False,pass,strict_dual_pass,EVAS and Spectre both satisfy the row contract.,No action.,,"{""common_window_s"": [0.0, 9e-08], ""max_abs_v"": 1.0, ""max_nrmse"": 0.026573762409653517, ""max_relative_rms_error"": 0.026573762409653517, ""max_rmse_v"": 0.16072751268321592, ""mean_nrmse"": 0.008734517019028613, ""mean_relative_rms_error"": 0.00...",results/vabench-release-v1-baseline-minimax-mimo-v2.5-pro-20260530-mimo-bugfix52-no-rootcause-v1/generated/mimo-v2.5-pro/vbr1_l1_programmable_gain_amplifier_bugfix/sample_0,results/vabench-release-v1-baseline-dual-mimo-v2.5-pro-20260530-mimo-bugfix52-no-rootcause-v1-dual-r2-sui/staged_tasks/vbr1_l1_programmable_gain_amplifier_bugfix/gold/programmable_gain_amplifier.va,results/vabench-release-v1-baseline-dual-mimo-v2.5-pro-20260530-mimo-bugfix52-no-rootcause-v1-dual-r2-sui/staged_tasks/vbr1_l1_programmable_gain_amplifier_bugfix/gold/tb_programmable_gain_amplifier.scs
vabench-release-v1-baseline-dual-mimo-v2.5-pro-20260530-mimo-bugfix52-no-rootcause-v1-dual-r2-sui,results/vabench-release-v1-baseline-dual-mimo-v2.5-pro-20260530-mimo-bugfix52-no-rootcause-v1-dual-r2-sui/results/vbr1_l1_propagation_delay_comparator_bugfix/result.json,vbr1_l1_propagation_delay_comparator_bugfix,vbr1_l1_propagation_delay_comparator:bugfix,vbr1_l1_propagation_delay_comparator,bugfix,Comparator and Decision Circuits,D2,DONE,PASS,PASS,success,True,True,False,False,pass,strict_dual_pass,EVAS and Spectre both satisfy the row contract.,No action.,,"{""common_window_s"": [0.0, 1.6e-08], ""max_abs_v"": 0.09644574663393968, ""max_nrmse"": 8.836043741172244e-05, ""max_relative_rms_error"": 8.836043741172244e-05, ""max_rmse_v"": 0.007512080273530581, ""mean_nrmse"": 1.4911593070070539e-05, ""mean_re...",results/vabench-release-v1-baseline-minimax-mimo-v2.5-pro-20260530-mimo-bugfix52-no-rootcause-v1/generated/mimo-v2.5-pro/vbr1_l1_propagation_delay_comparator_bugfix/sample_0,results/vabench-release-v1-baseline-dual-mimo-v2.5-pro-20260530-mimo-bugfix52-no-rootcause-v1-dual-r2-sui/staged_tasks/vbr1_l1_propagation_delay_comparator_bugfix/gold/cmp_delay.va,results/vabench-release-v1-baseline-dual-mimo-v2.5-pro-20260530-mimo-bugfix52-no-rootcause-v1-dual-r2-sui/staged_tasks/vbr1_l1_propagation_delay_comparator_bugfix/gold/tb_cmp_delay_ref.scs
vabench-release-v1-baseline-dual-mimo-v2.5-pro-20260530-mimo-bugfix52-no-rootcause-v1-dual-r2-sui,results/vabench-release-v1-baseline-dual-mimo-v2.5-pro-20260530-mimo-bugfix52-no-rootcause-v1-dual-r2-sui/results/vbr1_l1_ptat_ctat_reference_generator_bugfix/result.json,vbr1_l1_ptat_ctat_reference_generator_bugfix,vbr1_l1_ptat_ctat_reference_generator:bugfix,vbr1_l1_ptat_ctat_reference_generator,bugfix,Bias Reference and Power Management,D2,DONE,PASS,PASS,success,True,True,False,False,pass,strict_dual_pass,EVAS and Spectre both satisfy the row contract.,No action.,,"{""common_window_s"": [0.0, 8e-08], ""max_abs_v"": 7.354267029091588e-05, ""max_nrmse"": 6.969584872763122e-06, ""max_relative_rms_error"": 6.969584872763122e-06, ""max_rmse_v"": 3.150252362488931e-06, ""mean_nrmse"": 2.0471459051585347e-06, ""mean_r...",results/vabench-release-v1-baseline-minimax-mimo-v2.5-pro-20260530-mimo-bugfix52-no-rootcause-v1/generated/mimo-v2.5-pro/vbr1_l1_ptat_ctat_reference_generator_bugfix/sample_0,results/vabench-release-v1-baseline-dual-mimo-v2.5-pro-20260530-mimo-bugfix52-no-rootcause-v1-dual-r2-sui/staged_tasks/vbr1_l1_ptat_ctat_reference_generator_bugfix/gold/ptat_ctat_reference_generator.va,results/vabench-release-v1-baseline-dual-mimo-v2.5-pro-20260530-mimo-bugfix52-no-rootcause-v1-dual-r2-sui/staged_tasks/vbr1_l1_ptat_ctat_reference_generator_bugfix/gold/tb_ptat_ctat_reference_generator.scs
vabench-release-v1-baseline-dual-mimo-v2.5-pro-20260530-mimo-bugfix52-no-rootcause-v1-dual-r2-sui,results/vabench-release-v1-baseline-dual-mimo-v2.5-pro-20260530-mimo-bugfix52-no-rootcause-v1-dual-r2-sui/results/vbr1_l1_rf_mixer_downconverter_macro_bugfix/result.json,vbr1_l1_rf_mixer_downconverter_macro_bugfix,vbr1_l1_rf_mixer_downconverter_macro:bugfix,vbr1_l1_rf_mixer_downconverter_macro,bugfix,RF and AFE Behavioral Macromodels,D2,DONE,PASS,PASS,success,True,True,False,False,pass,strict_dual_pass,EVAS and Spectre both satisfy the row contract.,No action.,,"{""common_window_s"": [0.0, 8e-08], ""max_abs_v"": 0.525, ""max_nrmse"": 0.08507387796724941, ""max_relative_rms_error"": 0.08507387796724941, ""max_rmse_v"": 0.04466378593280594, ""mean_nrmse"": 0.01701912165356791, ""mean_relative_rms_error"": 0.017...",results/vabench-release-v1-baseline-minimax-mimo-v2.5-pro-20260530-mimo-bugfix52-no-rootcause-v1/generated/mimo-v2.5-pro/vbr1_l1_rf_mixer_downconverter_macro_bugfix/sample_0,results/vabench-release-v1-baseline-dual-mimo-v2.5-pro-20260530-mimo-bugfix52-no-rootcause-v1-dual-r2-sui/staged_tasks/vbr1_l1_rf_mixer_downconverter_macro_bugfix/gold/rf_mixer_downconverter_macro.va,results/vabench-release-v1-baseline-dual-mimo-v2.5-pro-20260530-mimo-bugfix52-no-rootcause-v1-dual-r2-sui/staged_tasks/vbr1_l1_rf_mixer_downconverter_macro_bugfix/gold/tb_rf_mixer_downconverter_macro.scs
vabench-release-v1-baseline-dual-mimo-v2.5-pro-20260530-mimo-bugfix52-no-rootcause-v1-dual-r2-sui,results/vabench-release-v1-baseline-dual-mimo-v2.5-pro-20260530-mimo-bugfix52-no-rootcause-v1-dual-r2-sui/results/vbr1_l1_sample_and_hold_with_droop_leakage_bugfix/result.json,vbr1_l1_sample_and_hold_with_droop_leakage_bugfix,vbr1_l1_sample_and_hold_with_droop_leakage:bugfix,vbr1_l1_sample_and_hold_with_droop_leakage,bugfix,Sampling and Analog Memory,D2,DONE,PASS,PASS,success,True,True,False,False,pass,strict_dual_pass,EVAS and Spectre both satisfy the row contract.,No action.,,"{""common_window_s"": [0.0, 1.7e-07], ""max_abs_v"": 0.08495749990554308, ""max_nrmse"": 0.007100120210338401, ""max_relative_rms_error"": 0.007100120210338401, ""max_rmse_v"": 0.005112086551443649, ""mean_nrmse"": 0.0017752303975661838, ""mean_relat...",results/vabench-release-v1-baseline-minimax-mimo-v2.5-pro-20260530-mimo-bugfix52-no-rootcause-v1/generated/mimo-v2.5-pro/vbr1_l1_sample_and_hold_with_droop_leakage_bugfix/sample_0,results/vabench-release-v1-baseline-dual-mimo-v2.5-pro-20260530-mimo-bugfix52-no-rootcause-v1-dual-r2-sui/staged_tasks/vbr1_l1_sample_and_hold_with_droop_leakage_bugfix/gold/dut_fixed.va,results/vabench-release-v1-baseline-dual-mimo-v2.5-pro-20260530-mimo-bugfix52-no-rootcause-v1-dual-r2-sui/staged_tasks/vbr1_l1_sample_and_hold_with_droop_leakage_bugfix/gold/tb_leaky_hold_ref.scs
vabench-release-v1-baseline-dual-mimo-v2.5-pro-20260530-mimo-bugfix52-no-rootcause-v1-dual-r2-sui,results/vabench-release-v1-baseline-dual-mimo-v2.5-pro-20260530-mimo-bugfix52-no-rootcause-v1-dual-r2-sui/results/vbr1_l1_soft_hysteretic_limiter_bugfix/result.json,vbr1_l1_soft_hysteretic_limiter_bugfix,vbr1_l1_soft_hysteretic_limiter:bugfix,vbr1_l1_soft_hysteretic_limiter,bugfix,Baseband Signal Conditioning,D2,DONE,FAIL_EVAS,FAIL_SIM_CORRECTNESS,success,False,False,False,False,model_behavior,baseband_dynamic_behavior,The candidate compiled but missed the row's functional checker contract.,Use checker evidence for model error analysis; audit prompt only if the observable contract was underspecified.,,spectre:soft_limiter_metric_not_stateful high=0.429/1.000 low=0.919/0.000,results/vabench-release-v1-baseline-minimax-mimo-v2.5-pro-20260530-mimo-bugfix52-no-rootcause-v1/generated/mimo-v2.5-pro/vbr1_l1_soft_hysteretic_limiter_bugfix/sample_0,results/vabench-release-v1-baseline-dual-mimo-v2.5-pro-20260530-mimo-bugfix52-no-rootcause-v1-dual-r2-sui/staged_tasks/vbr1_l1_soft_hysteretic_limiter_bugfix/gold/soft_hysteretic_limiter.va,results/vabench-release-v1-baseline-dual-mimo-v2.5-pro-20260530-mimo-bugfix52-no-rootcause-v1-dual-r2-sui/staged_tasks/vbr1_l1_soft_hysteretic_limiter_bugfix/gold/tb_soft_hysteretic_limiter.scs
vabench-release-v1-baseline-dual-mimo-v2.5-pro-20260530-mimo-bugfix52-no-rootcause-v1-dual-r2-sui,results/vabench-release-v1-baseline-dual-mimo-v2.5-pro-20260530-mimo-bugfix52-no-rootcause-v1-dual-r2-sui/results/vbr1_l1_successive_approximation_calibration_search_fsm_bugfix/result.json,vbr1_l1_successive_approximation_calibration_search_fsm_bugfix,vbr1_l1_successive_approximation_calibration_search_fsm:bugfix,vbr1_l1_successive_approximation_calibration_search_fsm,bugfix,"Calibration, DEM, and Control",D2,DONE,PASS,PASS,success,True,True,False,False,pass,strict_dual_pass,EVAS and Spectre both satisfy the row contract.,No action.,,"{""common_window_s"": [0.0, 8e-08], ""max_abs_v"": 1.0, ""max_nrmse"": 0.0008333333333333334, ""max_relative_rms_error"": 0.0008333333333333334, ""max_rmse_v"": 0.02886751345948129, ""mean_nrmse"": 0.00017499707989273368, ""mean_relative_rms_error"":...",results/vabench-release-v1-baseline-minimax-mimo-v2.5-pro-20260530-mimo-bugfix52-no-rootcause-v1/generated/mimo-v2.5-pro/vbr1_l1_successive_approximation_calibration_search_fsm_bugfix/sample_0,results/vabench-release-v1-baseline-dual-mimo-v2.5-pro-20260530-mimo-bugfix52-no-rootcause-v1-dual-r2-sui/staged_tasks/vbr1_l1_successive_approximation_calibration_search_fsm_bugfix/gold/successive_approximation_calibration_search_fsm.va,results/vabench-release-v1-baseline-dual-mimo-v2.5-pro-20260530-mimo-bugfix52-no-rootcause-v1-dual-r2-sui/staged_tasks/vbr1_l1_successive_approximation_calibration_search_fsm_bugfix/gold/tb_successive_approximation_calibration_search_fsm.scs
vabench-release-v1-baseline-dual-mimo-v2.5-pro-20260530-mimo-bugfix52-no-rootcause-v1-dual-r2-sui,results/vabench-release-v1-baseline-dual-mimo-v2.5-pro-20260530-mimo-bugfix52-no-rootcause-v1-dual-r2-sui/results/vbr1_l1_threshold_comparator_bugfix/result.json,vbr1_l1_threshold_comparator_bugfix,vbr1_l1_threshold_comparator:bugfix,vbr1_l1_threshold_comparator,bugfix,Comparator and Decision Circuits,D1,DONE,PASS,PASS,success,True,True,False,False,pass,strict_dual_pass,EVAS and Spectre both satisfy the row contract.,No action.,,"{""common_window_s"": [0.0, 3e-08], ""max_abs_v"": 0.0, ""max_nrmse"": 0.0, ""max_relative_rms_error"": 0.0, ""max_rmse_v"": 0.0, ""mean_nrmse"": 0.0, ""mean_relative_rms_error"": 0.0, ""per_signal"": {""out_p"": {""best_lag_s"": 0.0, ""best_lag_samples"": 0,...",results/vabench-release-v1-baseline-minimax-mimo-v2.5-pro-20260530-mimo-bugfix52-no-rootcause-v1/generated/mimo-v2.5-pro/vbr1_l1_threshold_comparator_bugfix/sample_0,results/vabench-release-v1-baseline-dual-mimo-v2.5-pro-20260530-mimo-bugfix52-no-rootcause-v1-dual-r2-sui/staged_tasks/vbr1_l1_threshold_comparator_bugfix/gold/dut_fixed.va,results/vabench-release-v1-baseline-dual-mimo-v2.5-pro-20260530-mimo-bugfix52-no-rootcause-v1-dual-r2-sui/staged_tasks/vbr1_l1_threshold_comparator_bugfix/gold/tb_comparator_ref.scs
vabench-release-v1-baseline-dual-mimo-v2.5-pro-20260530-mimo-bugfix52-no-rootcause-v1-dual-r2-sui,results/vabench-release-v1-baseline-dual-mimo-v2.5-pro-20260530-mimo-bugfix52-no-rootcause-v1-dual-r2-sui/results/vbr1_l1_uvlo_brownout_detector_bugfix/result.json,vbr1_l1_uvlo_brownout_detector_bugfix,vbr1_l1_uvlo_brownout_detector:bugfix,vbr1_l1_uvlo_brownout_detector,bugfix,Bias Reference and Power Management,D1,DONE,PASS,PASS,success,True,True,False,False,pass,strict_dual_pass,EVAS and Spectre both satisfy the row contract.,No action.,,"{""common_window_s"": [0.0, 8e-08], ""max_abs_v"": 7.105427357601002e-15, ""max_nrmse"": 1.7081897614364422e-15, ""max_relative_rms_error"": 1.7081897614364422e-15, ""max_rmse_v"": 3.416379522872884e-16, ""mean_nrmse"": 3.4163795228728843e-16, ""mean...",results/vabench-release-v1-baseline-minimax-mimo-v2.5-pro-20260530-mimo-bugfix52-no-rootcause-v1/generated/mimo-v2.5-pro/vbr1_l1_uvlo_brownout_detector_bugfix/sample_0,results/vabench-release-v1-baseline-dual-mimo-v2.5-pro-20260530-mimo-bugfix52-no-rootcause-v1-dual-r2-sui/staged_tasks/vbr1_l1_uvlo_brownout_detector_bugfix/gold/uvlo_brownout_detector.va,results/vabench-release-v1-baseline-dual-mimo-v2.5-pro-20260530-mimo-bugfix52-no-rootcause-v1-dual-r2-sui/staged_tasks/vbr1_l1_uvlo_brownout_detector_bugfix/gold/tb_uvlo_brownout_detector.scs
vabench-release-v1-baseline-dual-mimo-v2.5-pro-20260530-mimo-bugfix52-no-rootcause-v1-dual-r2-sui,results/vabench-release-v1-baseline-dual-mimo-v2.5-pro-20260530-mimo-bugfix52-no-rootcause-v1-dual-r2-sui/results/vbr1_l1_vco_phase_integrator_bugfix/result.json,vbr1_l1_vco_phase_integrator_bugfix,vbr1_l1_vco_phase_integrator:bugfix,vbr1_l1_vco_phase_integrator,bugfix,PLL Clock and Timing Systems,D2,DONE,PASS,PASS,success,True,True,False,False,pass,strict_dual_pass,EVAS and Spectre both satisfy the row contract.,No action.,,"{""common_window_s"": [0.0, 1.8e-07], ""max_abs_v"": 2.345026023364838e-08, ""max_nrmse"": 6.824099827919723e-10, ""max_relative_rms_error"": 6.824099827919723e-10, ""max_rmse_v"": 6.769507029296373e-10, ""mean_nrmse"": 2.2746999426399076e-10, ""mean...",results/vabench-release-v1-baseline-minimax-mimo-v2.5-pro-20260530-mimo-bugfix52-no-rootcause-v1/generated/mimo-v2.5-pro/vbr1_l1_vco_phase_integrator_bugfix/sample_0,results/vabench-release-v1-baseline-dual-mimo-v2.5-pro-20260530-mimo-bugfix52-no-rootcause-v1-dual-r2-sui/staged_tasks/vbr1_l1_vco_phase_integrator_bugfix/gold/vco_phase_integrator.va,results/vabench-release-v1-baseline-dual-mimo-v2.5-pro-20260530-mimo-bugfix52-no-rootcause-v1-dual-r2-sui/staged_tasks/vbr1_l1_vco_phase_integrator_bugfix/gold/tb_vco_phase_integrator_ref.scs
vabench-release-v1-baseline-dual-mimo-v2.5-pro-20260530-mimo-bugfix52-no-rootcause-v1-dual-r2-sui,results/vabench-release-v1-baseline-dual-mimo-v2.5-pro-20260530-mimo-bugfix52-no-rootcause-v1-dual-r2-sui/results/vbr1_l1_window_comparator_detector_bugfix/result.json,vbr1_l1_window_comparator_detector_bugfix,vbr1_l1_window_comparator_detector:bugfix,vbr1_l1_window_comparator_detector,bugfix,Comparator and Decision Circuits,D2,DONE,PASS,PASS,success,True,True,False,False,pass,strict_dual_pass,EVAS and Spectre both satisfy the row contract.,No action.,,"{""common_window_s"": [0.0, 9.000000000000001e-08], ""max_abs_v"": 1.0, ""max_nrmse"": 0.0008333333333333334, ""max_relative_rms_error"": 0.0008333333333333334, ""max_rmse_v"": 0.02886751345948129, ""mean_nrmse"": 0.000416666680758028, ""mean_relativ...",results/vabench-release-v1-baseline-minimax-mimo-v2.5-pro-20260530-mimo-bugfix52-no-rootcause-v1/generated/mimo-v2.5-pro/vbr1_l1_window_comparator_detector_bugfix/sample_0,results/vabench-release-v1-baseline-dual-mimo-v2.5-pro-20260530-mimo-bugfix52-no-rootcause-v1-dual-r2-sui/staged_tasks/vbr1_l1_window_comparator_detector_bugfix/gold/window_comparator_ref.va,results/vabench-release-v1-baseline-dual-mimo-v2.5-pro-20260530-mimo-bugfix52-no-rootcause-v1-dual-r2-sui/staged_tasks/vbr1_l1_window_comparator_detector_bugfix/gold/tb_window_comparator_ref.scs
