task_id,release_entry_id,form,family,level,category,base_function,certification,static,evas,spectre,counted_in_score,content_denominator_included,release_task_manifest,evidence
vbr1_l1_binary_weighted_voltage_dac:dut,vbr1_l1_binary_weighted_voltage_dac,dut,spec-to-va,L1,Data Converters,Simple 4-bit binary-coded DAC,certified,pass,pass,pass,True,True,benchmark-vabench-release-v1/tasks/CT01_data_converters/vbr1_l1_binary_weighted_voltage_dac/forms/dut/release_task.json,benchmark-vabench-release-v1/evidence/dual/vbr1_l1_binary_weighted_voltage_dac/dut/evidence.json
vbr1_l1_binary_weighted_voltage_dac:tb,vbr1_l1_binary_weighted_voltage_dac,tb,tb-generation,L1,Data Converters,Simple 4-bit binary-coded DAC,certified,pass,pass,pass,True,True,benchmark-vabench-release-v1/tasks/CT01_data_converters/vbr1_l1_binary_weighted_voltage_dac/forms/tb/release_task.json,benchmark-vabench-release-v1/evidence/dual/vbr1_l1_binary_weighted_voltage_dac/tb/evidence.json
vbr1_l1_binary_weighted_voltage_dac:bugfix,vbr1_l1_binary_weighted_voltage_dac,bugfix,bugfix,L1,Data Converters,Simple 4-bit binary-coded DAC,certified,pass,pass,pass,True,True,benchmark-vabench-release-v1/tasks/CT01_data_converters/vbr1_l1_binary_weighted_voltage_dac/forms/bugfix/release_task.json,benchmark-vabench-release-v1/evidence/dual/vbr1_l1_binary_weighted_voltage_dac/bugfix/evidence.json
vbr1_l1_binary_weighted_voltage_dac:e2e,vbr1_l1_binary_weighted_voltage_dac,e2e,end-to-end,L1,Data Converters,Simple 4-bit binary-coded DAC,certified,pass,pass,pass,True,True,benchmark-vabench-release-v1/tasks/CT01_data_converters/vbr1_l1_binary_weighted_voltage_dac/forms/e2e/release_task.json,benchmark-vabench-release-v1/evidence/dual/vbr1_l1_binary_weighted_voltage_dac/e2e/evidence.json
vbr1_l1_capacitive_weighted_sar_feedback_dac:dut,vbr1_l1_capacitive_weighted_sar_feedback_dac,dut,spec-to-va,L1,Data Converters,Capacitive/weighted SAR feedback DAC,certified,pass,pass,pass,True,True,benchmark-vabench-release-v1/tasks/CT01_data_converters/vbr1_l1_capacitive_weighted_sar_feedback_dac/forms/dut/release_task.json,benchmark-vabench-release-v1/evidence/dual/vbr1_l1_capacitive_weighted_sar_feedback_dac/dut/evidence.json
vbr1_l1_capacitive_weighted_sar_feedback_dac:tb,vbr1_l1_capacitive_weighted_sar_feedback_dac,tb,tb-generation,L1,Data Converters,Capacitive/weighted SAR feedback DAC,certified,pass,pass,pass,True,True,benchmark-vabench-release-v1/tasks/CT01_data_converters/vbr1_l1_capacitive_weighted_sar_feedback_dac/forms/tb/release_task.json,benchmark-vabench-release-v1/evidence/dual/vbr1_l1_capacitive_weighted_sar_feedback_dac/tb/evidence.json
vbr1_l1_capacitive_weighted_sar_feedback_dac:bugfix,vbr1_l1_capacitive_weighted_sar_feedback_dac,bugfix,bugfix,L1,Data Converters,Capacitive/weighted SAR feedback DAC,certified,pass,pass,pass,True,True,benchmark-vabench-release-v1/tasks/CT01_data_converters/vbr1_l1_capacitive_weighted_sar_feedback_dac/forms/bugfix/release_task.json,benchmark-vabench-release-v1/evidence/dual/vbr1_l1_capacitive_weighted_sar_feedback_dac/bugfix/evidence.json
vbr1_l1_capacitive_weighted_sar_feedback_dac:e2e,vbr1_l1_capacitive_weighted_sar_feedback_dac,e2e,end-to-end,L1,Data Converters,Capacitive/weighted SAR feedback DAC,certified,pass,pass,pass,True,True,benchmark-vabench-release-v1/tasks/CT01_data_converters/vbr1_l1_capacitive_weighted_sar_feedback_dac/forms/e2e/release_task.json,benchmark-vabench-release-v1/evidence/dual/vbr1_l1_capacitive_weighted_sar_feedback_dac/e2e/evidence.json
vbr1_l1_clocked_adc_quantizer:dut,vbr1_l1_clocked_adc_quantizer,dut,spec-to-va,L1,Data Converters,Clocked ADC quantizer,certified,pass,pass,pass,True,True,benchmark-vabench-release-v1/tasks/CT01_data_converters/vbr1_l1_clocked_adc_quantizer/forms/dut/release_task.json,benchmark-vabench-release-v1/evidence/dual/vbr1_l1_clocked_adc_quantizer/dut/evidence.json
vbr1_l1_clocked_adc_quantizer:tb,vbr1_l1_clocked_adc_quantizer,tb,tb-generation,L1,Data Converters,Clocked ADC quantizer,certified,pass,pass,pass,True,True,benchmark-vabench-release-v1/tasks/CT01_data_converters/vbr1_l1_clocked_adc_quantizer/forms/tb/release_task.json,benchmark-vabench-release-v1/evidence/dual/vbr1_l1_clocked_adc_quantizer/tb/evidence.json
vbr1_l1_clocked_adc_quantizer:bugfix,vbr1_l1_clocked_adc_quantizer,bugfix,bugfix,L1,Data Converters,Clocked ADC quantizer,certified,pass,pass,pass,True,True,benchmark-vabench-release-v1/tasks/CT01_data_converters/vbr1_l1_clocked_adc_quantizer/forms/bugfix/release_task.json,benchmark-vabench-release-v1/evidence/dual/vbr1_l1_clocked_adc_quantizer/bugfix/evidence.json
vbr1_l1_clocked_adc_quantizer:e2e,vbr1_l1_clocked_adc_quantizer,e2e,end-to-end,L1,Data Converters,Clocked ADC quantizer,certified,pass,pass,pass,True,True,benchmark-vabench-release-v1/tasks/CT01_data_converters/vbr1_l1_clocked_adc_quantizer/forms/e2e/release_task.json,benchmark-vabench-release-v1/evidence/dual/vbr1_l1_clocked_adc_quantizer/e2e/evidence.json
vbr1_l1_dac_mismatch_unit_weighting_model:dut,vbr1_l1_dac_mismatch_unit_weighting_model,dut,spec-to-va,L1,Data Converters,DAC mismatch/unit-weighting model,certified,pass,pass,pass,True,True,benchmark-vabench-release-v1/tasks/CT01_data_converters/vbr1_l1_dac_mismatch_unit_weighting_model/forms/dut/release_task.json,benchmark-vabench-release-v1/evidence/dual/vbr1_l1_dac_mismatch_unit_weighting_model/dut/evidence.json
vbr1_l1_dac_mismatch_unit_weighting_model:tb,vbr1_l1_dac_mismatch_unit_weighting_model,tb,tb-generation,L1,Data Converters,DAC mismatch/unit-weighting model,certified,pass,pass,pass,True,True,benchmark-vabench-release-v1/tasks/CT01_data_converters/vbr1_l1_dac_mismatch_unit_weighting_model/forms/tb/release_task.json,benchmark-vabench-release-v1/evidence/dual/vbr1_l1_dac_mismatch_unit_weighting_model/tb/evidence.json
vbr1_l1_dac_mismatch_unit_weighting_model:bugfix,vbr1_l1_dac_mismatch_unit_weighting_model,bugfix,bugfix,L1,Data Converters,DAC mismatch/unit-weighting model,certified,pass,pass,pass,True,True,benchmark-vabench-release-v1/tasks/CT01_data_converters/vbr1_l1_dac_mismatch_unit_weighting_model/forms/bugfix/release_task.json,benchmark-vabench-release-v1/evidence/dual/vbr1_l1_dac_mismatch_unit_weighting_model/bugfix/evidence.json
vbr1_l1_dac_mismatch_unit_weighting_model:e2e,vbr1_l1_dac_mismatch_unit_weighting_model,e2e,end-to-end,L1,Data Converters,DAC mismatch/unit-weighting model,certified,pass,pass,pass,True,True,benchmark-vabench-release-v1/tasks/CT01_data_converters/vbr1_l1_dac_mismatch_unit_weighting_model/forms/e2e/release_task.json,benchmark-vabench-release-v1/evidence/dual/vbr1_l1_dac_mismatch_unit_weighting_model/e2e/evidence.json
vbr1_l1_pipeline_adc_stage:dut,vbr1_l1_pipeline_adc_stage,dut,spec-to-va,L1,Data Converters,Pipeline ADC MDAC stage,certified,pass,pass,pass,False,True,benchmark-vabench-release-v1/tasks/CT01_data_converters/vbr1_l1_pipeline_adc_stage/forms/dut/release_task.json,benchmark-vabench-release-v1/evidence/dual/vbr1_l1_pipeline_adc_stage/dut/evidence.json
vbr1_l1_pipeline_adc_stage:tb,vbr1_l1_pipeline_adc_stage,tb,tb-generation,L1,Data Converters,Pipeline ADC MDAC stage,certified,pass,pass,pass,False,True,benchmark-vabench-release-v1/tasks/CT01_data_converters/vbr1_l1_pipeline_adc_stage/forms/tb/release_task.json,benchmark-vabench-release-v1/evidence/dual/vbr1_l1_pipeline_adc_stage/tb/evidence.json
vbr1_l1_pipeline_adc_stage:bugfix,vbr1_l1_pipeline_adc_stage,bugfix,bugfix,L1,Data Converters,Pipeline ADC MDAC stage,certified,pass,pass,pass,False,True,benchmark-vabench-release-v1/tasks/CT01_data_converters/vbr1_l1_pipeline_adc_stage/forms/bugfix/release_task.json,benchmark-vabench-release-v1/evidence/dual/vbr1_l1_pipeline_adc_stage/bugfix/evidence.json
vbr1_l1_pipeline_adc_stage:e2e,vbr1_l1_pipeline_adc_stage,e2e,end-to-end,L1,Data Converters,Pipeline ADC MDAC stage,certified,pass,pass,pass,False,True,benchmark-vabench-release-v1/tasks/CT01_data_converters/vbr1_l1_pipeline_adc_stage/forms/e2e/release_task.json,benchmark-vabench-release-v1/evidence/dual/vbr1_l1_pipeline_adc_stage/e2e/evidence.json
vbr1_l1_sar_logic:dut,vbr1_l1_sar_logic,dut,spec-to-va,L1,Data Converters,SAR logic,certified,pass,pass,pass,True,True,benchmark-vabench-release-v1/tasks/CT01_data_converters/vbr1_l1_sar_logic/forms/dut/release_task.json,benchmark-vabench-release-v1/evidence/dual/vbr1_l1_sar_logic/dut/evidence.json
vbr1_l1_sar_logic:tb,vbr1_l1_sar_logic,tb,tb-generation,L1,Data Converters,SAR logic,certified,pass,pass,pass,True,True,benchmark-vabench-release-v1/tasks/CT01_data_converters/vbr1_l1_sar_logic/forms/tb/release_task.json,benchmark-vabench-release-v1/evidence/dual/vbr1_l1_sar_logic/tb/evidence.json
vbr1_l1_sar_logic:bugfix,vbr1_l1_sar_logic,bugfix,bugfix,L1,Data Converters,SAR logic,certified,pass,pass,pass,True,True,benchmark-vabench-release-v1/tasks/CT01_data_converters/vbr1_l1_sar_logic/forms/bugfix/release_task.json,benchmark-vabench-release-v1/evidence/dual/vbr1_l1_sar_logic/bugfix/evidence.json
vbr1_l1_sar_logic:e2e,vbr1_l1_sar_logic,e2e,end-to-end,L1,Data Converters,SAR logic,certified,pass,pass,pass,True,True,benchmark-vabench-release-v1/tasks/CT01_data_converters/vbr1_l1_sar_logic/forms/e2e/release_task.json,benchmark-vabench-release-v1/evidence/dual/vbr1_l1_sar_logic/e2e/evidence.json
vbr1_l1_segmented_dac:dut,vbr1_l1_segmented_dac,dut,spec-to-va,L1,Data Converters,Segmented DAC,certified,pass,pass,pass,True,True,benchmark-vabench-release-v1/tasks/CT01_data_converters/vbr1_l1_segmented_dac/forms/dut/release_task.json,benchmark-vabench-release-v1/evidence/dual/vbr1_l1_segmented_dac/dut/evidence.json
vbr1_l1_segmented_dac:tb,vbr1_l1_segmented_dac,tb,tb-generation,L1,Data Converters,Segmented DAC,certified,pass,pass,pass,True,True,benchmark-vabench-release-v1/tasks/CT01_data_converters/vbr1_l1_segmented_dac/forms/tb/release_task.json,benchmark-vabench-release-v1/evidence/dual/vbr1_l1_segmented_dac/tb/evidence.json
vbr1_l1_segmented_dac:bugfix,vbr1_l1_segmented_dac,bugfix,bugfix,L1,Data Converters,Segmented DAC,certified,pass,pass,pass,True,True,benchmark-vabench-release-v1/tasks/CT01_data_converters/vbr1_l1_segmented_dac/forms/bugfix/release_task.json,benchmark-vabench-release-v1/evidence/dual/vbr1_l1_segmented_dac/bugfix/evidence.json
vbr1_l1_segmented_dac:e2e,vbr1_l1_segmented_dac,e2e,end-to-end,L1,Data Converters,Segmented DAC,certified,pass,pass,pass,True,True,benchmark-vabench-release-v1/tasks/CT01_data_converters/vbr1_l1_segmented_dac/forms/e2e/release_task.json,benchmark-vabench-release-v1/evidence/dual/vbr1_l1_segmented_dac/e2e/evidence.json
vbr1_l1_thermometer_code_decoder:dut,vbr1_l1_thermometer_code_decoder,dut,spec-to-va,L1,Data Converters,Thermometer-code decoder,certified,pass,pass,pass,True,True,benchmark-vabench-release-v1/tasks/CT01_data_converters/vbr1_l1_thermometer_code_decoder/forms/dut/release_task.json,benchmark-vabench-release-v1/evidence/dual/vbr1_l1_thermometer_code_decoder/dut/evidence.json
vbr1_l1_thermometer_code_decoder:tb,vbr1_l1_thermometer_code_decoder,tb,tb-generation,L1,Data Converters,Thermometer-code decoder,certified,pass,pass,pass,True,True,benchmark-vabench-release-v1/tasks/CT01_data_converters/vbr1_l1_thermometer_code_decoder/forms/tb/release_task.json,benchmark-vabench-release-v1/evidence/dual/vbr1_l1_thermometer_code_decoder/tb/evidence.json
vbr1_l1_thermometer_code_decoder:bugfix,vbr1_l1_thermometer_code_decoder,bugfix,bugfix,L1,Data Converters,Thermometer-code decoder,certified,pass,pass,pass,True,True,benchmark-vabench-release-v1/tasks/CT01_data_converters/vbr1_l1_thermometer_code_decoder/forms/bugfix/release_task.json,benchmark-vabench-release-v1/evidence/dual/vbr1_l1_thermometer_code_decoder/bugfix/evidence.json
vbr1_l1_thermometer_code_decoder:e2e,vbr1_l1_thermometer_code_decoder,e2e,end-to-end,L1,Data Converters,Thermometer-code decoder,certified,pass,pass,pass,True,True,benchmark-vabench-release-v1/tasks/CT01_data_converters/vbr1_l1_thermometer_code_decoder/forms/e2e/release_task.json,benchmark-vabench-release-v1/evidence/dual/vbr1_l1_thermometer_code_decoder/e2e/evidence.json
vbr1_l1_unit_element_thermometer_dac:dut,vbr1_l1_unit_element_thermometer_dac,dut,spec-to-va,L1,Data Converters,Unit-element thermometer DAC,certified,pass,pass,pass,True,True,benchmark-vabench-release-v1/tasks/CT01_data_converters/vbr1_l1_unit_element_thermometer_dac/forms/dut/release_task.json,benchmark-vabench-release-v1/evidence/dual/vbr1_l1_unit_element_thermometer_dac/dut/evidence.json
vbr1_l1_unit_element_thermometer_dac:tb,vbr1_l1_unit_element_thermometer_dac,tb,tb-generation,L1,Data Converters,Unit-element thermometer DAC,certified,pass,pass,pass,True,True,benchmark-vabench-release-v1/tasks/CT01_data_converters/vbr1_l1_unit_element_thermometer_dac/forms/tb/release_task.json,benchmark-vabench-release-v1/evidence/dual/vbr1_l1_unit_element_thermometer_dac/tb/evidence.json
vbr1_l1_unit_element_thermometer_dac:bugfix,vbr1_l1_unit_element_thermometer_dac,bugfix,bugfix,L1,Data Converters,Unit-element thermometer DAC,certified,pass,pass,pass,True,True,benchmark-vabench-release-v1/tasks/CT01_data_converters/vbr1_l1_unit_element_thermometer_dac/forms/bugfix/release_task.json,benchmark-vabench-release-v1/evidence/dual/vbr1_l1_unit_element_thermometer_dac/bugfix/evidence.json
vbr1_l1_unit_element_thermometer_dac:e2e,vbr1_l1_unit_element_thermometer_dac,e2e,end-to-end,L1,Data Converters,Unit-element thermometer DAC,certified,pass,pass,pass,True,True,benchmark-vabench-release-v1/tasks/CT01_data_converters/vbr1_l1_unit_element_thermometer_dac/forms/e2e/release_task.json,benchmark-vabench-release-v1/evidence/dual/vbr1_l1_unit_element_thermometer_dac/e2e/evidence.json
vbr1_l2_adc_dac_reconstruction_chain:tb,vbr1_l2_adc_dac_reconstruction_chain,tb,tb-generation,L2,Data Converters,ADC/DAC reconstruction chain,certified,pass,pass,pass,True,True,benchmark-vabench-release-v1/tasks/CT01_data_converters/vbr1_l2_adc_dac_reconstruction_chain/forms/tb/release_task.json,benchmark-vabench-release-v1/evidence/dual/vbr1_l2_adc_dac_reconstruction_chain/tb/evidence.json
vbr1_l2_adc_dac_reconstruction_chain:e2e,vbr1_l2_adc_dac_reconstruction_chain,e2e,end-to-end,L2,Data Converters,ADC/DAC reconstruction chain,certified,pass,pass,pass,True,True,benchmark-vabench-release-v1/tasks/CT01_data_converters/vbr1_l2_adc_dac_reconstruction_chain/forms/e2e/release_task.json,benchmark-vabench-release-v1/evidence/dual/vbr1_l2_adc_dac_reconstruction_chain/e2e/evidence.json
vbr1_l2_flash_adc_mini_array:tb,vbr1_l2_flash_adc_mini_array,tb,tb-generation,L2,Data Converters,Flash ADC mini-array,certified,pass,pass,pass,True,True,benchmark-vabench-release-v1/tasks/CT01_data_converters/vbr1_l2_flash_adc_mini_array/forms/tb/release_task.json,benchmark-vabench-release-v1/evidence/dual/vbr1_l2_flash_adc_mini_array/tb/evidence.json
vbr1_l2_flash_adc_mini_array:e2e,vbr1_l2_flash_adc_mini_array,e2e,end-to-end,L2,Data Converters,Flash ADC mini-array,certified,pass,pass,pass,True,True,benchmark-vabench-release-v1/tasks/CT01_data_converters/vbr1_l2_flash_adc_mini_array/forms/e2e/release_task.json,benchmark-vabench-release-v1/evidence/dual/vbr1_l2_flash_adc_mini_array/e2e/evidence.json
vbr1_l2_pipeline_adc_chain:tb,vbr1_l2_pipeline_adc_chain,tb,tb-generation,L2,Data Converters,Pipeline ADC chain,certified,pass,pass,pass,True,True,benchmark-vabench-release-v1/tasks/CT01_data_converters/vbr1_l2_pipeline_adc_chain/forms/tb/release_task.json,benchmark-vabench-release-v1/evidence/dual/vbr1_l2_pipeline_adc_chain/tb/evidence.json
vbr1_l2_pipeline_adc_chain:e2e,vbr1_l2_pipeline_adc_chain,e2e,end-to-end,L2,Data Converters,Pipeline ADC chain,certified,pass,pass,pass,True,True,benchmark-vabench-release-v1/tasks/CT01_data_converters/vbr1_l2_pipeline_adc_chain/forms/e2e/release_task.json,benchmark-vabench-release-v1/evidence/dual/vbr1_l2_pipeline_adc_chain/e2e/evidence.json
vbr1_l2_weighted_sar_adc_dac_loop:tb,vbr1_l2_weighted_sar_adc_dac_loop,tb,tb-generation,L2,Data Converters,Weighted SAR ADC/DAC loop,certified,pass,pass,pass,True,True,benchmark-vabench-release-v1/tasks/CT01_data_converters/vbr1_l2_weighted_sar_adc_dac_loop/forms/tb/release_task.json,benchmark-vabench-release-v1/evidence/dual/vbr1_l2_weighted_sar_adc_dac_loop/tb/evidence.json
vbr1_l2_weighted_sar_adc_dac_loop:e2e,vbr1_l2_weighted_sar_adc_dac_loop,e2e,end-to-end,L2,Data Converters,Weighted SAR ADC/DAC loop,certified,pass,pass,pass,True,True,benchmark-vabench-release-v1/tasks/CT01_data_converters/vbr1_l2_weighted_sar_adc_dac_loop/forms/e2e/release_task.json,benchmark-vabench-release-v1/evidence/dual/vbr1_l2_weighted_sar_adc_dac_loop/e2e/evidence.json
vbr1_l1_hysteresis_comparator:dut,vbr1_l1_hysteresis_comparator,dut,spec-to-va,L1,Comparators and Decision Circuits,Hysteresis comparator,certified,pass,pass,pass,True,True,benchmark-vabench-release-v1/tasks/CT02_comparators_and_decision_circuits/vbr1_l1_hysteresis_comparator/forms/dut/release_task.json,benchmark-vabench-release-v1/evidence/dual/vbr1_l1_hysteresis_comparator/dut/evidence.json
vbr1_l1_hysteresis_comparator:tb,vbr1_l1_hysteresis_comparator,tb,tb-generation,L1,Comparators and Decision Circuits,Hysteresis comparator,certified,pass,pass,pass,True,True,benchmark-vabench-release-v1/tasks/CT02_comparators_and_decision_circuits/vbr1_l1_hysteresis_comparator/forms/tb/release_task.json,benchmark-vabench-release-v1/evidence/dual/vbr1_l1_hysteresis_comparator/tb/evidence.json
vbr1_l1_hysteresis_comparator:bugfix,vbr1_l1_hysteresis_comparator,bugfix,bugfix,L1,Comparators and Decision Circuits,Hysteresis comparator,certified,pass,pass,pass,True,True,benchmark-vabench-release-v1/tasks/CT02_comparators_and_decision_circuits/vbr1_l1_hysteresis_comparator/forms/bugfix/release_task.json,benchmark-vabench-release-v1/evidence/dual/vbr1_l1_hysteresis_comparator/bugfix/evidence.json
vbr1_l1_hysteresis_comparator:e2e,vbr1_l1_hysteresis_comparator,e2e,end-to-end,L1,Comparators and Decision Circuits,Hysteresis comparator,certified,pass,pass,pass,True,True,benchmark-vabench-release-v1/tasks/CT02_comparators_and_decision_circuits/vbr1_l1_hysteresis_comparator/forms/e2e/release_task.json,benchmark-vabench-release-v1/evidence/dual/vbr1_l1_hysteresis_comparator/e2e/evidence.json
vbr1_l1_offset_comparator:dut,vbr1_l1_offset_comparator,dut,spec-to-va,L1,Comparators and Decision Circuits,Offset comparator,certified,pass,pass,pass,True,True,benchmark-vabench-release-v1/tasks/CT02_comparators_and_decision_circuits/vbr1_l1_offset_comparator/forms/dut/release_task.json,benchmark-vabench-release-v1/evidence/dual/vbr1_l1_offset_comparator/dut/evidence.json
vbr1_l1_offset_comparator:tb,vbr1_l1_offset_comparator,tb,tb-generation,L1,Comparators and Decision Circuits,Offset comparator,certified,pass,pass,pass,True,True,benchmark-vabench-release-v1/tasks/CT02_comparators_and_decision_circuits/vbr1_l1_offset_comparator/forms/tb/release_task.json,benchmark-vabench-release-v1/evidence/dual/vbr1_l1_offset_comparator/tb/evidence.json
vbr1_l1_offset_comparator:bugfix,vbr1_l1_offset_comparator,bugfix,bugfix,L1,Comparators and Decision Circuits,Offset comparator,certified,pass,pass,pass,True,True,benchmark-vabench-release-v1/tasks/CT02_comparators_and_decision_circuits/vbr1_l1_offset_comparator/forms/bugfix/release_task.json,benchmark-vabench-release-v1/evidence/dual/vbr1_l1_offset_comparator/bugfix/evidence.json
vbr1_l1_offset_comparator:e2e,vbr1_l1_offset_comparator,e2e,end-to-end,L1,Comparators and Decision Circuits,Offset comparator,certified,pass,pass,pass,True,True,benchmark-vabench-release-v1/tasks/CT02_comparators_and_decision_circuits/vbr1_l1_offset_comparator/forms/e2e/release_task.json,benchmark-vabench-release-v1/evidence/dual/vbr1_l1_offset_comparator/e2e/evidence.json
vbr1_l1_propagation_delay_comparator:dut,vbr1_l1_propagation_delay_comparator,dut,spec-to-va,L1,Comparators and Decision Circuits,Propagation-delay comparator,certified,pass,pass,pass,True,True,benchmark-vabench-release-v1/tasks/CT02_comparators_and_decision_circuits/vbr1_l1_propagation_delay_comparator/forms/dut/release_task.json,benchmark-vabench-release-v1/evidence/dual/vbr1_l1_propagation_delay_comparator/dut/evidence.json
vbr1_l1_propagation_delay_comparator:tb,vbr1_l1_propagation_delay_comparator,tb,tb-generation,L1,Comparators and Decision Circuits,Propagation-delay comparator,certified,pass,pass,pass,True,True,benchmark-vabench-release-v1/tasks/CT02_comparators_and_decision_circuits/vbr1_l1_propagation_delay_comparator/forms/tb/release_task.json,benchmark-vabench-release-v1/evidence/dual/vbr1_l1_propagation_delay_comparator/tb/evidence.json
vbr1_l1_propagation_delay_comparator:bugfix,vbr1_l1_propagation_delay_comparator,bugfix,bugfix,L1,Comparators and Decision Circuits,Propagation-delay comparator,certified,pass,pass,pass,True,True,benchmark-vabench-release-v1/tasks/CT02_comparators_and_decision_circuits/vbr1_l1_propagation_delay_comparator/forms/bugfix/release_task.json,benchmark-vabench-release-v1/evidence/dual/vbr1_l1_propagation_delay_comparator/bugfix/evidence.json
vbr1_l1_propagation_delay_comparator:e2e,vbr1_l1_propagation_delay_comparator,e2e,end-to-end,L1,Comparators and Decision Circuits,Propagation-delay comparator,certified,pass,pass,pass,True,True,benchmark-vabench-release-v1/tasks/CT02_comparators_and_decision_circuits/vbr1_l1_propagation_delay_comparator/forms/e2e/release_task.json,benchmark-vabench-release-v1/evidence/dual/vbr1_l1_propagation_delay_comparator/e2e/evidence.json
vbr1_l1_strongarm_style_latch_comparator:dut,vbr1_l1_strongarm_style_latch_comparator,dut,spec-to-va,L1,Comparators and Decision Circuits,StrongARM-style latch comparator,certified,pass,pass,pass,True,True,benchmark-vabench-release-v1/tasks/CT02_comparators_and_decision_circuits/vbr1_l1_strongarm_style_latch_comparator/forms/dut/release_task.json,benchmark-vabench-release-v1/evidence/dual/vbr1_l1_strongarm_style_latch_comparator/dut/evidence.json
vbr1_l1_strongarm_style_latch_comparator:tb,vbr1_l1_strongarm_style_latch_comparator,tb,tb-generation,L1,Comparators and Decision Circuits,StrongARM-style latch comparator,certified,pass,pass,pass,True,True,benchmark-vabench-release-v1/tasks/CT02_comparators_and_decision_circuits/vbr1_l1_strongarm_style_latch_comparator/forms/tb/release_task.json,benchmark-vabench-release-v1/evidence/dual/vbr1_l1_strongarm_style_latch_comparator/tb/evidence.json
vbr1_l1_strongarm_style_latch_comparator:bugfix,vbr1_l1_strongarm_style_latch_comparator,bugfix,bugfix,L1,Comparators and Decision Circuits,StrongARM-style latch comparator,certified,pass,pass,pass,True,True,benchmark-vabench-release-v1/tasks/CT02_comparators_and_decision_circuits/vbr1_l1_strongarm_style_latch_comparator/forms/bugfix/release_task.json,benchmark-vabench-release-v1/evidence/dual/vbr1_l1_strongarm_style_latch_comparator/bugfix/evidence.json
vbr1_l1_strongarm_style_latch_comparator:e2e,vbr1_l1_strongarm_style_latch_comparator,e2e,end-to-end,L1,Comparators and Decision Circuits,StrongARM-style latch comparator,certified,pass,pass,pass,True,True,benchmark-vabench-release-v1/tasks/CT02_comparators_and_decision_circuits/vbr1_l1_strongarm_style_latch_comparator/forms/e2e/release_task.json,benchmark-vabench-release-v1/evidence/dual/vbr1_l1_strongarm_style_latch_comparator/e2e/evidence.json
vbr1_l1_threshold_comparator:dut,vbr1_l1_threshold_comparator,dut,spec-to-va,L1,Comparators and Decision Circuits,Threshold comparator,certified,pass,pass,pass,True,True,benchmark-vabench-release-v1/tasks/CT02_comparators_and_decision_circuits/vbr1_l1_threshold_comparator/forms/dut/release_task.json,benchmark-vabench-release-v1/evidence/dual/vbr1_l1_threshold_comparator/dut/evidence.json
vbr1_l1_threshold_comparator:tb,vbr1_l1_threshold_comparator,tb,tb-generation,L1,Comparators and Decision Circuits,Threshold comparator,certified,pass,pass,pass,True,True,benchmark-vabench-release-v1/tasks/CT02_comparators_and_decision_circuits/vbr1_l1_threshold_comparator/forms/tb/release_task.json,benchmark-vabench-release-v1/evidence/dual/vbr1_l1_threshold_comparator/tb/evidence.json
vbr1_l1_threshold_comparator:bugfix,vbr1_l1_threshold_comparator,bugfix,bugfix,L1,Comparators and Decision Circuits,Threshold comparator,certified,pass,pass,pass,True,True,benchmark-vabench-release-v1/tasks/CT02_comparators_and_decision_circuits/vbr1_l1_threshold_comparator/forms/bugfix/release_task.json,benchmark-vabench-release-v1/evidence/dual/vbr1_l1_threshold_comparator/bugfix/evidence.json
vbr1_l1_threshold_comparator:e2e,vbr1_l1_threshold_comparator,e2e,end-to-end,L1,Comparators and Decision Circuits,Threshold comparator,certified,pass,pass,pass,True,True,benchmark-vabench-release-v1/tasks/CT02_comparators_and_decision_circuits/vbr1_l1_threshold_comparator/forms/e2e/release_task.json,benchmark-vabench-release-v1/evidence/dual/vbr1_l1_threshold_comparator/e2e/evidence.json
vbr1_l1_window_comparator_detector:dut,vbr1_l1_window_comparator_detector,dut,spec-to-va,L1,Comparators and Decision Circuits,Window comparator/detector,certified,pass,pass,pass,True,True,benchmark-vabench-release-v1/tasks/CT02_comparators_and_decision_circuits/vbr1_l1_window_comparator_detector/forms/dut/release_task.json,benchmark-vabench-release-v1/evidence/dual/vbr1_l1_window_comparator_detector/dut/evidence.json
vbr1_l1_window_comparator_detector:tb,vbr1_l1_window_comparator_detector,tb,tb-generation,L1,Comparators and Decision Circuits,Window comparator/detector,certified,pass,pass,pass,True,True,benchmark-vabench-release-v1/tasks/CT02_comparators_and_decision_circuits/vbr1_l1_window_comparator_detector/forms/tb/release_task.json,benchmark-vabench-release-v1/evidence/dual/vbr1_l1_window_comparator_detector/tb/evidence.json
vbr1_l1_window_comparator_detector:bugfix,vbr1_l1_window_comparator_detector,bugfix,bugfix,L1,Comparators and Decision Circuits,Window comparator/detector,certified,pass,pass,pass,True,True,benchmark-vabench-release-v1/tasks/CT02_comparators_and_decision_circuits/vbr1_l1_window_comparator_detector/forms/bugfix/release_task.json,benchmark-vabench-release-v1/evidence/dual/vbr1_l1_window_comparator_detector/bugfix/evidence.json
vbr1_l1_window_comparator_detector:e2e,vbr1_l1_window_comparator_detector,e2e,end-to-end,L1,Comparators and Decision Circuits,Window comparator/detector,certified,pass,pass,pass,True,True,benchmark-vabench-release-v1/tasks/CT02_comparators_and_decision_circuits/vbr1_l1_window_comparator_detector/forms/e2e/release_task.json,benchmark-vabench-release-v1/evidence/dual/vbr1_l1_window_comparator_detector/e2e/evidence.json
vbr1_l2_comparator_measurement_flow:tb,vbr1_l2_comparator_measurement_flow,tb,tb-generation,L2,Comparators and Decision Circuits,Single-ramp comparator offset measurement flow,certified,pass,pass,pass,True,True,benchmark-vabench-release-v1/tasks/CT02_comparators_and_decision_circuits/vbr1_l2_comparator_measurement_flow/forms/tb/release_task.json,benchmark-vabench-release-v1/evidence/dual/vbr1_l2_comparator_measurement_flow/tb/evidence.json
vbr1_l2_comparator_measurement_flow:e2e,vbr1_l2_comparator_measurement_flow,e2e,end-to-end,L2,Comparators and Decision Circuits,Single-ramp comparator offset measurement flow,certified,pass,pass,pass,True,True,benchmark-vabench-release-v1/tasks/CT02_comparators_and_decision_circuits/vbr1_l2_comparator_measurement_flow/forms/e2e/release_task.json,benchmark-vabench-release-v1/evidence/dual/vbr1_l2_comparator_measurement_flow/e2e/evidence.json
vbr1_l1_aperture_delay_track_and_hold:dut,vbr1_l1_aperture_delay_track_and_hold,dut,spec-to-va,L1,"Sample, Hold, and Analog Memory",Aperture-delay track-and-hold,certified,pass,pass,pass,True,True,benchmark-vabench-release-v1/tasks/CT03_sample_hold_and_analog_memory/vbr1_l1_aperture_delay_track_and_hold/forms/dut/release_task.json,benchmark-vabench-release-v1/evidence/dual/vbr1_l1_aperture_delay_track_and_hold/dut/evidence.json
vbr1_l1_aperture_delay_track_and_hold:tb,vbr1_l1_aperture_delay_track_and_hold,tb,tb-generation,L1,"Sample, Hold, and Analog Memory",Aperture-delay track-and-hold,certified,pass,pass,pass,True,True,benchmark-vabench-release-v1/tasks/CT03_sample_hold_and_analog_memory/vbr1_l1_aperture_delay_track_and_hold/forms/tb/release_task.json,benchmark-vabench-release-v1/evidence/dual/vbr1_l1_aperture_delay_track_and_hold/tb/evidence.json
vbr1_l1_aperture_delay_track_and_hold:bugfix,vbr1_l1_aperture_delay_track_and_hold,bugfix,bugfix,L1,"Sample, Hold, and Analog Memory",Aperture-delay track-and-hold,certified,pass,pass,pass,True,True,benchmark-vabench-release-v1/tasks/CT03_sample_hold_and_analog_memory/vbr1_l1_aperture_delay_track_and_hold/forms/bugfix/release_task.json,benchmark-vabench-release-v1/evidence/dual/vbr1_l1_aperture_delay_track_and_hold/bugfix/evidence.json
vbr1_l1_aperture_delay_track_and_hold:e2e,vbr1_l1_aperture_delay_track_and_hold,e2e,end-to-end,L1,"Sample, Hold, and Analog Memory",Aperture-delay track-and-hold,certified,pass,pass,pass,True,True,benchmark-vabench-release-v1/tasks/CT03_sample_hold_and_analog_memory/vbr1_l1_aperture_delay_track_and_hold/forms/e2e/release_task.json,benchmark-vabench-release-v1/evidence/dual/vbr1_l1_aperture_delay_track_and_hold/e2e/evidence.json
vbr1_l1_clocked_sample_and_hold:dut,vbr1_l1_clocked_sample_and_hold,dut,spec-to-va,L1,"Sample, Hold, and Analog Memory",Clocked sample-and-hold,certified,pass,pass,pass,True,True,benchmark-vabench-release-v1/tasks/CT03_sample_hold_and_analog_memory/vbr1_l1_clocked_sample_and_hold/forms/dut/release_task.json,benchmark-vabench-release-v1/evidence/dual/vbr1_l1_clocked_sample_and_hold/dut/evidence.json
vbr1_l1_clocked_sample_and_hold:tb,vbr1_l1_clocked_sample_and_hold,tb,tb-generation,L1,"Sample, Hold, and Analog Memory",Clocked sample-and-hold,certified,pass,pass,pass,True,True,benchmark-vabench-release-v1/tasks/CT03_sample_hold_and_analog_memory/vbr1_l1_clocked_sample_and_hold/forms/tb/release_task.json,benchmark-vabench-release-v1/evidence/dual/vbr1_l1_clocked_sample_and_hold/tb/evidence.json
vbr1_l1_clocked_sample_and_hold:bugfix,vbr1_l1_clocked_sample_and_hold,bugfix,bugfix,L1,"Sample, Hold, and Analog Memory",Clocked sample-and-hold,certified,pass,pass,pass,True,True,benchmark-vabench-release-v1/tasks/CT03_sample_hold_and_analog_memory/vbr1_l1_clocked_sample_and_hold/forms/bugfix/release_task.json,benchmark-vabench-release-v1/evidence/dual/vbr1_l1_clocked_sample_and_hold/bugfix/evidence.json
vbr1_l1_clocked_sample_and_hold:e2e,vbr1_l1_clocked_sample_and_hold,e2e,end-to-end,L1,"Sample, Hold, and Analog Memory",Clocked sample-and-hold,certified,pass,pass,pass,True,True,benchmark-vabench-release-v1/tasks/CT03_sample_hold_and_analog_memory/vbr1_l1_clocked_sample_and_hold/forms/e2e/release_task.json,benchmark-vabench-release-v1/evidence/dual/vbr1_l1_clocked_sample_and_hold/e2e/evidence.json
vbr1_l1_sample_and_hold_with_droop_leakage:dut,vbr1_l1_sample_and_hold_with_droop_leakage,dut,spec-to-va,L1,"Sample, Hold, and Analog Memory",Sample-and-hold with droop/leakage,certified,pass,pass,pass,True,True,benchmark-vabench-release-v1/tasks/CT03_sample_hold_and_analog_memory/vbr1_l1_sample_and_hold_with_droop_leakage/forms/dut/release_task.json,benchmark-vabench-release-v1/evidence/dual/vbr1_l1_sample_and_hold_with_droop_leakage/dut/evidence.json
vbr1_l1_sample_and_hold_with_droop_leakage:tb,vbr1_l1_sample_and_hold_with_droop_leakage,tb,tb-generation,L1,"Sample, Hold, and Analog Memory",Sample-and-hold with droop/leakage,certified,pass,pass,pass,True,True,benchmark-vabench-release-v1/tasks/CT03_sample_hold_and_analog_memory/vbr1_l1_sample_and_hold_with_droop_leakage/forms/tb/release_task.json,benchmark-vabench-release-v1/evidence/dual/vbr1_l1_sample_and_hold_with_droop_leakage/tb/evidence.json
vbr1_l1_sample_and_hold_with_droop_leakage:bugfix,vbr1_l1_sample_and_hold_with_droop_leakage,bugfix,bugfix,L1,"Sample, Hold, and Analog Memory",Sample-and-hold with droop/leakage,certified,pass,pass,pass,True,True,benchmark-vabench-release-v1/tasks/CT03_sample_hold_and_analog_memory/vbr1_l1_sample_and_hold_with_droop_leakage/forms/bugfix/release_task.json,benchmark-vabench-release-v1/evidence/dual/vbr1_l1_sample_and_hold_with_droop_leakage/bugfix/evidence.json
vbr1_l1_sample_and_hold_with_droop_leakage:e2e,vbr1_l1_sample_and_hold_with_droop_leakage,e2e,end-to-end,L1,"Sample, Hold, and Analog Memory",Sample-and-hold with droop/leakage,certified,pass,pass,pass,True,True,benchmark-vabench-release-v1/tasks/CT03_sample_hold_and_analog_memory/vbr1_l1_sample_and_hold_with_droop_leakage/forms/e2e/release_task.json,benchmark-vabench-release-v1/evidence/dual/vbr1_l1_sample_and_hold_with_droop_leakage/e2e/evidence.json
vbr1_l2_converter_front_end:tb,vbr1_l2_converter_front_end,tb,tb-generation,L2,"Sample, Hold, and Analog Memory",Converter front-end,certified,pass,pass,pass,True,True,benchmark-vabench-release-v1/tasks/CT03_sample_hold_and_analog_memory/vbr1_l2_converter_front_end/forms/tb/release_task.json,benchmark-vabench-release-v1/evidence/dual/vbr1_l2_converter_front_end/tb/evidence.json
vbr1_l2_converter_front_end:e2e,vbr1_l2_converter_front_end,e2e,end-to-end,L2,"Sample, Hold, and Analog Memory",Converter front-end,certified,pass,pass,pass,True,True,benchmark-vabench-release-v1/tasks/CT03_sample_hold_and_analog_memory/vbr1_l2_converter_front_end/forms/e2e/release_task.json,benchmark-vabench-release-v1/evidence/dual/vbr1_l2_converter_front_end/e2e/evidence.json
vbr1_l1_first_order_lowpass:dut,vbr1_l1_first_order_lowpass,dut,spec-to-va,L1,Analog Behavioral Signal Conditioning,First-order lowpass,certified,pass,pass,pass,True,True,benchmark-vabench-release-v1/tasks/CT04_analog_behavioral_signal_conditioning/vbr1_l1_first_order_lowpass/forms/dut/release_task.json,benchmark-vabench-release-v1/evidence/dual/vbr1_l1_first_order_lowpass/dut/evidence.json
vbr1_l1_first_order_lowpass:tb,vbr1_l1_first_order_lowpass,tb,tb-generation,L1,Analog Behavioral Signal Conditioning,First-order lowpass,certified,pass,pass,pass,True,True,benchmark-vabench-release-v1/tasks/CT04_analog_behavioral_signal_conditioning/vbr1_l1_first_order_lowpass/forms/tb/release_task.json,benchmark-vabench-release-v1/evidence/dual/vbr1_l1_first_order_lowpass/tb/evidence.json
vbr1_l1_first_order_lowpass:bugfix,vbr1_l1_first_order_lowpass,bugfix,bugfix,L1,Analog Behavioral Signal Conditioning,First-order lowpass,certified,pass,pass,pass,True,True,benchmark-vabench-release-v1/tasks/CT04_analog_behavioral_signal_conditioning/vbr1_l1_first_order_lowpass/forms/bugfix/release_task.json,benchmark-vabench-release-v1/evidence/dual/vbr1_l1_first_order_lowpass/bugfix/evidence.json
vbr1_l1_first_order_lowpass:e2e,vbr1_l1_first_order_lowpass,e2e,end-to-end,L1,Analog Behavioral Signal Conditioning,First-order lowpass,certified,pass,pass,pass,True,True,benchmark-vabench-release-v1/tasks/CT04_analog_behavioral_signal_conditioning/vbr1_l1_first_order_lowpass/forms/e2e/release_task.json,benchmark-vabench-release-v1/evidence/dual/vbr1_l1_first_order_lowpass/e2e/evidence.json
vbr1_l1_higher_order_filter:dut,vbr1_l1_higher_order_filter,dut,spec-to-va,L1,Analog Behavioral Signal Conditioning,Higher-order filter,certified,pass,pass,pass,True,True,benchmark-vabench-release-v1/tasks/CT04_analog_behavioral_signal_conditioning/vbr1_l1_higher_order_filter/forms/dut/release_task.json,benchmark-vabench-release-v1/evidence/dual/vbr1_l1_higher_order_filter/dut/evidence.json
vbr1_l1_higher_order_filter:tb,vbr1_l1_higher_order_filter,tb,tb-generation,L1,Analog Behavioral Signal Conditioning,Higher-order filter,certified,pass,pass,pass,True,True,benchmark-vabench-release-v1/tasks/CT04_analog_behavioral_signal_conditioning/vbr1_l1_higher_order_filter/forms/tb/release_task.json,benchmark-vabench-release-v1/evidence/dual/vbr1_l1_higher_order_filter/tb/evidence.json
vbr1_l1_higher_order_filter:bugfix,vbr1_l1_higher_order_filter,bugfix,bugfix,L1,Analog Behavioral Signal Conditioning,Higher-order filter,certified,pass,pass,pass,True,True,benchmark-vabench-release-v1/tasks/CT04_analog_behavioral_signal_conditioning/vbr1_l1_higher_order_filter/forms/bugfix/release_task.json,benchmark-vabench-release-v1/evidence/dual/vbr1_l1_higher_order_filter/bugfix/evidence.json
vbr1_l1_higher_order_filter:e2e,vbr1_l1_higher_order_filter,e2e,end-to-end,L1,Analog Behavioral Signal Conditioning,Higher-order filter,certified,pass,pass,pass,True,True,benchmark-vabench-release-v1/tasks/CT04_analog_behavioral_signal_conditioning/vbr1_l1_higher_order_filter/forms/e2e/release_task.json,benchmark-vabench-release-v1/evidence/dual/vbr1_l1_higher_order_filter/e2e/evidence.json
vbr1_l1_resettable_integrator:dut,vbr1_l1_resettable_integrator,dut,spec-to-va,L1,Analog Behavioral Signal Conditioning,Resettable integrator,certified,pass,pass,pass,True,True,benchmark-vabench-release-v1/tasks/CT04_analog_behavioral_signal_conditioning/vbr1_l1_resettable_integrator/forms/dut/release_task.json,benchmark-vabench-release-v1/evidence/dual/vbr1_l1_resettable_integrator/dut/evidence.json
vbr1_l1_resettable_integrator:tb,vbr1_l1_resettable_integrator,tb,tb-generation,L1,Analog Behavioral Signal Conditioning,Resettable integrator,certified,pass,pass,pass,True,True,benchmark-vabench-release-v1/tasks/CT04_analog_behavioral_signal_conditioning/vbr1_l1_resettable_integrator/forms/tb/release_task.json,benchmark-vabench-release-v1/evidence/dual/vbr1_l1_resettable_integrator/tb/evidence.json
vbr1_l1_resettable_integrator:bugfix,vbr1_l1_resettable_integrator,bugfix,bugfix,L1,Analog Behavioral Signal Conditioning,Resettable integrator,certified,pass,pass,pass,True,True,benchmark-vabench-release-v1/tasks/CT04_analog_behavioral_signal_conditioning/vbr1_l1_resettable_integrator/forms/bugfix/release_task.json,benchmark-vabench-release-v1/evidence/dual/vbr1_l1_resettable_integrator/bugfix/evidence.json
vbr1_l1_resettable_integrator:e2e,vbr1_l1_resettable_integrator,e2e,end-to-end,L1,Analog Behavioral Signal Conditioning,Resettable integrator,certified,pass,pass,pass,True,True,benchmark-vabench-release-v1/tasks/CT04_analog_behavioral_signal_conditioning/vbr1_l1_resettable_integrator/forms/e2e/release_task.json,benchmark-vabench-release-v1/evidence/dual/vbr1_l1_resettable_integrator/e2e/evidence.json
vbr1_l1_slew_rate_limiter:dut,vbr1_l1_slew_rate_limiter,dut,spec-to-va,L1,Analog Behavioral Signal Conditioning,Slew-rate limiter,certified,pass,pass,pass,True,True,benchmark-vabench-release-v1/tasks/CT04_analog_behavioral_signal_conditioning/vbr1_l1_slew_rate_limiter/forms/dut/release_task.json,benchmark-vabench-release-v1/evidence/dual/vbr1_l1_slew_rate_limiter/dut/evidence.json
vbr1_l1_slew_rate_limiter:tb,vbr1_l1_slew_rate_limiter,tb,tb-generation,L1,Analog Behavioral Signal Conditioning,Slew-rate limiter,certified,pass,pass,pass,True,True,benchmark-vabench-release-v1/tasks/CT04_analog_behavioral_signal_conditioning/vbr1_l1_slew_rate_limiter/forms/tb/release_task.json,benchmark-vabench-release-v1/evidence/dual/vbr1_l1_slew_rate_limiter/tb/evidence.json
vbr1_l1_slew_rate_limiter:bugfix,vbr1_l1_slew_rate_limiter,bugfix,bugfix,L1,Analog Behavioral Signal Conditioning,Slew-rate limiter,certified,pass,pass,pass,True,True,benchmark-vabench-release-v1/tasks/CT04_analog_behavioral_signal_conditioning/vbr1_l1_slew_rate_limiter/forms/bugfix/release_task.json,benchmark-vabench-release-v1/evidence/dual/vbr1_l1_slew_rate_limiter/bugfix/evidence.json
vbr1_l1_slew_rate_limiter:e2e,vbr1_l1_slew_rate_limiter,e2e,end-to-end,L1,Analog Behavioral Signal Conditioning,Slew-rate limiter,certified,pass,pass,pass,True,True,benchmark-vabench-release-v1/tasks/CT04_analog_behavioral_signal_conditioning/vbr1_l1_slew_rate_limiter/forms/e2e/release_task.json,benchmark-vabench-release-v1/evidence/dual/vbr1_l1_slew_rate_limiter/e2e/evidence.json
vbr1_l1_soft_hysteretic_limiter:dut,vbr1_l1_soft_hysteretic_limiter,dut,spec-to-va,L1,Analog Behavioral Signal Conditioning,Soft/hysteretic limiter,certified,pass,pass,pass,True,True,benchmark-vabench-release-v1/tasks/CT04_analog_behavioral_signal_conditioning/vbr1_l1_soft_hysteretic_limiter/forms/dut/release_task.json,benchmark-vabench-release-v1/evidence/dual/vbr1_l1_soft_hysteretic_limiter/dut/evidence.json
vbr1_l1_soft_hysteretic_limiter:tb,vbr1_l1_soft_hysteretic_limiter,tb,tb-generation,L1,Analog Behavioral Signal Conditioning,Soft/hysteretic limiter,certified,pass,pass,pass,True,True,benchmark-vabench-release-v1/tasks/CT04_analog_behavioral_signal_conditioning/vbr1_l1_soft_hysteretic_limiter/forms/tb/release_task.json,benchmark-vabench-release-v1/evidence/dual/vbr1_l1_soft_hysteretic_limiter/tb/evidence.json
vbr1_l1_soft_hysteretic_limiter:bugfix,vbr1_l1_soft_hysteretic_limiter,bugfix,bugfix,L1,Analog Behavioral Signal Conditioning,Soft/hysteretic limiter,certified,pass,pass,pass,True,True,benchmark-vabench-release-v1/tasks/CT04_analog_behavioral_signal_conditioning/vbr1_l1_soft_hysteretic_limiter/forms/bugfix/release_task.json,benchmark-vabench-release-v1/evidence/dual/vbr1_l1_soft_hysteretic_limiter/bugfix/evidence.json
vbr1_l1_soft_hysteretic_limiter:e2e,vbr1_l1_soft_hysteretic_limiter,e2e,end-to-end,L1,Analog Behavioral Signal Conditioning,Soft/hysteretic limiter,certified,pass,pass,pass,True,True,benchmark-vabench-release-v1/tasks/CT04_analog_behavioral_signal_conditioning/vbr1_l1_soft_hysteretic_limiter/forms/e2e/release_task.json,benchmark-vabench-release-v1/evidence/dual/vbr1_l1_soft_hysteretic_limiter/e2e/evidence.json
vbr1_l1_voltage_gain_amplifier:dut,vbr1_l1_voltage_gain_amplifier,dut,spec-to-va,L1,Analog Behavioral Signal Conditioning,Voltage gain amplifier,certified,pass,pass,pass,True,True,benchmark-vabench-release-v1/tasks/CT04_analog_behavioral_signal_conditioning/vbr1_l1_voltage_gain_amplifier/forms/dut/release_task.json,benchmark-vabench-release-v1/evidence/dual/vbr1_l1_voltage_gain_amplifier/dut/evidence.json
vbr1_l1_voltage_gain_amplifier:tb,vbr1_l1_voltage_gain_amplifier,tb,tb-generation,L1,Analog Behavioral Signal Conditioning,Voltage gain amplifier,certified,pass,pass,pass,True,True,benchmark-vabench-release-v1/tasks/CT04_analog_behavioral_signal_conditioning/vbr1_l1_voltage_gain_amplifier/forms/tb/release_task.json,benchmark-vabench-release-v1/evidence/dual/vbr1_l1_voltage_gain_amplifier/tb/evidence.json
vbr1_l1_voltage_gain_amplifier:bugfix,vbr1_l1_voltage_gain_amplifier,bugfix,bugfix,L1,Analog Behavioral Signal Conditioning,Voltage gain amplifier,certified,pass,pass,pass,True,True,benchmark-vabench-release-v1/tasks/CT04_analog_behavioral_signal_conditioning/vbr1_l1_voltage_gain_amplifier/forms/bugfix/release_task.json,benchmark-vabench-release-v1/evidence/dual/vbr1_l1_voltage_gain_amplifier/bugfix/evidence.json
vbr1_l1_voltage_gain_amplifier:e2e,vbr1_l1_voltage_gain_amplifier,e2e,end-to-end,L1,Analog Behavioral Signal Conditioning,Voltage gain amplifier,certified,pass,pass,pass,True,True,benchmark-vabench-release-v1/tasks/CT04_analog_behavioral_signal_conditioning/vbr1_l1_voltage_gain_amplifier/forms/e2e/release_task.json,benchmark-vabench-release-v1/evidence/dual/vbr1_l1_voltage_gain_amplifier/e2e/evidence.json
vbr1_l2_amplifier_filter_chain:e2e,vbr1_l2_amplifier_filter_chain,e2e,end-to-end,L2,Analog Behavioral Signal Conditioning,Amplifier/filter chain,certified,pass,pass,pass,True,True,benchmark-vabench-release-v1/tasks/CT04_analog_behavioral_signal_conditioning/vbr1_l2_amplifier_filter_chain/forms/e2e/release_task.json,benchmark-vabench-release-v1/evidence/dual/vbr1_l2_amplifier_filter_chain/e2e/evidence.json
vbr1_l2_amplifier_filter_chain:tb,vbr1_l2_amplifier_filter_chain,tb,tb-generation,L2,Analog Behavioral Signal Conditioning,Amplifier/filter chain,certified,pass,pass,pass,True,True,benchmark-vabench-release-v1/tasks/CT04_analog_behavioral_signal_conditioning/vbr1_l2_amplifier_filter_chain/forms/tb/release_task.json,benchmark-vabench-release-v1/evidence/dual/vbr1_l2_amplifier_filter_chain/tb/evidence.json
vbr1_l1_bang_bang_phase_detector:dut,vbr1_l1_bang_bang_phase_detector,dut,spec-to-va,L1,PLL / Clock / Event Timing,Bang-bang phase detector,certified,pass,pass,pass,True,True,benchmark-vabench-release-v1/tasks/CT05_pll_clock_event_timing/vbr1_l1_bang_bang_phase_detector/forms/dut/release_task.json,benchmark-vabench-release-v1/evidence/dual/vbr1_l1_bang_bang_phase_detector/dut/evidence.json
vbr1_l1_bang_bang_phase_detector:tb,vbr1_l1_bang_bang_phase_detector,tb,tb-generation,L1,PLL / Clock / Event Timing,Bang-bang phase detector,certified,pass,pass,pass,True,True,benchmark-vabench-release-v1/tasks/CT05_pll_clock_event_timing/vbr1_l1_bang_bang_phase_detector/forms/tb/release_task.json,benchmark-vabench-release-v1/evidence/dual/vbr1_l1_bang_bang_phase_detector/tb/evidence.json
vbr1_l1_bang_bang_phase_detector:bugfix,vbr1_l1_bang_bang_phase_detector,bugfix,bugfix,L1,PLL / Clock / Event Timing,Bang-bang phase detector,certified,pass,pass,pass,True,True,benchmark-vabench-release-v1/tasks/CT05_pll_clock_event_timing/vbr1_l1_bang_bang_phase_detector/forms/bugfix/release_task.json,benchmark-vabench-release-v1/evidence/dual/vbr1_l1_bang_bang_phase_detector/bugfix/evidence.json
vbr1_l1_bang_bang_phase_detector:e2e,vbr1_l1_bang_bang_phase_detector,e2e,end-to-end,L1,PLL / Clock / Event Timing,Bang-bang phase detector,certified,pass,pass,pass,True,True,benchmark-vabench-release-v1/tasks/CT05_pll_clock_event_timing/vbr1_l1_bang_bang_phase_detector/forms/e2e/release_task.json,benchmark-vabench-release-v1/evidence/dual/vbr1_l1_bang_bang_phase_detector/e2e/evidence.json
vbr1_l1_charge_pump_abstraction:dut,vbr1_l1_charge_pump_abstraction,dut,spec-to-va,L1,PLL / Clock / Event Timing,Voltage-domain charge-pump control abstraction,certified,pass,pass,pass,True,True,benchmark-vabench-release-v1/tasks/CT05_pll_clock_event_timing/vbr1_l1_charge_pump_abstraction/forms/dut/release_task.json,benchmark-vabench-release-v1/evidence/dual/vbr1_l1_charge_pump_abstraction/dut/evidence.json
vbr1_l1_charge_pump_abstraction:tb,vbr1_l1_charge_pump_abstraction,tb,tb-generation,L1,PLL / Clock / Event Timing,Voltage-domain charge-pump control abstraction,certified,pass,pass,pass,True,True,benchmark-vabench-release-v1/tasks/CT05_pll_clock_event_timing/vbr1_l1_charge_pump_abstraction/forms/tb/release_task.json,benchmark-vabench-release-v1/evidence/dual/vbr1_l1_charge_pump_abstraction/tb/evidence.json
vbr1_l1_charge_pump_abstraction:bugfix,vbr1_l1_charge_pump_abstraction,bugfix,bugfix,L1,PLL / Clock / Event Timing,Voltage-domain charge-pump control abstraction,certified,pass,pass,pass,True,True,benchmark-vabench-release-v1/tasks/CT05_pll_clock_event_timing/vbr1_l1_charge_pump_abstraction/forms/bugfix/release_task.json,benchmark-vabench-release-v1/evidence/dual/vbr1_l1_charge_pump_abstraction/bugfix/evidence.json
vbr1_l1_charge_pump_abstraction:e2e,vbr1_l1_charge_pump_abstraction,e2e,end-to-end,L1,PLL / Clock / Event Timing,Voltage-domain charge-pump control abstraction,certified,pass,pass,pass,True,True,benchmark-vabench-release-v1/tasks/CT05_pll_clock_event_timing/vbr1_l1_charge_pump_abstraction/forms/e2e/release_task.json,benchmark-vabench-release-v1/evidence/dual/vbr1_l1_charge_pump_abstraction/e2e/evidence.json
vbr1_l1_clock_divider:dut,vbr1_l1_clock_divider,dut,spec-to-va,L1,PLL / Clock / Event Timing,Clock divider,certified,pass,pass,pass,True,True,benchmark-vabench-release-v1/tasks/CT05_pll_clock_event_timing/vbr1_l1_clock_divider/forms/dut/release_task.json,benchmark-vabench-release-v1/evidence/dual/vbr1_l1_clock_divider/dut/evidence.json
vbr1_l1_clock_divider:tb,vbr1_l1_clock_divider,tb,tb-generation,L1,PLL / Clock / Event Timing,Clock divider,certified,pass,pass,pass,True,True,benchmark-vabench-release-v1/tasks/CT05_pll_clock_event_timing/vbr1_l1_clock_divider/forms/tb/release_task.json,benchmark-vabench-release-v1/evidence/dual/vbr1_l1_clock_divider/tb/evidence.json
vbr1_l1_clock_divider:bugfix,vbr1_l1_clock_divider,bugfix,bugfix,L1,PLL / Clock / Event Timing,Clock divider,certified,pass,pass,pass,True,True,benchmark-vabench-release-v1/tasks/CT05_pll_clock_event_timing/vbr1_l1_clock_divider/forms/bugfix/release_task.json,benchmark-vabench-release-v1/evidence/dual/vbr1_l1_clock_divider/bugfix/evidence.json
vbr1_l1_clock_divider:e2e,vbr1_l1_clock_divider,e2e,end-to-end,L1,PLL / Clock / Event Timing,Clock divider,certified,pass,pass,pass,True,True,benchmark-vabench-release-v1/tasks/CT05_pll_clock_event_timing/vbr1_l1_clock_divider/forms/e2e/release_task.json,benchmark-vabench-release-v1/evidence/dual/vbr1_l1_clock_divider/e2e/evidence.json
vbr1_l1_digital_phase_accumulator_with_modulo_wrap:dut,vbr1_l1_digital_phase_accumulator_with_modulo_wrap,dut,spec-to-va,L1,PLL / Clock / Event Timing,Digital phase accumulator with modulo wrap,certified,pass,pass,pass,True,True,benchmark-vabench-release-v1/tasks/CT05_pll_clock_event_timing/vbr1_l1_digital_phase_accumulator_with_modulo_wrap/forms/dut/release_task.json,benchmark-vabench-release-v1/evidence/dual/vbr1_l1_digital_phase_accumulator_with_modulo_wrap/dut/evidence.json
vbr1_l1_digital_phase_accumulator_with_modulo_wrap:tb,vbr1_l1_digital_phase_accumulator_with_modulo_wrap,tb,tb-generation,L1,PLL / Clock / Event Timing,Digital phase accumulator with modulo wrap,certified,pass,pass,pass,True,True,benchmark-vabench-release-v1/tasks/CT05_pll_clock_event_timing/vbr1_l1_digital_phase_accumulator_with_modulo_wrap/forms/tb/release_task.json,benchmark-vabench-release-v1/evidence/dual/vbr1_l1_digital_phase_accumulator_with_modulo_wrap/tb/evidence.json
vbr1_l1_digital_phase_accumulator_with_modulo_wrap:bugfix,vbr1_l1_digital_phase_accumulator_with_modulo_wrap,bugfix,bugfix,L1,PLL / Clock / Event Timing,Digital phase accumulator with modulo wrap,certified,pass,pass,pass,True,True,benchmark-vabench-release-v1/tasks/CT05_pll_clock_event_timing/vbr1_l1_digital_phase_accumulator_with_modulo_wrap/forms/bugfix/release_task.json,benchmark-vabench-release-v1/evidence/dual/vbr1_l1_digital_phase_accumulator_with_modulo_wrap/bugfix/evidence.json
vbr1_l1_digital_phase_accumulator_with_modulo_wrap:e2e,vbr1_l1_digital_phase_accumulator_with_modulo_wrap,e2e,end-to-end,L1,PLL / Clock / Event Timing,Digital phase accumulator with modulo wrap,certified,pass,pass,pass,True,True,benchmark-vabench-release-v1/tasks/CT05_pll_clock_event_timing/vbr1_l1_digital_phase_accumulator_with_modulo_wrap/forms/e2e/release_task.json,benchmark-vabench-release-v1/evidence/dual/vbr1_l1_digital_phase_accumulator_with_modulo_wrap/e2e/evidence.json
vbr1_l1_lock_detector:dut,vbr1_l1_lock_detector,dut,spec-to-va,L1,PLL / Clock / Event Timing,Lock detector,certified,pass,pass,pass,True,True,benchmark-vabench-release-v1/tasks/CT05_pll_clock_event_timing/vbr1_l1_lock_detector/forms/dut/release_task.json,benchmark-vabench-release-v1/evidence/dual/vbr1_l1_lock_detector/dut/evidence.json
vbr1_l1_lock_detector:tb,vbr1_l1_lock_detector,tb,tb-generation,L1,PLL / Clock / Event Timing,Lock detector,certified,pass,pass,pass,True,True,benchmark-vabench-release-v1/tasks/CT05_pll_clock_event_timing/vbr1_l1_lock_detector/forms/tb/release_task.json,benchmark-vabench-release-v1/evidence/dual/vbr1_l1_lock_detector/tb/evidence.json
vbr1_l1_lock_detector:bugfix,vbr1_l1_lock_detector,bugfix,bugfix,L1,PLL / Clock / Event Timing,Lock detector,certified,pass,pass,pass,True,True,benchmark-vabench-release-v1/tasks/CT05_pll_clock_event_timing/vbr1_l1_lock_detector/forms/bugfix/release_task.json,benchmark-vabench-release-v1/evidence/dual/vbr1_l1_lock_detector/bugfix/evidence.json
vbr1_l1_lock_detector:e2e,vbr1_l1_lock_detector,e2e,end-to-end,L1,PLL / Clock / Event Timing,Lock detector,certified,pass,pass,pass,True,True,benchmark-vabench-release-v1/tasks/CT05_pll_clock_event_timing/vbr1_l1_lock_detector/forms/e2e/release_task.json,benchmark-vabench-release-v1/evidence/dual/vbr1_l1_lock_detector/e2e/evidence.json
vbr1_l1_loop_filter_abstraction:dut,vbr1_l1_loop_filter_abstraction,dut,spec-to-va,L1,PLL / Clock / Event Timing,Sampled loop-filter abstraction,certified,pass,pass,pass,True,True,benchmark-vabench-release-v1/tasks/CT05_pll_clock_event_timing/vbr1_l1_loop_filter_abstraction/forms/dut/release_task.json,benchmark-vabench-release-v1/evidence/dual/vbr1_l1_loop_filter_abstraction/dut/evidence.json
vbr1_l1_loop_filter_abstraction:tb,vbr1_l1_loop_filter_abstraction,tb,tb-generation,L1,PLL / Clock / Event Timing,Sampled loop-filter abstraction,certified,pass,pass,pass,True,True,benchmark-vabench-release-v1/tasks/CT05_pll_clock_event_timing/vbr1_l1_loop_filter_abstraction/forms/tb/release_task.json,benchmark-vabench-release-v1/evidence/dual/vbr1_l1_loop_filter_abstraction/tb/evidence.json
vbr1_l1_loop_filter_abstraction:bugfix,vbr1_l1_loop_filter_abstraction,bugfix,bugfix,L1,PLL / Clock / Event Timing,Sampled loop-filter abstraction,certified,pass,pass,pass,True,True,benchmark-vabench-release-v1/tasks/CT05_pll_clock_event_timing/vbr1_l1_loop_filter_abstraction/forms/bugfix/release_task.json,benchmark-vabench-release-v1/evidence/dual/vbr1_l1_loop_filter_abstraction/bugfix/evidence.json
vbr1_l1_loop_filter_abstraction:e2e,vbr1_l1_loop_filter_abstraction,e2e,end-to-end,L1,PLL / Clock / Event Timing,Sampled loop-filter abstraction,certified,pass,pass,pass,True,True,benchmark-vabench-release-v1/tasks/CT05_pll_clock_event_timing/vbr1_l1_loop_filter_abstraction/forms/e2e/release_task.json,benchmark-vabench-release-v1/evidence/dual/vbr1_l1_loop_filter_abstraction/e2e/evidence.json
vbr1_l1_pfd_small_phase_error_response:dut,vbr1_l1_pfd_small_phase_error_response,dut,spec-to-va,L1,PLL / Clock / Event Timing,PFD small phase-error response,certified,pass,pass,pass,True,True,benchmark-vabench-release-v1/tasks/CT05_pll_clock_event_timing/vbr1_l1_pfd_small_phase_error_response/forms/dut/release_task.json,benchmark-vabench-release-v1/evidence/dual/vbr1_l1_pfd_small_phase_error_response/dut/evidence.json
vbr1_l1_pfd_small_phase_error_response:tb,vbr1_l1_pfd_small_phase_error_response,tb,tb-generation,L1,PLL / Clock / Event Timing,PFD small phase-error response,certified,pass,pass,pass,True,True,benchmark-vabench-release-v1/tasks/CT05_pll_clock_event_timing/vbr1_l1_pfd_small_phase_error_response/forms/tb/release_task.json,benchmark-vabench-release-v1/evidence/dual/vbr1_l1_pfd_small_phase_error_response/tb/evidence.json
vbr1_l1_pfd_small_phase_error_response:bugfix,vbr1_l1_pfd_small_phase_error_response,bugfix,bugfix,L1,PLL / Clock / Event Timing,PFD small phase-error response,certified,pass,pass,pass,True,True,benchmark-vabench-release-v1/tasks/CT05_pll_clock_event_timing/vbr1_l1_pfd_small_phase_error_response/forms/bugfix/release_task.json,benchmark-vabench-release-v1/evidence/dual/vbr1_l1_pfd_small_phase_error_response/bugfix/evidence.json
vbr1_l1_pfd_small_phase_error_response:e2e,vbr1_l1_pfd_small_phase_error_response,e2e,end-to-end,L1,PLL / Clock / Event Timing,PFD small phase-error response,certified,pass,pass,pass,True,True,benchmark-vabench-release-v1/tasks/CT05_pll_clock_event_timing/vbr1_l1_pfd_small_phase_error_response/forms/e2e/release_task.json,benchmark-vabench-release-v1/evidence/dual/vbr1_l1_pfd_small_phase_error_response/e2e/evidence.json
vbr1_l1_pfd_up_dn_logic:dut,vbr1_l1_pfd_up_dn_logic,dut,spec-to-va,L1,PLL / Clock / Event Timing,PFD UP/DN logic,certified,pass,pass,pass,True,True,benchmark-vabench-release-v1/tasks/CT05_pll_clock_event_timing/vbr1_l1_pfd_up_dn_logic/forms/dut/release_task.json,benchmark-vabench-release-v1/evidence/dual/vbr1_l1_pfd_up_dn_logic/dut/evidence.json
vbr1_l1_pfd_up_dn_logic:tb,vbr1_l1_pfd_up_dn_logic,tb,tb-generation,L1,PLL / Clock / Event Timing,PFD UP/DN logic,certified,pass,pass,pass,True,True,benchmark-vabench-release-v1/tasks/CT05_pll_clock_event_timing/vbr1_l1_pfd_up_dn_logic/forms/tb/release_task.json,benchmark-vabench-release-v1/evidence/dual/vbr1_l1_pfd_up_dn_logic/tb/evidence.json
vbr1_l1_pfd_up_dn_logic:bugfix,vbr1_l1_pfd_up_dn_logic,bugfix,bugfix,L1,PLL / Clock / Event Timing,PFD UP/DN logic,certified,pass,pass,pass,True,True,benchmark-vabench-release-v1/tasks/CT05_pll_clock_event_timing/vbr1_l1_pfd_up_dn_logic/forms/bugfix/release_task.json,benchmark-vabench-release-v1/evidence/dual/vbr1_l1_pfd_up_dn_logic/bugfix/evidence.json
vbr1_l1_pfd_up_dn_logic:e2e,vbr1_l1_pfd_up_dn_logic,e2e,end-to-end,L1,PLL / Clock / Event Timing,PFD UP/DN logic,certified,pass,pass,pass,True,True,benchmark-vabench-release-v1/tasks/CT05_pll_clock_event_timing/vbr1_l1_pfd_up_dn_logic/forms/e2e/release_task.json,benchmark-vabench-release-v1/evidence/dual/vbr1_l1_pfd_up_dn_logic/e2e/evidence.json
vbr1_l1_vco_phase_integrator:dut,vbr1_l1_vco_phase_integrator,dut,spec-to-va,L1,PLL / Clock / Event Timing,VCO phase integrator,certified,pass,pass,pass,True,True,benchmark-vabench-release-v1/tasks/CT05_pll_clock_event_timing/vbr1_l1_vco_phase_integrator/forms/dut/release_task.json,benchmark-vabench-release-v1/evidence/dual/vbr1_l1_vco_phase_integrator/dut/evidence.json
vbr1_l1_vco_phase_integrator:tb,vbr1_l1_vco_phase_integrator,tb,tb-generation,L1,PLL / Clock / Event Timing,VCO phase integrator,certified,pass,pass,pass,True,True,benchmark-vabench-release-v1/tasks/CT05_pll_clock_event_timing/vbr1_l1_vco_phase_integrator/forms/tb/release_task.json,benchmark-vabench-release-v1/evidence/dual/vbr1_l1_vco_phase_integrator/tb/evidence.json
vbr1_l1_vco_phase_integrator:bugfix,vbr1_l1_vco_phase_integrator,bugfix,bugfix,L1,PLL / Clock / Event Timing,VCO phase integrator,certified,pass,pass,pass,True,True,benchmark-vabench-release-v1/tasks/CT05_pll_clock_event_timing/vbr1_l1_vco_phase_integrator/forms/bugfix/release_task.json,benchmark-vabench-release-v1/evidence/dual/vbr1_l1_vco_phase_integrator/bugfix/evidence.json
vbr1_l1_vco_phase_integrator:e2e,vbr1_l1_vco_phase_integrator,e2e,end-to-end,L1,PLL / Clock / Event Timing,VCO phase integrator,certified,pass,pass,pass,True,True,benchmark-vabench-release-v1/tasks/CT05_pll_clock_event_timing/vbr1_l1_vco_phase_integrator/forms/e2e/release_task.json,benchmark-vabench-release-v1/evidence/dual/vbr1_l1_vco_phase_integrator/e2e/evidence.json
vbr1_l1_xor_phase_detector:dut,vbr1_l1_xor_phase_detector,dut,spec-to-va,L1,PLL / Clock / Event Timing,XOR phase detector,certified,pass,pass,pass,True,True,benchmark-vabench-release-v1/tasks/CT05_pll_clock_event_timing/vbr1_l1_xor_phase_detector/forms/dut/release_task.json,benchmark-vabench-release-v1/evidence/dual/vbr1_l1_xor_phase_detector/dut/evidence.json
vbr1_l1_xor_phase_detector:tb,vbr1_l1_xor_phase_detector,tb,tb-generation,L1,PLL / Clock / Event Timing,XOR phase detector,certified,pass,pass,pass,True,True,benchmark-vabench-release-v1/tasks/CT05_pll_clock_event_timing/vbr1_l1_xor_phase_detector/forms/tb/release_task.json,benchmark-vabench-release-v1/evidence/dual/vbr1_l1_xor_phase_detector/tb/evidence.json
vbr1_l1_xor_phase_detector:bugfix,vbr1_l1_xor_phase_detector,bugfix,bugfix,L1,PLL / Clock / Event Timing,XOR phase detector,certified,pass,pass,pass,True,True,benchmark-vabench-release-v1/tasks/CT05_pll_clock_event_timing/vbr1_l1_xor_phase_detector/forms/bugfix/release_task.json,benchmark-vabench-release-v1/evidence/dual/vbr1_l1_xor_phase_detector/bugfix/evidence.json
vbr1_l1_xor_phase_detector:e2e,vbr1_l1_xor_phase_detector,e2e,end-to-end,L1,PLL / Clock / Event Timing,XOR phase detector,certified,pass,pass,pass,True,True,benchmark-vabench-release-v1/tasks/CT05_pll_clock_event_timing/vbr1_l1_xor_phase_detector/forms/e2e/release_task.json,benchmark-vabench-release-v1/evidence/dual/vbr1_l1_xor_phase_detector/e2e/evidence.json
vbr1_l2_adpll_lock_ratio_hop_timer_flow:tb,vbr1_l2_adpll_lock_ratio_hop_timer_flow,tb,tb-generation,L2,PLL / Clock / Event Timing,ADPLL lock/ratio-hop/timer flow,certified,pass,pass,pass,True,True,benchmark-vabench-release-v1/tasks/CT05_pll_clock_event_timing/vbr1_l2_adpll_lock_ratio_hop_timer_flow/forms/tb/release_task.json,benchmark-vabench-release-v1/evidence/dual/vbr1_l2_adpll_lock_ratio_hop_timer_flow/tb/evidence.json
vbr1_l2_adpll_lock_ratio_hop_timer_flow:e2e,vbr1_l2_adpll_lock_ratio_hop_timer_flow,e2e,end-to-end,L2,PLL / Clock / Event Timing,ADPLL lock/ratio-hop/timer flow,certified,pass,pass,pass,True,True,benchmark-vabench-release-v1/tasks/CT05_pll_clock_event_timing/vbr1_l2_adpll_lock_ratio_hop_timer_flow/forms/e2e/release_task.json,benchmark-vabench-release-v1/evidence/dual/vbr1_l2_adpll_lock_ratio_hop_timer_flow/e2e/evidence.json
vbr1_l2_cppll_tracking_and_frequency_step_reacquire_flow:tb,vbr1_l2_cppll_tracking_and_frequency_step_reacquire_flow,tb,tb-generation,L2,PLL / Clock / Event Timing,CPPLL tracking and frequency-step reacquire flow,certified,pass,pass,pass,True,True,benchmark-vabench-release-v1/tasks/CT05_pll_clock_event_timing/vbr1_l2_cppll_tracking_and_frequency_step_reacquire_flow/forms/tb/release_task.json,benchmark-vabench-release-v1/evidence/dual/vbr1_l2_cppll_tracking_and_frequency_step_reacquire_flow/tb/evidence.json
vbr1_l2_cppll_tracking_and_frequency_step_reacquire_flow:e2e,vbr1_l2_cppll_tracking_and_frequency_step_reacquire_flow,e2e,end-to-end,L2,PLL / Clock / Event Timing,CPPLL tracking and frequency-step reacquire flow,certified,pass,pass,pass,True,True,benchmark-vabench-release-v1/tasks/CT05_pll_clock_event_timing/vbr1_l2_cppll_tracking_and_frequency_step_reacquire_flow/forms/e2e/release_task.json,benchmark-vabench-release-v1/evidence/dual/vbr1_l2_cppll_tracking_and_frequency_step_reacquire_flow/e2e/evidence.json
vbr1_l2_pll_timing_slice:tb,vbr1_l2_pll_timing_slice,tb,tb-generation,L2,PLL / Clock / Event Timing,PLL timing slice,certified,pass,pass,pass,True,True,benchmark-vabench-release-v1/tasks/CT05_pll_clock_event_timing/vbr1_l2_pll_timing_slice/forms/tb/release_task.json,benchmark-vabench-release-v1/evidence/dual/vbr1_l2_pll_timing_slice/tb/evidence.json
vbr1_l2_pll_timing_slice:e2e,vbr1_l2_pll_timing_slice,e2e,end-to-end,L2,PLL / Clock / Event Timing,PLL timing slice,certified,pass,pass,pass,True,True,benchmark-vabench-release-v1/tasks/CT05_pll_clock_event_timing/vbr1_l2_pll_timing_slice/forms/e2e/release_task.json,benchmark-vabench-release-v1/evidence/dual/vbr1_l2_pll_timing_slice/e2e/evidence.json
vbr1_l1_debounce_latch:dut,vbr1_l1_debounce_latch,dut,spec-to-va,L1,Digital and Event-Driven Logic,Debounce latch,certified,pass,pass,pass,True,True,benchmark-vabench-release-v1/tasks/CT06_digital_and_event_driven_logic/vbr1_l1_debounce_latch/forms/dut/release_task.json,benchmark-vabench-release-v1/evidence/dual/vbr1_l1_debounce_latch/dut/evidence.json
vbr1_l1_debounce_latch:tb,vbr1_l1_debounce_latch,tb,tb-generation,L1,Digital and Event-Driven Logic,Debounce latch,certified,pass,pass,pass,True,True,benchmark-vabench-release-v1/tasks/CT06_digital_and_event_driven_logic/vbr1_l1_debounce_latch/forms/tb/release_task.json,benchmark-vabench-release-v1/evidence/dual/vbr1_l1_debounce_latch/tb/evidence.json
vbr1_l1_debounce_latch:bugfix,vbr1_l1_debounce_latch,bugfix,bugfix,L1,Digital and Event-Driven Logic,Debounce latch,certified,pass,pass,pass,True,True,benchmark-vabench-release-v1/tasks/CT06_digital_and_event_driven_logic/vbr1_l1_debounce_latch/forms/bugfix/release_task.json,benchmark-vabench-release-v1/evidence/dual/vbr1_l1_debounce_latch/bugfix/evidence.json
vbr1_l1_debounce_latch:e2e,vbr1_l1_debounce_latch,e2e,end-to-end,L1,Digital and Event-Driven Logic,Debounce latch,certified,pass,pass,pass,True,True,benchmark-vabench-release-v1/tasks/CT06_digital_and_event_driven_logic/vbr1_l1_debounce_latch/forms/e2e/release_task.json,benchmark-vabench-release-v1/evidence/dual/vbr1_l1_debounce_latch/e2e/evidence.json
vbr1_l1_edge_detector:dut,vbr1_l1_edge_detector,dut,spec-to-va,L1,Digital and Event-Driven Logic,Edge detector,certified,pass,pass,pass,True,True,benchmark-vabench-release-v1/tasks/CT06_digital_and_event_driven_logic/vbr1_l1_edge_detector/forms/dut/release_task.json,benchmark-vabench-release-v1/evidence/dual/vbr1_l1_edge_detector/dut/evidence.json
vbr1_l1_edge_detector:tb,vbr1_l1_edge_detector,tb,tb-generation,L1,Digital and Event-Driven Logic,Edge detector,certified,pass,pass,pass,True,True,benchmark-vabench-release-v1/tasks/CT06_digital_and_event_driven_logic/vbr1_l1_edge_detector/forms/tb/release_task.json,benchmark-vabench-release-v1/evidence/dual/vbr1_l1_edge_detector/tb/evidence.json
vbr1_l1_edge_detector:bugfix,vbr1_l1_edge_detector,bugfix,bugfix,L1,Digital and Event-Driven Logic,Edge detector,certified,pass,pass,pass,True,True,benchmark-vabench-release-v1/tasks/CT06_digital_and_event_driven_logic/vbr1_l1_edge_detector/forms/bugfix/release_task.json,benchmark-vabench-release-v1/evidence/dual/vbr1_l1_edge_detector/bugfix/evidence.json
vbr1_l1_edge_detector:e2e,vbr1_l1_edge_detector,e2e,end-to-end,L1,Digital and Event-Driven Logic,Edge detector,certified,pass,pass,pass,True,True,benchmark-vabench-release-v1/tasks/CT06_digital_and_event_driven_logic/vbr1_l1_edge_detector/forms/e2e/release_task.json,benchmark-vabench-release-v1/evidence/dual/vbr1_l1_edge_detector/e2e/evidence.json
vbr1_l1_event_pulse_stretcher:dut,vbr1_l1_event_pulse_stretcher,dut,spec-to-va,L1,Digital and Event-Driven Logic,Retriggerable one-shot pulse stretcher,certified,pass,pass,pass,True,True,benchmark-vabench-release-v1/tasks/CT06_digital_and_event_driven_logic/vbr1_l1_event_pulse_stretcher/forms/dut/release_task.json,benchmark-vabench-release-v1/evidence/dual/vbr1_l1_event_pulse_stretcher/dut/evidence.json
vbr1_l1_event_pulse_stretcher:tb,vbr1_l1_event_pulse_stretcher,tb,tb-generation,L1,Digital and Event-Driven Logic,Retriggerable one-shot pulse stretcher,certified,pass,pass,pass,True,True,benchmark-vabench-release-v1/tasks/CT06_digital_and_event_driven_logic/vbr1_l1_event_pulse_stretcher/forms/tb/release_task.json,benchmark-vabench-release-v1/evidence/dual/vbr1_l1_event_pulse_stretcher/tb/evidence.json
vbr1_l1_event_pulse_stretcher:bugfix,vbr1_l1_event_pulse_stretcher,bugfix,bugfix,L1,Digital and Event-Driven Logic,Retriggerable one-shot pulse stretcher,certified,pass,pass,pass,True,True,benchmark-vabench-release-v1/tasks/CT06_digital_and_event_driven_logic/vbr1_l1_event_pulse_stretcher/forms/bugfix/release_task.json,benchmark-vabench-release-v1/evidence/dual/vbr1_l1_event_pulse_stretcher/bugfix/evidence.json
vbr1_l1_event_pulse_stretcher:e2e,vbr1_l1_event_pulse_stretcher,e2e,end-to-end,L1,Digital and Event-Driven Logic,Retriggerable one-shot pulse stretcher,certified,pass,pass,pass,True,True,benchmark-vabench-release-v1/tasks/CT06_digital_and_event_driven_logic/vbr1_l1_event_pulse_stretcher/forms/e2e/release_task.json,benchmark-vabench-release-v1/evidence/dual/vbr1_l1_event_pulse_stretcher/e2e/evidence.json
vbr1_l1_lfsr_prbs_generator:dut,vbr1_l1_lfsr_prbs_generator,dut,spec-to-va,L1,Digital and Event-Driven Logic,LFSR/PRBS generator,certified,pass,pass,pass,True,True,benchmark-vabench-release-v1/tasks/CT06_digital_and_event_driven_logic/vbr1_l1_lfsr_prbs_generator/forms/dut/release_task.json,benchmark-vabench-release-v1/evidence/dual/vbr1_l1_lfsr_prbs_generator/dut/evidence.json
vbr1_l1_lfsr_prbs_generator:tb,vbr1_l1_lfsr_prbs_generator,tb,tb-generation,L1,Digital and Event-Driven Logic,LFSR/PRBS generator,certified,pass,pass,pass,True,True,benchmark-vabench-release-v1/tasks/CT06_digital_and_event_driven_logic/vbr1_l1_lfsr_prbs_generator/forms/tb/release_task.json,benchmark-vabench-release-v1/evidence/dual/vbr1_l1_lfsr_prbs_generator/tb/evidence.json
vbr1_l1_lfsr_prbs_generator:bugfix,vbr1_l1_lfsr_prbs_generator,bugfix,bugfix,L1,Digital and Event-Driven Logic,LFSR/PRBS generator,certified,pass,pass,pass,True,True,benchmark-vabench-release-v1/tasks/CT06_digital_and_event_driven_logic/vbr1_l1_lfsr_prbs_generator/forms/bugfix/release_task.json,benchmark-vabench-release-v1/evidence/dual/vbr1_l1_lfsr_prbs_generator/bugfix/evidence.json
vbr1_l1_lfsr_prbs_generator:e2e,vbr1_l1_lfsr_prbs_generator,e2e,end-to-end,L1,Digital and Event-Driven Logic,LFSR/PRBS generator,certified,pass,pass,pass,True,True,benchmark-vabench-release-v1/tasks/CT06_digital_and_event_driven_logic/vbr1_l1_lfsr_prbs_generator/forms/e2e/release_task.json,benchmark-vabench-release-v1/evidence/dual/vbr1_l1_lfsr_prbs_generator/e2e/evidence.json
vbr1_l1_one_shot_timer:dut,vbr1_l1_one_shot_timer,dut,spec-to-va,L1,Digital and Event-Driven Logic,One-shot timer,certified,pass,pass,pass,True,True,benchmark-vabench-release-v1/tasks/CT06_digital_and_event_driven_logic/vbr1_l1_one_shot_timer/forms/dut/release_task.json,benchmark-vabench-release-v1/evidence/dual/vbr1_l1_one_shot_timer/dut/evidence.json
vbr1_l1_one_shot_timer:tb,vbr1_l1_one_shot_timer,tb,tb-generation,L1,Digital and Event-Driven Logic,One-shot timer,certified,pass,pass,pass,True,True,benchmark-vabench-release-v1/tasks/CT06_digital_and_event_driven_logic/vbr1_l1_one_shot_timer/forms/tb/release_task.json,benchmark-vabench-release-v1/evidence/dual/vbr1_l1_one_shot_timer/tb/evidence.json
vbr1_l1_one_shot_timer:bugfix,vbr1_l1_one_shot_timer,bugfix,bugfix,L1,Digital and Event-Driven Logic,One-shot timer,certified,pass,pass,pass,True,True,benchmark-vabench-release-v1/tasks/CT06_digital_and_event_driven_logic/vbr1_l1_one_shot_timer/forms/bugfix/release_task.json,benchmark-vabench-release-v1/evidence/dual/vbr1_l1_one_shot_timer/bugfix/evidence.json
vbr1_l1_one_shot_timer:e2e,vbr1_l1_one_shot_timer,e2e,end-to-end,L1,Digital and Event-Driven Logic,One-shot timer,certified,pass,pass,pass,True,True,benchmark-vabench-release-v1/tasks/CT06_digital_and_event_driven_logic/vbr1_l1_one_shot_timer/forms/e2e/release_task.json,benchmark-vabench-release-v1/evidence/dual/vbr1_l1_one_shot_timer/e2e/evidence.json
vbr1_l1_serializer_frame_aligner:dut,vbr1_l1_serializer_frame_aligner,dut,spec-to-va,L1,Digital and Event-Driven Logic,Serializer/frame aligner,certified,pass,pass,pass,True,True,benchmark-vabench-release-v1/tasks/CT06_digital_and_event_driven_logic/vbr1_l1_serializer_frame_aligner/forms/dut/release_task.json,benchmark-vabench-release-v1/evidence/dual/vbr1_l1_serializer_frame_aligner/dut/evidence.json
vbr1_l1_serializer_frame_aligner:tb,vbr1_l1_serializer_frame_aligner,tb,tb-generation,L1,Digital and Event-Driven Logic,Serializer/frame aligner,certified,pass,pass,pass,True,True,benchmark-vabench-release-v1/tasks/CT06_digital_and_event_driven_logic/vbr1_l1_serializer_frame_aligner/forms/tb/release_task.json,benchmark-vabench-release-v1/evidence/dual/vbr1_l1_serializer_frame_aligner/tb/evidence.json
vbr1_l1_serializer_frame_aligner:bugfix,vbr1_l1_serializer_frame_aligner,bugfix,bugfix,L1,Digital and Event-Driven Logic,Serializer/frame aligner,certified,pass,pass,pass,True,True,benchmark-vabench-release-v1/tasks/CT06_digital_and_event_driven_logic/vbr1_l1_serializer_frame_aligner/forms/bugfix/release_task.json,benchmark-vabench-release-v1/evidence/dual/vbr1_l1_serializer_frame_aligner/bugfix/evidence.json
vbr1_l1_serializer_frame_aligner:e2e,vbr1_l1_serializer_frame_aligner,e2e,end-to-end,L1,Digital and Event-Driven Logic,Serializer/frame aligner,certified,pass,pass,pass,True,True,benchmark-vabench-release-v1/tasks/CT06_digital_and_event_driven_logic/vbr1_l1_serializer_frame_aligner/forms/e2e/release_task.json,benchmark-vabench-release-v1/evidence/dual/vbr1_l1_serializer_frame_aligner/e2e/evidence.json
vbr1_l2_event_controller:tb,vbr1_l2_event_controller,tb,tb-generation,L2,Digital and Event-Driven Logic,Event controller,certified,pass,pass,pass,True,True,benchmark-vabench-release-v1/tasks/CT06_digital_and_event_driven_logic/vbr1_l2_event_controller/forms/tb/release_task.json,benchmark-vabench-release-v1/evidence/dual/vbr1_l2_event_controller/tb/evidence.json
vbr1_l2_event_controller:e2e,vbr1_l2_event_controller,e2e,end-to-end,L2,Digital and Event-Driven Logic,Event controller,certified,pass,pass,pass,True,True,benchmark-vabench-release-v1/tasks/CT06_digital_and_event_driven_logic/vbr1_l2_event_controller/forms/e2e/release_task.json,benchmark-vabench-release-v1/evidence/dual/vbr1_l2_event_controller/e2e/evidence.json
vbr1_l2_serializer_frame_alignment_flow:tb,vbr1_l2_serializer_frame_alignment_flow,tb,tb-generation,L2,Digital and Event-Driven Logic,Serializer frame-alignment flow,certified,pass,pass,pass,True,True,benchmark-vabench-release-v1/tasks/CT06_digital_and_event_driven_logic/vbr1_l2_serializer_frame_alignment_flow/forms/tb/release_task.json,benchmark-vabench-release-v1/evidence/dual/vbr1_l2_serializer_frame_alignment_flow/tb/evidence.json
vbr1_l2_serializer_frame_alignment_flow:e2e,vbr1_l2_serializer_frame_alignment_flow,e2e,end-to-end,L2,Digital and Event-Driven Logic,Serializer frame-alignment flow,certified,pass,pass,pass,True,True,benchmark-vabench-release-v1/tasks/CT06_digital_and_event_driven_logic/vbr1_l2_serializer_frame_alignment_flow/forms/e2e/release_task.json,benchmark-vabench-release-v1/evidence/dual/vbr1_l2_serializer_frame_alignment_flow/e2e/evidence.json
vbr1_l1_calibration_deadband_controller:dut,vbr1_l1_calibration_deadband_controller,dut,spec-to-va,L1,"Calibration, DEM, and Control",Calibration deadband controller,certified,pass,pass,pass,True,True,benchmark-vabench-release-v1/tasks/CT07_calibration_dem_and_control/vbr1_l1_calibration_deadband_controller/forms/dut/release_task.json,benchmark-vabench-release-v1/evidence/dual/vbr1_l1_calibration_deadband_controller/dut/evidence.json
vbr1_l1_calibration_deadband_controller:tb,vbr1_l1_calibration_deadband_controller,tb,tb-generation,L1,"Calibration, DEM, and Control",Calibration deadband controller,certified,pass,pass,pass,True,True,benchmark-vabench-release-v1/tasks/CT07_calibration_dem_and_control/vbr1_l1_calibration_deadband_controller/forms/tb/release_task.json,benchmark-vabench-release-v1/evidence/dual/vbr1_l1_calibration_deadband_controller/tb/evidence.json
vbr1_l1_calibration_deadband_controller:bugfix,vbr1_l1_calibration_deadband_controller,bugfix,bugfix,L1,"Calibration, DEM, and Control",Calibration deadband controller,certified,pass,pass,pass,True,True,benchmark-vabench-release-v1/tasks/CT07_calibration_dem_and_control/vbr1_l1_calibration_deadband_controller/forms/bugfix/release_task.json,benchmark-vabench-release-v1/evidence/dual/vbr1_l1_calibration_deadband_controller/bugfix/evidence.json
vbr1_l1_calibration_deadband_controller:e2e,vbr1_l1_calibration_deadband_controller,e2e,end-to-end,L1,"Calibration, DEM, and Control",Calibration deadband controller,certified,pass,pass,pass,True,True,benchmark-vabench-release-v1/tasks/CT07_calibration_dem_and_control/vbr1_l1_calibration_deadband_controller/forms/e2e/release_task.json,benchmark-vabench-release-v1/evidence/dual/vbr1_l1_calibration_deadband_controller/e2e/evidence.json
vbr1_l1_dwa_dem_encoder:dut,vbr1_l1_dwa_dem_encoder,dut,spec-to-va,L1,"Calibration, DEM, and Control",DWA/DEM encoder,certified,pass,pass,pass,True,True,benchmark-vabench-release-v1/tasks/CT07_calibration_dem_and_control/vbr1_l1_dwa_dem_encoder/forms/dut/release_task.json,benchmark-vabench-release-v1/evidence/dual/vbr1_l1_dwa_dem_encoder/dut/evidence.json
vbr1_l1_dwa_dem_encoder:tb,vbr1_l1_dwa_dem_encoder,tb,tb-generation,L1,"Calibration, DEM, and Control",DWA/DEM encoder,certified,pass,pass,pass,True,True,benchmark-vabench-release-v1/tasks/CT07_calibration_dem_and_control/vbr1_l1_dwa_dem_encoder/forms/tb/release_task.json,benchmark-vabench-release-v1/evidence/dual/vbr1_l1_dwa_dem_encoder/tb/evidence.json
vbr1_l1_dwa_dem_encoder:bugfix,vbr1_l1_dwa_dem_encoder,bugfix,bugfix,L1,"Calibration, DEM, and Control",DWA/DEM encoder,certified,pass,pass,pass,True,True,benchmark-vabench-release-v1/tasks/CT07_calibration_dem_and_control/vbr1_l1_dwa_dem_encoder/forms/bugfix/release_task.json,benchmark-vabench-release-v1/evidence/dual/vbr1_l1_dwa_dem_encoder/bugfix/evidence.json
vbr1_l1_dwa_dem_encoder:e2e,vbr1_l1_dwa_dem_encoder,e2e,end-to-end,L1,"Calibration, DEM, and Control",DWA/DEM encoder,certified,pass,pass,pass,True,True,benchmark-vabench-release-v1/tasks/CT07_calibration_dem_and_control/vbr1_l1_dwa_dem_encoder/forms/e2e/release_task.json,benchmark-vabench-release-v1/evidence/dual/vbr1_l1_dwa_dem_encoder/e2e/evidence.json
vbr1_l1_element_shuffler:dut,vbr1_l1_element_shuffler,dut,spec-to-va,L1,"Calibration, DEM, and Control",Element shuffler,certified,pass,pass,pass,True,True,benchmark-vabench-release-v1/tasks/CT07_calibration_dem_and_control/vbr1_l1_element_shuffler/forms/dut/release_task.json,benchmark-vabench-release-v1/evidence/dual/vbr1_l1_element_shuffler/dut/evidence.json
vbr1_l1_element_shuffler:tb,vbr1_l1_element_shuffler,tb,tb-generation,L1,"Calibration, DEM, and Control",Element shuffler,certified,pass,pass,pass,True,True,benchmark-vabench-release-v1/tasks/CT07_calibration_dem_and_control/vbr1_l1_element_shuffler/forms/tb/release_task.json,benchmark-vabench-release-v1/evidence/dual/vbr1_l1_element_shuffler/tb/evidence.json
vbr1_l1_element_shuffler:bugfix,vbr1_l1_element_shuffler,bugfix,bugfix,L1,"Calibration, DEM, and Control",Element shuffler,certified,pass,pass,pass,True,True,benchmark-vabench-release-v1/tasks/CT07_calibration_dem_and_control/vbr1_l1_element_shuffler/forms/bugfix/release_task.json,benchmark-vabench-release-v1/evidence/dual/vbr1_l1_element_shuffler/bugfix/evidence.json
vbr1_l1_element_shuffler:e2e,vbr1_l1_element_shuffler,e2e,end-to-end,L1,"Calibration, DEM, and Control",Element shuffler,certified,pass,pass,pass,True,True,benchmark-vabench-release-v1/tasks/CT07_calibration_dem_and_control/vbr1_l1_element_shuffler/forms/e2e/release_task.json,benchmark-vabench-release-v1/evidence/dual/vbr1_l1_element_shuffler/e2e/evidence.json
vbr1_l1_gain_trim_controller:dut,vbr1_l1_gain_trim_controller,dut,spec-to-va,L1,"Calibration, DEM, and Control",Gain trim controller,certified,pass,pass,pass,True,True,benchmark-vabench-release-v1/tasks/CT07_calibration_dem_and_control/vbr1_l1_gain_trim_controller/forms/dut/release_task.json,benchmark-vabench-release-v1/evidence/dual/vbr1_l1_gain_trim_controller/dut/evidence.json
vbr1_l1_gain_trim_controller:tb,vbr1_l1_gain_trim_controller,tb,tb-generation,L1,"Calibration, DEM, and Control",Gain trim controller,certified,pass,pass,pass,True,True,benchmark-vabench-release-v1/tasks/CT07_calibration_dem_and_control/vbr1_l1_gain_trim_controller/forms/tb/release_task.json,benchmark-vabench-release-v1/evidence/dual/vbr1_l1_gain_trim_controller/tb/evidence.json
vbr1_l1_gain_trim_controller:bugfix,vbr1_l1_gain_trim_controller,bugfix,bugfix,L1,"Calibration, DEM, and Control",Gain trim controller,certified,pass,pass,pass,True,True,benchmark-vabench-release-v1/tasks/CT07_calibration_dem_and_control/vbr1_l1_gain_trim_controller/forms/bugfix/release_task.json,benchmark-vabench-release-v1/evidence/dual/vbr1_l1_gain_trim_controller/bugfix/evidence.json
vbr1_l1_gain_trim_controller:e2e,vbr1_l1_gain_trim_controller,e2e,end-to-end,L1,"Calibration, DEM, and Control",Gain trim controller,certified,pass,pass,pass,True,True,benchmark-vabench-release-v1/tasks/CT07_calibration_dem_and_control/vbr1_l1_gain_trim_controller/forms/e2e/release_task.json,benchmark-vabench-release-v1/evidence/dual/vbr1_l1_gain_trim_controller/e2e/evidence.json
vbr1_l1_rotating_dem_selector:dut,vbr1_l1_rotating_dem_selector,dut,spec-to-va,L1,"Calibration, DEM, and Control",Rotating DEM selector,certified,pass,pass,pass,True,True,benchmark-vabench-release-v1/tasks/CT07_calibration_dem_and_control/vbr1_l1_rotating_dem_selector/forms/dut/release_task.json,benchmark-vabench-release-v1/evidence/dual/vbr1_l1_rotating_dem_selector/dut/evidence.json
vbr1_l1_rotating_dem_selector:tb,vbr1_l1_rotating_dem_selector,tb,tb-generation,L1,"Calibration, DEM, and Control",Rotating DEM selector,certified,pass,pass,pass,True,True,benchmark-vabench-release-v1/tasks/CT07_calibration_dem_and_control/vbr1_l1_rotating_dem_selector/forms/tb/release_task.json,benchmark-vabench-release-v1/evidence/dual/vbr1_l1_rotating_dem_selector/tb/evidence.json
vbr1_l1_rotating_dem_selector:bugfix,vbr1_l1_rotating_dem_selector,bugfix,bugfix,L1,"Calibration, DEM, and Control",Rotating DEM selector,certified,pass,pass,pass,True,True,benchmark-vabench-release-v1/tasks/CT07_calibration_dem_and_control/vbr1_l1_rotating_dem_selector/forms/bugfix/release_task.json,benchmark-vabench-release-v1/evidence/dual/vbr1_l1_rotating_dem_selector/bugfix/evidence.json
vbr1_l1_rotating_dem_selector:e2e,vbr1_l1_rotating_dem_selector,e2e,end-to-end,L1,"Calibration, DEM, and Control",Rotating DEM selector,certified,pass,pass,pass,True,True,benchmark-vabench-release-v1/tasks/CT07_calibration_dem_and_control/vbr1_l1_rotating_dem_selector/forms/e2e/release_task.json,benchmark-vabench-release-v1/evidence/dual/vbr1_l1_rotating_dem_selector/e2e/evidence.json
vbr1_l1_successive_approximation_calibration_search_fsm:dut,vbr1_l1_successive_approximation_calibration_search_fsm,dut,spec-to-va,L1,"Calibration, DEM, and Control",Successive-approximation calibration/search FSM,certified,pass,pass,pass,True,True,benchmark-vabench-release-v1/tasks/CT07_calibration_dem_and_control/vbr1_l1_successive_approximation_calibration_search_fsm/forms/dut/release_task.json,benchmark-vabench-release-v1/evidence/dual/vbr1_l1_successive_approximation_calibration_search_fsm/dut/evidence.json
vbr1_l1_successive_approximation_calibration_search_fsm:tb,vbr1_l1_successive_approximation_calibration_search_fsm,tb,tb-generation,L1,"Calibration, DEM, and Control",Successive-approximation calibration/search FSM,certified,pass,pass,pass,True,True,benchmark-vabench-release-v1/tasks/CT07_calibration_dem_and_control/vbr1_l1_successive_approximation_calibration_search_fsm/forms/tb/release_task.json,benchmark-vabench-release-v1/evidence/dual/vbr1_l1_successive_approximation_calibration_search_fsm/tb/evidence.json
vbr1_l1_successive_approximation_calibration_search_fsm:bugfix,vbr1_l1_successive_approximation_calibration_search_fsm,bugfix,bugfix,L1,"Calibration, DEM, and Control",Successive-approximation calibration/search FSM,certified,pass,pass,pass,True,True,benchmark-vabench-release-v1/tasks/CT07_calibration_dem_and_control/vbr1_l1_successive_approximation_calibration_search_fsm/forms/bugfix/release_task.json,benchmark-vabench-release-v1/evidence/dual/vbr1_l1_successive_approximation_calibration_search_fsm/bugfix/evidence.json
vbr1_l1_successive_approximation_calibration_search_fsm:e2e,vbr1_l1_successive_approximation_calibration_search_fsm,e2e,end-to-end,L1,"Calibration, DEM, and Control",Successive-approximation calibration/search FSM,certified,pass,pass,pass,True,True,benchmark-vabench-release-v1/tasks/CT07_calibration_dem_and_control/vbr1_l1_successive_approximation_calibration_search_fsm/forms/e2e/release_task.json,benchmark-vabench-release-v1/evidence/dual/vbr1_l1_successive_approximation_calibration_search_fsm/e2e/evidence.json
vbr1_l1_trim_calibration_controller:dut,vbr1_l1_trim_calibration_controller,dut,spec-to-va,L1,"Calibration, DEM, and Control",Trim-voltage generator,certified,pass,pass,pass,True,True,benchmark-vabench-release-v1/tasks/CT07_calibration_dem_and_control/vbr1_l1_trim_calibration_controller/forms/dut/release_task.json,benchmark-vabench-release-v1/evidence/dual/vbr1_l1_trim_calibration_controller/dut/evidence.json
vbr1_l1_trim_calibration_controller:tb,vbr1_l1_trim_calibration_controller,tb,tb-generation,L1,"Calibration, DEM, and Control",Trim-voltage generator,certified,pass,pass,pass,True,True,benchmark-vabench-release-v1/tasks/CT07_calibration_dem_and_control/vbr1_l1_trim_calibration_controller/forms/tb/release_task.json,benchmark-vabench-release-v1/evidence/dual/vbr1_l1_trim_calibration_controller/tb/evidence.json
vbr1_l1_trim_calibration_controller:bugfix,vbr1_l1_trim_calibration_controller,bugfix,bugfix,L1,"Calibration, DEM, and Control",Trim-voltage generator,certified,pass,pass,pass,True,True,benchmark-vabench-release-v1/tasks/CT07_calibration_dem_and_control/vbr1_l1_trim_calibration_controller/forms/bugfix/release_task.json,benchmark-vabench-release-v1/evidence/dual/vbr1_l1_trim_calibration_controller/bugfix/evidence.json
vbr1_l1_trim_calibration_controller:e2e,vbr1_l1_trim_calibration_controller,e2e,end-to-end,L1,"Calibration, DEM, and Control",Trim-voltage generator,certified,pass,pass,pass,True,True,benchmark-vabench-release-v1/tasks/CT07_calibration_dem_and_control/vbr1_l1_trim_calibration_controller/forms/e2e/release_task.json,benchmark-vabench-release-v1/evidence/dual/vbr1_l1_trim_calibration_controller/e2e/evidence.json
vbr1_l1_windowed_dem_pointer:dut,vbr1_l1_windowed_dem_pointer,dut,spec-to-va,L1,"Calibration, DEM, and Control",Windowed DEM pointer,certified,pass,pass,pass,True,True,benchmark-vabench-release-v1/tasks/CT07_calibration_dem_and_control/vbr1_l1_windowed_dem_pointer/forms/dut/release_task.json,benchmark-vabench-release-v1/evidence/dual/vbr1_l1_windowed_dem_pointer/dut/evidence.json
vbr1_l1_windowed_dem_pointer:tb,vbr1_l1_windowed_dem_pointer,tb,tb-generation,L1,"Calibration, DEM, and Control",Windowed DEM pointer,certified,pass,pass,pass,True,True,benchmark-vabench-release-v1/tasks/CT07_calibration_dem_and_control/vbr1_l1_windowed_dem_pointer/forms/tb/release_task.json,benchmark-vabench-release-v1/evidence/dual/vbr1_l1_windowed_dem_pointer/tb/evidence.json
vbr1_l1_windowed_dem_pointer:bugfix,vbr1_l1_windowed_dem_pointer,bugfix,bugfix,L1,"Calibration, DEM, and Control",Windowed DEM pointer,certified,pass,pass,pass,True,True,benchmark-vabench-release-v1/tasks/CT07_calibration_dem_and_control/vbr1_l1_windowed_dem_pointer/forms/bugfix/release_task.json,benchmark-vabench-release-v1/evidence/dual/vbr1_l1_windowed_dem_pointer/bugfix/evidence.json
vbr1_l1_windowed_dem_pointer:e2e,vbr1_l1_windowed_dem_pointer,e2e,end-to-end,L1,"Calibration, DEM, and Control",Windowed DEM pointer,certified,pass,pass,pass,True,True,benchmark-vabench-release-v1/tasks/CT07_calibration_dem_and_control/vbr1_l1_windowed_dem_pointer/forms/e2e/release_task.json,benchmark-vabench-release-v1/evidence/dual/vbr1_l1_windowed_dem_pointer/e2e/evidence.json
vbr1_l2_complete_calibration_loop:e2e,vbr1_l2_complete_calibration_loop,e2e,end-to-end,L2,"Calibration, DEM, and Control",Complete calibration loop,certified,pass,pass,pass,True,True,benchmark-vabench-release-v1/tasks/CT07_calibration_dem_and_control/vbr1_l2_complete_calibration_loop/forms/e2e/release_task.json,benchmark-vabench-release-v1/evidence/dual/vbr1_l2_complete_calibration_loop/e2e/evidence.json
vbr1_l2_complete_calibration_loop:tb,vbr1_l2_complete_calibration_loop,tb,tb-generation,L2,"Calibration, DEM, and Control",Complete calibration loop,certified,pass,pass,pass,True,True,benchmark-vabench-release-v1/tasks/CT07_calibration_dem_and_control/vbr1_l2_complete_calibration_loop/forms/tb/release_task.json,benchmark-vabench-release-v1/evidence/dual/vbr1_l2_complete_calibration_loop/tb/evidence.json
vbr1_l1_crossing_metric_writer:tb,vbr1_l1_crossing_metric_writer,tb,tb-generation,L1,Measurement and Testbench Instrumentation,Crossing metric writer,certified,pass,pass,pass,True,True,benchmark-vabench-release-v1/tasks/CT08_measurement_and_testbench_instrumentation/vbr1_l1_crossing_metric_writer/forms/tb/release_task.json,benchmark-vabench-release-v1/evidence/dual/vbr1_l1_crossing_metric_writer/tb/evidence.json
vbr1_l1_crossing_metric_writer:dut,vbr1_l1_crossing_metric_writer,dut,spec-to-va,L1,Measurement and Testbench Instrumentation,Crossing metric writer,certified,pass,pass,pass,True,True,benchmark-vabench-release-v1/tasks/CT08_measurement_and_testbench_instrumentation/vbr1_l1_crossing_metric_writer/forms/dut/release_task.json,benchmark-vabench-release-v1/evidence/dual/vbr1_l1_crossing_metric_writer/dut/evidence.json
vbr1_l1_crossing_metric_writer:e2e,vbr1_l1_crossing_metric_writer,e2e,end-to-end,L1,Measurement and Testbench Instrumentation,Crossing metric writer,certified,pass,pass,pass,True,True,benchmark-vabench-release-v1/tasks/CT08_measurement_and_testbench_instrumentation/vbr1_l1_crossing_metric_writer/forms/e2e/release_task.json,benchmark-vabench-release-v1/evidence/dual/vbr1_l1_crossing_metric_writer/e2e/evidence.json
vbr1_l1_edge_interval_timer:tb,vbr1_l1_edge_interval_timer,tb,tb-generation,L1,Measurement and Testbench Instrumentation,Edge interval timer,certified,pass,pass,pass,True,True,benchmark-vabench-release-v1/tasks/CT08_measurement_and_testbench_instrumentation/vbr1_l1_edge_interval_timer/forms/tb/release_task.json,benchmark-vabench-release-v1/evidence/dual/vbr1_l1_edge_interval_timer/tb/evidence.json
vbr1_l1_edge_interval_timer:e2e,vbr1_l1_edge_interval_timer,e2e,end-to-end,L1,Measurement and Testbench Instrumentation,Edge interval timer,certified,pass,pass,pass,True,True,benchmark-vabench-release-v1/tasks/CT08_measurement_and_testbench_instrumentation/vbr1_l1_edge_interval_timer/forms/e2e/release_task.json,benchmark-vabench-release-v1/evidence/dual/vbr1_l1_edge_interval_timer/e2e/evidence.json
vbr1_l1_gain_estimator:tb,vbr1_l1_gain_estimator,tb,tb-generation,L1,Measurement and Testbench Instrumentation,Gain estimator,certified,pass,pass,pass,True,True,benchmark-vabench-release-v1/tasks/CT08_measurement_and_testbench_instrumentation/vbr1_l1_gain_estimator/forms/tb/release_task.json,benchmark-vabench-release-v1/evidence/dual/vbr1_l1_gain_estimator/tb/evidence.json
vbr1_l1_gain_estimator:e2e,vbr1_l1_gain_estimator,e2e,end-to-end,L1,Measurement and Testbench Instrumentation,Gain estimator,certified,pass,pass,pass,True,True,benchmark-vabench-release-v1/tasks/CT08_measurement_and_testbench_instrumentation/vbr1_l1_gain_estimator/forms/e2e/release_task.json,benchmark-vabench-release-v1/evidence/dual/vbr1_l1_gain_estimator/e2e/evidence.json
vbr1_l1_peak_detector:dut,vbr1_l1_peak_detector,dut,spec-to-va,L1,Measurement and Testbench Instrumentation,Peak detector,certified,pass,pass,pass,True,True,benchmark-vabench-release-v1/tasks/CT08_measurement_and_testbench_instrumentation/vbr1_l1_peak_detector/forms/dut/release_task.json,benchmark-vabench-release-v1/evidence/dual/vbr1_l1_peak_detector/dut/evidence.json
vbr1_l1_peak_detector:tb,vbr1_l1_peak_detector,tb,tb-generation,L1,Measurement and Testbench Instrumentation,Peak detector,certified,pass,pass,pass,True,True,benchmark-vabench-release-v1/tasks/CT08_measurement_and_testbench_instrumentation/vbr1_l1_peak_detector/forms/tb/release_task.json,benchmark-vabench-release-v1/evidence/dual/vbr1_l1_peak_detector/tb/evidence.json
vbr1_l1_peak_detector:bugfix,vbr1_l1_peak_detector,bugfix,bugfix,L1,Measurement and Testbench Instrumentation,Peak detector,certified,pass,pass,pass,True,True,benchmark-vabench-release-v1/tasks/CT08_measurement_and_testbench_instrumentation/vbr1_l1_peak_detector/forms/bugfix/release_task.json,benchmark-vabench-release-v1/evidence/dual/vbr1_l1_peak_detector/bugfix/evidence.json
vbr1_l1_peak_detector:e2e,vbr1_l1_peak_detector,e2e,end-to-end,L1,Measurement and Testbench Instrumentation,Peak detector,certified,pass,pass,pass,True,True,benchmark-vabench-release-v1/tasks/CT08_measurement_and_testbench_instrumentation/vbr1_l1_peak_detector/forms/e2e/release_task.json,benchmark-vabench-release-v1/evidence/dual/vbr1_l1_peak_detector/e2e/evidence.json
vbr1_l1_settling_time_detector:tb,vbr1_l1_settling_time_detector,tb,tb-generation,L1,Measurement and Testbench Instrumentation,Settling response measurement helper,certified,pass,pass,pass,True,True,benchmark-vabench-release-v1/tasks/CT08_measurement_and_testbench_instrumentation/vbr1_l1_settling_time_detector/forms/tb/release_task.json,benchmark-vabench-release-v1/evidence/dual/vbr1_l1_settling_time_detector/tb/evidence.json
vbr1_l1_settling_time_detector:e2e,vbr1_l1_settling_time_detector,e2e,end-to-end,L1,Measurement and Testbench Instrumentation,Settling response measurement helper,certified,pass,pass,pass,True,True,benchmark-vabench-release-v1/tasks/CT08_measurement_and_testbench_instrumentation/vbr1_l1_settling_time_detector/forms/e2e/release_task.json,benchmark-vabench-release-v1/evidence/dual/vbr1_l1_settling_time_detector/e2e/evidence.json
vbr1_l2_gain_extraction_convergence_measurement_flow:tb,vbr1_l2_gain_extraction_convergence_measurement_flow,tb,tb-generation,L2,Measurement and Testbench Instrumentation,Gain extraction/convergence measurement flow,certified,pass,pass,pass,True,True,benchmark-vabench-release-v1/tasks/CT08_measurement_and_testbench_instrumentation/vbr1_l2_gain_extraction_convergence_measurement_flow/forms/tb/release_task.json,benchmark-vabench-release-v1/evidence/dual/vbr1_l2_gain_extraction_convergence_measurement_flow/tb/evidence.json
vbr1_l2_gain_extraction_convergence_measurement_flow:e2e,vbr1_l2_gain_extraction_convergence_measurement_flow,e2e,end-to-end,L2,Measurement and Testbench Instrumentation,Gain extraction/convergence measurement flow,certified,pass,pass,pass,True,True,benchmark-vabench-release-v1/tasks/CT08_measurement_and_testbench_instrumentation/vbr1_l2_gain_extraction_convergence_measurement_flow/forms/e2e/release_task.json,benchmark-vabench-release-v1/evidence/dual/vbr1_l2_gain_extraction_convergence_measurement_flow/e2e/evidence.json
vbr1_l2_measurement_flow:tb,vbr1_l2_measurement_flow,tb,tb-generation,L2,Measurement and Testbench Instrumentation,Measurement flow,certified,pass,pass,pass,True,True,benchmark-vabench-release-v1/tasks/CT08_measurement_and_testbench_instrumentation/vbr1_l2_measurement_flow/forms/tb/release_task.json,benchmark-vabench-release-v1/evidence/dual/vbr1_l2_measurement_flow/tb/evidence.json
vbr1_l2_measurement_flow:e2e,vbr1_l2_measurement_flow,e2e,end-to-end,L2,Measurement and Testbench Instrumentation,Measurement flow,certified,pass,pass,pass,True,True,benchmark-vabench-release-v1/tasks/CT08_measurement_and_testbench_instrumentation/vbr1_l2_measurement_flow/forms/e2e/release_task.json,benchmark-vabench-release-v1/evidence/dual/vbr1_l2_measurement_flow/e2e/evidence.json
vbr1_l1_burst_clock_source:dut,vbr1_l1_burst_clock_source,dut,spec-to-va,L1,Stimulus and Sources,Burst clock source,certified,pass,pass,pass,True,True,benchmark-vabench-release-v1/tasks/CT09_stimulus_and_sources/vbr1_l1_burst_clock_source/forms/dut/release_task.json,benchmark-vabench-release-v1/evidence/dual/vbr1_l1_burst_clock_source/dut/evidence.json
vbr1_l1_burst_clock_source:tb,vbr1_l1_burst_clock_source,tb,tb-generation,L1,Stimulus and Sources,Burst clock source,certified,pass,pass,pass,True,True,benchmark-vabench-release-v1/tasks/CT09_stimulus_and_sources/vbr1_l1_burst_clock_source/forms/tb/release_task.json,benchmark-vabench-release-v1/evidence/dual/vbr1_l1_burst_clock_source/tb/evidence.json
vbr1_l1_burst_clock_source:e2e,vbr1_l1_burst_clock_source,e2e,end-to-end,L1,Stimulus and Sources,Burst clock source,certified,pass,pass,pass,True,True,benchmark-vabench-release-v1/tasks/CT09_stimulus_and_sources/vbr1_l1_burst_clock_source/forms/e2e/release_task.json,benchmark-vabench-release-v1/evidence/dual/vbr1_l1_burst_clock_source/e2e/evidence.json
vbr1_l1_dither_or_noise_like_deterministic_source:dut,vbr1_l1_dither_or_noise_like_deterministic_source,dut,spec-to-va,L1,Stimulus and Sources,Dither or noise-like deterministic source,certified,pass,pass,pass,True,True,benchmark-vabench-release-v1/tasks/CT09_stimulus_and_sources/vbr1_l1_dither_or_noise_like_deterministic_source/forms/dut/release_task.json,benchmark-vabench-release-v1/evidence/dual/vbr1_l1_dither_or_noise_like_deterministic_source/dut/evidence.json
vbr1_l1_dither_or_noise_like_deterministic_source:tb,vbr1_l1_dither_or_noise_like_deterministic_source,tb,tb-generation,L1,Stimulus and Sources,Dither or noise-like deterministic source,certified,pass,pass,pass,True,True,benchmark-vabench-release-v1/tasks/CT09_stimulus_and_sources/vbr1_l1_dither_or_noise_like_deterministic_source/forms/tb/release_task.json,benchmark-vabench-release-v1/evidence/dual/vbr1_l1_dither_or_noise_like_deterministic_source/tb/evidence.json
vbr1_l1_dither_or_noise_like_deterministic_source:e2e,vbr1_l1_dither_or_noise_like_deterministic_source,e2e,end-to-end,L1,Stimulus and Sources,Dither or noise-like deterministic source,certified,pass,pass,pass,True,True,benchmark-vabench-release-v1/tasks/CT09_stimulus_and_sources/vbr1_l1_dither_or_noise_like_deterministic_source/forms/e2e/release_task.json,benchmark-vabench-release-v1/evidence/dual/vbr1_l1_dither_or_noise_like_deterministic_source/e2e/evidence.json
vbr1_l1_ramp_or_step_source:dut,vbr1_l1_ramp_or_step_source,dut,spec-to-va,L1,Stimulus and Sources,Periodic phase-ramp guard source,certified,pass,pass,pass,True,True,benchmark-vabench-release-v1/tasks/CT09_stimulus_and_sources/vbr1_l1_ramp_or_step_source/forms/dut/release_task.json,benchmark-vabench-release-v1/evidence/dual/vbr1_l1_ramp_or_step_source/dut/evidence.json
vbr1_l1_ramp_or_step_source:tb,vbr1_l1_ramp_or_step_source,tb,tb-generation,L1,Stimulus and Sources,Periodic phase-ramp guard source,certified,pass,pass,pass,True,True,benchmark-vabench-release-v1/tasks/CT09_stimulus_and_sources/vbr1_l1_ramp_or_step_source/forms/tb/release_task.json,benchmark-vabench-release-v1/evidence/dual/vbr1_l1_ramp_or_step_source/tb/evidence.json
vbr1_l1_ramp_or_step_source:e2e,vbr1_l1_ramp_or_step_source,e2e,end-to-end,L1,Stimulus and Sources,Periodic phase-ramp guard source,certified,pass,pass,pass,True,True,benchmark-vabench-release-v1/tasks/CT09_stimulus_and_sources/vbr1_l1_ramp_or_step_source/forms/e2e/release_task.json,benchmark-vabench-release-v1/evidence/dual/vbr1_l1_ramp_or_step_source/e2e/evidence.json
vbr1_l1_sine_periodic_voltage_source:dut,vbr1_l1_sine_periodic_voltage_source,dut,spec-to-va,L1,Stimulus and Sources,Sine/periodic voltage source,certified,pass,pass,pass,True,True,benchmark-vabench-release-v1/tasks/CT09_stimulus_and_sources/vbr1_l1_sine_periodic_voltage_source/forms/dut/release_task.json,benchmark-vabench-release-v1/evidence/dual/vbr1_l1_sine_periodic_voltage_source/dut/evidence.json
vbr1_l1_sine_periodic_voltage_source:tb,vbr1_l1_sine_periodic_voltage_source,tb,tb-generation,L1,Stimulus and Sources,Sine/periodic voltage source,certified,pass,pass,pass,True,True,benchmark-vabench-release-v1/tasks/CT09_stimulus_and_sources/vbr1_l1_sine_periodic_voltage_source/forms/tb/release_task.json,benchmark-vabench-release-v1/evidence/dual/vbr1_l1_sine_periodic_voltage_source/tb/evidence.json
vbr1_l1_sine_periodic_voltage_source:e2e,vbr1_l1_sine_periodic_voltage_source,e2e,end-to-end,L1,Stimulus and Sources,Sine/periodic voltage source,certified,pass,pass,pass,True,True,benchmark-vabench-release-v1/tasks/CT09_stimulus_and_sources/vbr1_l1_sine_periodic_voltage_source/forms/e2e/release_task.json,benchmark-vabench-release-v1/evidence/dual/vbr1_l1_sine_periodic_voltage_source/e2e/evidence.json
vbr1_l2_adc_dac_source_sweep_flow:e2e,vbr1_l2_adc_dac_source_sweep_flow,e2e,end-to-end,L2,Stimulus and Sources,ADC/DAC source sweep flow,certified,pass,pass,pass,True,True,benchmark-vabench-release-v1/tasks/CT09_stimulus_and_sources/vbr1_l2_adc_dac_source_sweep_flow/forms/e2e/release_task.json,benchmark-vabench-release-v1/evidence/dual/vbr1_l2_adc_dac_source_sweep_flow/e2e/evidence.json
vbr1_l2_adc_dac_source_sweep_flow:tb,vbr1_l2_adc_dac_source_sweep_flow,tb,tb-generation,L2,Stimulus and Sources,ADC/DAC source sweep flow,certified,pass,pass,pass,True,True,benchmark-vabench-release-v1/tasks/CT09_stimulus_and_sources/vbr1_l2_adc_dac_source_sweep_flow/forms/tb/release_task.json,benchmark-vabench-release-v1/evidence/dual/vbr1_l2_adc_dac_source_sweep_flow/tb/evidence.json
