task_id,base,form,family,category_hint,exact_current_task,current_task_path,candidate_current_tasks,evas_status,spectre_status,evas_weighted_total,spectre_weighted_total,evas_staged_files,spectre_staged_files,evas_staged_source_files,spectre_staged_source_files,staged_source_hash_match,evas_staged_dir,spectre_staged_dir,materialization_state,missing_source_pieces,asset_type,benchmark_split,release_form,provenance_status,source_main120_id,badcase_origin,counts_model_capability,counts_benchmark_coverage,counts_bugfix_claim,promotion_blockers
vbm1_background_calibration_accumulator_bugfix,background_calibration_accumulator,bugfix,bugfix,calibration,yes,tasks/bugfix/voltage/calibration/vbm1_background_calibration_accumulator_bugfix,,PASS,PASS,1.0,1.0,background_calibration_accumulator.va;tb_background_calibration_accumulator_ref.scs,background_calibration_accumulator.va;tb_background_calibration_accumulator_ref.scs,background_calibration_accumulator.va;tb_background_calibration_accumulator_ref.scs,background_calibration_accumulator.va;tb_background_calibration_accumulator_ref.scs,yes,results/vabench-main-v1-main120-gold-evas-2026-05-08/vbm1_background_calibration_accumulator_bugfix/staged,results/vabench-main-v1-main120-gold-spectre-jin-2026-05-08/vbm1_background_calibration_accumulator_bugfix/staged,has_exact_task_id,,vabench_task,vabench-main-v1,evidence-only,reconstructed_badcase,vbm1_background_calibration_accumulator_bugfix,reconstructed,false,false,false,
vbm1_background_calibration_accumulator_dut,background_calibration_accumulator,dut,spec-to-va,calibration,no,,vbm1_background_calibration_accumulator_bugfix:0.43,PASS,PASS,1.0,1.0,background_calibration_accumulator.va;tb_background_calibration_accumulator_ref.scs,background_calibration_accumulator.va;tb_background_calibration_accumulator_ref.scs,background_calibration_accumulator.va;tb_background_calibration_accumulator_ref.scs,background_calibration_accumulator.va;tb_background_calibration_accumulator_ref.scs,yes,results/vabench-main-v1-main120-gold-evas-2026-05-08/vbm1_background_calibration_accumulator_dut/staged,results/vabench-main-v1-main120-gold-spectre-jin-2026-05-08/vbm1_background_calibration_accumulator_dut/staged,needs_source_task,prompt.md;meta.json;checks.yaml;gold/,vabench_task,vabench-main-v1,normal,clean,vbm1_background_calibration_accumulator_dut,,true,true,false,missing_prompt_meta_checks_gold_review
vbm1_background_calibration_accumulator_e2e,background_calibration_accumulator,e2e,end-to-end,calibration,no,,vbm1_background_calibration_accumulator_bugfix:0.43,PASS,PASS,1.0,1.0,background_calibration_accumulator.va;tb_background_calibration_accumulator_ref.scs,background_calibration_accumulator.va;tb_background_calibration_accumulator_ref.scs,background_calibration_accumulator.va;tb_background_calibration_accumulator_ref.scs,background_calibration_accumulator.va;tb_background_calibration_accumulator_ref.scs,yes,results/vabench-main-v1-main120-gold-evas-2026-05-08/vbm1_background_calibration_accumulator_e2e/staged,results/vabench-main-v1-main120-gold-spectre-jin-2026-05-08/vbm1_background_calibration_accumulator_e2e/staged,needs_source_task,prompt.md;meta.json;checks.yaml;gold/,vabench_task,vabench-main-v1,normal,clean,vbm1_background_calibration_accumulator_e2e,,true,true,false,missing_prompt_meta_checks_gold_review
vbm1_background_calibration_accumulator_tb,background_calibration_accumulator,tb,tb-generation,calibration,no,,vbm1_background_calibration_accumulator_bugfix:0.43,PASS,PASS,1.0,1.0,background_calibration_accumulator.va;tb_background_calibration_accumulator_ref.scs,background_calibration_accumulator.va;tb_background_calibration_accumulator_ref.scs,background_calibration_accumulator.va;tb_background_calibration_accumulator_ref.scs,background_calibration_accumulator.va;tb_background_calibration_accumulator_ref.scs,yes,results/vabench-main-v1-main120-gold-evas-2026-05-08/vbm1_background_calibration_accumulator_tb/staged,results/vabench-main-v1-main120-gold-spectre-jin-2026-05-08/vbm1_background_calibration_accumulator_tb/staged,needs_source_task,prompt.md;meta.json;checks.yaml;gold/,vabench_task,vabench-main-v1,normal,clean,vbm1_background_calibration_accumulator_tb,,true,true,false,missing_prompt_meta_checks_gold_review
vbm1_barrel_pointer_window_bugfix,barrel_pointer_window,bugfix,bugfix,calibration,yes,tasks/bugfix/voltage/calibration/vbm1_barrel_pointer_window_bugfix,,PASS,PASS,1.0,1.0,barrel_pointer_window.va;tb_barrel_pointer_window_ref.scs,barrel_pointer_window.va;tb_barrel_pointer_window_ref.scs,barrel_pointer_window.va;tb_barrel_pointer_window_ref.scs,barrel_pointer_window.va;tb_barrel_pointer_window_ref.scs,yes,results/vabench-main-v1-main120-gold-evas-2026-05-08/vbm1_barrel_pointer_window_bugfix/staged,results/vabench-main-v1-main120-gold-spectre-jin-2026-05-08/vbm1_barrel_pointer_window_bugfix/staged,has_exact_task_id,,vabench_task,vabench-main-v1,true-bugfix,reconstructed_badcase,vbm1_barrel_pointer_window_bugfix,reconstructed,true,true,true,
vbm1_barrel_pointer_window_dut,barrel_pointer_window,dut,spec-to-va,calibration,yes,tasks/spec-to-va/voltage/calibration/vbm1_barrel_pointer_window_dut,,PASS,PASS,1.0,1.0,barrel_pointer_window.va;tb_barrel_pointer_window_ref.scs,barrel_pointer_window.va;tb_barrel_pointer_window_ref.scs,barrel_pointer_window.va;tb_barrel_pointer_window_ref.scs,barrel_pointer_window.va;tb_barrel_pointer_window_ref.scs,yes,results/vabench-main-v1-main120-gold-evas-2026-05-08/vbm1_barrel_pointer_window_dut/staged,results/vabench-main-v1-main120-gold-spectre-jin-2026-05-08/vbm1_barrel_pointer_window_dut/staged,has_exact_task_id,,vabench_task,vabench-main-v1,normal,clean,vbm1_barrel_pointer_window_dut,,true,true,false,
vbm1_barrel_pointer_window_e2e,barrel_pointer_window,e2e,end-to-end,calibration,yes,tasks/end-to-end/voltage/calibration/vbm1_barrel_pointer_window_e2e,,PASS,PASS,1.0,1.0,barrel_pointer_window.va;tb_barrel_pointer_window_ref.scs,barrel_pointer_window.va;tb_barrel_pointer_window_ref.scs,barrel_pointer_window.va;tb_barrel_pointer_window_ref.scs,barrel_pointer_window.va;tb_barrel_pointer_window_ref.scs,yes,results/vabench-main-v1-main120-gold-evas-2026-05-08/vbm1_barrel_pointer_window_e2e/staged,results/vabench-main-v1-main120-gold-spectre-jin-2026-05-08/vbm1_barrel_pointer_window_e2e/staged,has_exact_task_id,,vabench_task,vabench-main-v1,normal,clean,vbm1_barrel_pointer_window_e2e,,true,true,false,
vbm1_barrel_pointer_window_tb,barrel_pointer_window,tb,tb-generation,calibration,yes,tasks/tb-generation/voltage/calibration/vbm1_barrel_pointer_window_tb,,PASS,PASS,1.0,1.0,barrel_pointer_window.va;tb_barrel_pointer_window_ref.scs,barrel_pointer_window.va;tb_barrel_pointer_window_ref.scs,barrel_pointer_window.va;tb_barrel_pointer_window_ref.scs,barrel_pointer_window.va;tb_barrel_pointer_window_ref.scs,yes,results/vabench-main-v1-main120-gold-evas-2026-05-08/vbm1_barrel_pointer_window_tb/staged,results/vabench-main-v1-main120-gold-spectre-jin-2026-05-08/vbm1_barrel_pointer_window_tb/staged,has_exact_task_id,,vabench_task,vabench-main-v1,normal,clean,vbm1_barrel_pointer_window_tb,,true,true,false,
vbm1_cdac_calibration_bugfix,cdac_calibration,bugfix,bugfix,dac,yes,tasks/bugfix/voltage/dac/vbm1_cdac_calibration_bugfix,,PASS,PASS,1.0,1.0,cdac_calibration.va;tb_cdac_calibration_ref.scs,cdac_calibration.va;tb_cdac_calibration_ref.scs,cdac_calibration.va;tb_cdac_calibration_ref.scs,cdac_calibration.va;tb_cdac_calibration_ref.scs,yes,results/vabench-main-v1-main120-gold-evas-2026-05-08/vbm1_cdac_calibration_bugfix/staged,results/vabench-main-v1-main120-gold-spectre-jin-2026-05-08/vbm1_cdac_calibration_bugfix/staged,has_exact_task_id,,vabench_task,vabench-main-v1,true-bugfix,reconstructed_badcase,vbm1_cdac_calibration_bugfix,reconstructed,true,true,true,
vbm1_cdac_calibration_dut,cdac_calibration,dut,spec-to-va,dac,no,,cdac_cal:0.40;vbm1_cdac_calibration_bugfix:0.29,PASS,PASS,1.0,1.0,cdac_calibration.va;tb_cdac_calibration_ref.scs,cdac_calibration.va;tb_cdac_calibration_ref.scs,cdac_calibration.va;tb_cdac_calibration_ref.scs,cdac_calibration.va;tb_cdac_calibration_ref.scs,yes,results/vabench-main-v1-main120-gold-evas-2026-05-08/vbm1_cdac_calibration_dut/staged,results/vabench-main-v1-main120-gold-spectre-jin-2026-05-08/vbm1_cdac_calibration_dut/staged,needs_source_task,prompt.md;meta.json;checks.yaml;gold/,vabench_task,vabench-main-v1,normal,clean,vbm1_cdac_calibration_dut,,true,true,false,missing_prompt_meta_checks_gold_review
vbm1_cdac_calibration_e2e,cdac_calibration,e2e,end-to-end,dac,no,,cdac_cal:0.40;vbm1_cdac_calibration_bugfix:0.29,PASS,PASS,1.0,1.0,cdac_calibration.va;tb_cdac_calibration_ref.scs,cdac_calibration.va;tb_cdac_calibration_ref.scs,cdac_calibration.va;tb_cdac_calibration_ref.scs,cdac_calibration.va;tb_cdac_calibration_ref.scs,yes,results/vabench-main-v1-main120-gold-evas-2026-05-08/vbm1_cdac_calibration_e2e/staged,results/vabench-main-v1-main120-gold-spectre-jin-2026-05-08/vbm1_cdac_calibration_e2e/staged,needs_source_task,prompt.md;meta.json;checks.yaml;gold/,vabench_task,vabench-main-v1,normal,clean,vbm1_cdac_calibration_e2e,,true,true,false,missing_prompt_meta_checks_gold_review
vbm1_cdac_calibration_tb,cdac_calibration,tb,tb-generation,dac,no,,cdac_cal:0.40;vbm1_cdac_calibration_bugfix:0.29,PASS,PASS,1.0,1.0,cdac_calibration.va;tb_cdac_calibration_ref.scs,cdac_calibration.va;tb_cdac_calibration_ref.scs,cdac_calibration.va;tb_cdac_calibration_ref.scs,cdac_calibration.va;tb_cdac_calibration_ref.scs,yes,results/vabench-main-v1-main120-gold-evas-2026-05-08/vbm1_cdac_calibration_tb/staged,results/vabench-main-v1-main120-gold-spectre-jin-2026-05-08/vbm1_cdac_calibration_tb/staged,needs_source_task,prompt.md;meta.json;checks.yaml;gold/,vabench_task,vabench-main-v1,normal,clean,vbm1_cdac_calibration_tb,,true,true,false,missing_prompt_meta_checks_gold_review
vbm1_debounce_latch_bugfix,debounce_latch,bugfix,bugfix,digital-logic,yes,tasks/bugfix/voltage/digital-logic/vbm1_debounce_latch_bugfix,,PASS,PASS,1.0,1.0,debounce_latch.va;tb_debounce_latch_ref.scs,debounce_latch.va;tb_debounce_latch_ref.scs,debounce_latch.va;tb_debounce_latch_ref.scs,debounce_latch.va;tb_debounce_latch_ref.scs,yes,results/vabench-main-v1-main120-gold-evas-2026-05-08/vbm1_debounce_latch_bugfix/staged,results/vabench-main-v1-main120-gold-spectre-jin-2026-05-08/vbm1_debounce_latch_bugfix/staged,has_exact_task_id,,vabench_task,vabench-main-v1,true-bugfix,reconstructed_badcase,vbm1_debounce_latch_bugfix,reconstructed,true,true,true,
vbm1_debounce_latch_dut,debounce_latch,dut,spec-to-va,digital-logic,no,,vbm1_debounce_latch_bugfix:0.25,PASS,PASS,1.0,1.0,debounce_latch.va;tb_debounce_latch_ref.scs,debounce_latch.va;tb_debounce_latch_ref.scs,debounce_latch.va;tb_debounce_latch_ref.scs,debounce_latch.va;tb_debounce_latch_ref.scs,yes,results/vabench-main-v1-main120-gold-evas-2026-05-08/vbm1_debounce_latch_dut/staged,results/vabench-main-v1-main120-gold-spectre-jin-2026-05-08/vbm1_debounce_latch_dut/staged,needs_source_task,prompt.md;meta.json;checks.yaml;gold/,vabench_task,vabench-main-v1,normal,clean,vbm1_debounce_latch_dut,,true,true,false,missing_prompt_meta_checks_gold_review
vbm1_debounce_latch_e2e,debounce_latch,e2e,end-to-end,digital-logic,no,,vbm1_debounce_latch_bugfix:0.25,PASS,PASS,1.0,1.0,debounce_latch.va;tb_debounce_latch_ref.scs,debounce_latch.va;tb_debounce_latch_ref.scs,debounce_latch.va;tb_debounce_latch_ref.scs,debounce_latch.va;tb_debounce_latch_ref.scs,yes,results/vabench-main-v1-main120-gold-evas-2026-05-08/vbm1_debounce_latch_e2e/staged,results/vabench-main-v1-main120-gold-spectre-jin-2026-05-08/vbm1_debounce_latch_e2e/staged,needs_source_task,prompt.md;meta.json;checks.yaml;gold/,vabench_task,vabench-main-v1,normal,clean,vbm1_debounce_latch_e2e,,true,true,false,missing_prompt_meta_checks_gold_review
vbm1_debounce_latch_tb,debounce_latch,tb,tb-generation,digital-logic,no,,vbm1_debounce_latch_bugfix:0.25,PASS,PASS,1.0,1.0,debounce_latch.va;tb_debounce_latch_ref.scs,debounce_latch.va;tb_debounce_latch_ref.scs,debounce_latch.va;tb_debounce_latch_ref.scs,debounce_latch.va;tb_debounce_latch_ref.scs,yes,results/vabench-main-v1-main120-gold-evas-2026-05-08/vbm1_debounce_latch_tb/staged,results/vabench-main-v1-main120-gold-spectre-jin-2026-05-08/vbm1_debounce_latch_tb/staged,needs_source_task,prompt.md;meta.json;checks.yaml;gold/,vabench_task,vabench-main-v1,normal,clean,vbm1_debounce_latch_tb,,true,true,false,missing_prompt_meta_checks_gold_review
vbm1_edge_detector_bugfix,edge_detector,bugfix,bugfix,digital-logic,yes,tasks/bugfix/voltage/digital-logic/vbm1_edge_detector_bugfix,,PASS,PASS,1.0,1.0,edge_detector.va;tb_edge_detector_ref.scs,edge_detector.va;tb_edge_detector_ref.scs,edge_detector.va;tb_edge_detector_ref.scs,edge_detector.va;tb_edge_detector_ref.scs,yes,results/vabench-main-v1-main120-gold-evas-2026-05-08/vbm1_edge_detector_bugfix/staged,results/vabench-main-v1-main120-gold-spectre-jin-2026-05-08/vbm1_edge_detector_bugfix/staged,has_exact_task_id,,vabench_task,vabench-main-v1,true-bugfix,reconstructed_badcase,vbm1_edge_detector_bugfix,reconstructed,true,true,true,
vbm1_edge_detector_dut,edge_detector,dut,spec-to-va,digital-logic,yes,tasks/spec-to-va/voltage/digital-logic/vbm1_edge_detector_dut,,PASS,PASS,1.0,1.0,edge_detector.va;tb_edge_detector_ref.scs,edge_detector.va;tb_edge_detector_ref.scs,edge_detector.va;tb_edge_detector_ref.scs,edge_detector.va;tb_edge_detector_ref.scs,yes,results/vabench-main-v1-main120-gold-evas-2026-05-08/vbm1_edge_detector_dut/staged,results/vabench-main-v1-main120-gold-spectre-jin-2026-05-08/vbm1_edge_detector_dut/staged,has_exact_task_id,,vabench_task,vabench-main-v1,normal,clean,vbm1_edge_detector_dut,,true,true,false,
vbm1_edge_detector_e2e,edge_detector,e2e,end-to-end,digital-logic,yes,tasks/end-to-end/voltage/digital-logic/vbm1_edge_detector_e2e,,PASS,PASS,1.0,1.0,edge_detector.va;tb_edge_detector_ref.scs,edge_detector.va;tb_edge_detector_ref.scs,edge_detector.va;tb_edge_detector_ref.scs,edge_detector.va;tb_edge_detector_ref.scs,yes,results/vabench-main-v1-main120-gold-evas-2026-05-08/vbm1_edge_detector_e2e/staged,results/vabench-main-v1-main120-gold-spectre-jin-2026-05-08/vbm1_edge_detector_e2e/staged,has_exact_task_id,,vabench_task,vabench-main-v1,normal,clean,vbm1_edge_detector_e2e,,true,true,false,
vbm1_edge_detector_tb,edge_detector,tb,tb-generation,digital-logic,yes,tasks/tb-generation/voltage/digital-logic/vbm1_edge_detector_tb,,PASS,PASS,1.0,1.0,edge_detector.va;tb_edge_detector_ref.scs,edge_detector.va;tb_edge_detector_ref.scs,edge_detector.va;tb_edge_detector_ref.scs,edge_detector.va;tb_edge_detector_ref.scs,yes,results/vabench-main-v1-main120-gold-evas-2026-05-08/vbm1_edge_detector_tb/staged,results/vabench-main-v1-main120-gold-spectre-jin-2026-05-08/vbm1_edge_detector_tb/staged,has_exact_task_id,,vabench_task,vabench-main-v1,normal,clean,vbm1_edge_detector_tb,,true,true,false,
vbm1_element_shuffler_bugfix,element_shuffler,bugfix,bugfix,calibration,yes,tasks/bugfix/voltage/calibration/vbm1_element_shuffler_bugfix,,PASS,PASS,1.0,1.0,element_shuffler.va;tb_element_shuffler_ref.scs,element_shuffler.va;tb_element_shuffler_ref.scs,element_shuffler.va;tb_element_shuffler_ref.scs,element_shuffler.va;tb_element_shuffler_ref.scs,yes,results/vabench-main-v1-main120-gold-evas-2026-05-08/vbm1_element_shuffler_bugfix/staged,results/vabench-main-v1-main120-gold-spectre-jin-2026-05-08/vbm1_element_shuffler_bugfix/staged,has_exact_task_id,,vabench_task,vabench-main-v1,true-bugfix,reconstructed_badcase,vbm1_element_shuffler_bugfix,reconstructed,true,true,true,
vbm1_element_shuffler_dut,element_shuffler,dut,spec-to-va,calibration,yes,tasks/spec-to-va/voltage/calibration/vbm1_element_shuffler_dut,,PASS,PASS,1.0,1.0,element_shuffler.va;tb_element_shuffler_ref.scs,element_shuffler.va;tb_element_shuffler_ref.scs,element_shuffler.va;tb_element_shuffler_ref.scs,element_shuffler.va;tb_element_shuffler_ref.scs,yes,results/vabench-main-v1-main120-gold-evas-2026-05-08/vbm1_element_shuffler_dut/staged,results/vabench-main-v1-main120-gold-spectre-jin-2026-05-08/vbm1_element_shuffler_dut/staged,has_exact_task_id,,vabench_task,vabench-main-v1,normal,clean,vbm1_element_shuffler_dut,,true,true,false,
vbm1_element_shuffler_e2e,element_shuffler,e2e,end-to-end,calibration,yes,tasks/end-to-end/voltage/calibration/vbm1_element_shuffler_e2e,,PASS,PASS,1.0,1.0,element_shuffler.va;tb_element_shuffler_ref.scs,element_shuffler.va;tb_element_shuffler_ref.scs,element_shuffler.va;tb_element_shuffler_ref.scs,element_shuffler.va;tb_element_shuffler_ref.scs,yes,results/vabench-main-v1-main120-gold-evas-2026-05-08/vbm1_element_shuffler_e2e/staged,results/vabench-main-v1-main120-gold-spectre-jin-2026-05-08/vbm1_element_shuffler_e2e/staged,has_exact_task_id,,vabench_task,vabench-main-v1,normal,clean,vbm1_element_shuffler_e2e,,true,true,false,
vbm1_element_shuffler_tb,element_shuffler,tb,tb-generation,calibration,yes,tasks/tb-generation/voltage/calibration/vbm1_element_shuffler_tb,,PASS,PASS,1.0,1.0,element_shuffler.va;tb_element_shuffler_ref.scs,element_shuffler.va;tb_element_shuffler_ref.scs,element_shuffler.va;tb_element_shuffler_ref.scs,element_shuffler.va;tb_element_shuffler_ref.scs,yes,results/vabench-main-v1-main120-gold-evas-2026-05-08/vbm1_element_shuffler_tb/staged,results/vabench-main-v1-main120-gold-spectre-jin-2026-05-08/vbm1_element_shuffler_tb/staged,has_exact_task_id,,vabench_task,vabench-main-v1,normal,clean,vbm1_element_shuffler_tb,,true,true,false,
vbm1_file_metric_writer_bugfix,file_metric_writer,bugfix,bugfix,measurement,no,,,PASS,PASS,1.0,1.0,file_metric_writer.va;metric.out;tb_file_metric_writer_ref.scs,file_metric_writer.va;tb_file_metric_writer_ref.scs,file_metric_writer.va;tb_file_metric_writer_ref.scs,file_metric_writer.va;tb_file_metric_writer_ref.scs,yes,results/vabench-main-v1-main120-gold-evas-2026-05-08/vbm1_file_metric_writer_bugfix/staged,results/vabench-main-v1-main120-gold-spectre-jin-2026-05-08/vbm1_file_metric_writer_bugfix/staged,needs_source_task,prompt.md;meta.json;checks.yaml;gold/,vabench_task,vabench-main-v1,evidence-only,historical_bugfix_fixed_only,vbm1_file_metric_writer_bugfix,,false,false,false,missing_buggy_fixed_pair;needs_D004_review;missing_prompt_meta_checks_gold_review
vbm1_file_metric_writer_dut,file_metric_writer,dut,spec-to-va,measurement,no,,,PASS,PASS,1.0,1.0,file_metric_writer.va;metric.out;tb_file_metric_writer_ref.scs,file_metric_writer.va;tb_file_metric_writer_ref.scs,file_metric_writer.va;tb_file_metric_writer_ref.scs,file_metric_writer.va;tb_file_metric_writer_ref.scs,yes,results/vabench-main-v1-main120-gold-evas-2026-05-08/vbm1_file_metric_writer_dut/staged,results/vabench-main-v1-main120-gold-spectre-jin-2026-05-08/vbm1_file_metric_writer_dut/staged,needs_source_task,prompt.md;meta.json;checks.yaml;gold/,vabench_task,vabench-main-v1,normal,clean,vbm1_file_metric_writer_dut,,true,true,false,missing_prompt_meta_checks_gold_review
vbm1_file_metric_writer_e2e,file_metric_writer,e2e,end-to-end,measurement,no,,,PASS,PASS,1.0,1.0,file_metric_writer.va;metric.out;tb_file_metric_writer_ref.scs,file_metric_writer.va;tb_file_metric_writer_ref.scs,file_metric_writer.va;tb_file_metric_writer_ref.scs,file_metric_writer.va;tb_file_metric_writer_ref.scs,yes,results/vabench-main-v1-main120-gold-evas-2026-05-08/vbm1_file_metric_writer_e2e/staged,results/vabench-main-v1-main120-gold-spectre-jin-2026-05-08/vbm1_file_metric_writer_e2e/staged,needs_source_task,prompt.md;meta.json;checks.yaml;gold/,vabench_task,vabench-main-v1,normal,clean,vbm1_file_metric_writer_e2e,,true,true,false,missing_prompt_meta_checks_gold_review
vbm1_file_metric_writer_tb,file_metric_writer,tb,tb-generation,measurement,no,,,PASS,PASS,1.0,1.0,file_metric_writer.va;metric.out;tb_file_metric_writer_ref.scs,file_metric_writer.va;tb_file_metric_writer_ref.scs,file_metric_writer.va;tb_file_metric_writer_ref.scs,file_metric_writer.va;tb_file_metric_writer_ref.scs,yes,results/vabench-main-v1-main120-gold-evas-2026-05-08/vbm1_file_metric_writer_tb/staged,results/vabench-main-v1-main120-gold-spectre-jin-2026-05-08/vbm1_file_metric_writer_tb/staged,needs_source_task,prompt.md;meta.json;checks.yaml;gold/,vabench_task,vabench-main-v1,normal,clean,vbm1_file_metric_writer_tb,,true,true,false,missing_prompt_meta_checks_gold_review
vbm1_first_order_lowpass_bugfix,first_order_lowpass,bugfix,bugfix,amplifier-filter,no,,,PASS,PASS,1.0,1.0,first_order_lowpass.va;tb_first_order_lowpass_ref.scs,first_order_lowpass.va;tb_first_order_lowpass_ref.scs,first_order_lowpass.va;tb_first_order_lowpass_ref.scs,first_order_lowpass.va;tb_first_order_lowpass_ref.scs,yes,results/vabench-main-v1-main120-gold-evas-2026-05-08/vbm1_first_order_lowpass_bugfix/staged,results/vabench-main-v1-main120-gold-spectre-jin-2026-05-08/vbm1_first_order_lowpass_bugfix/staged,needs_source_task,prompt.md;meta.json;checks.yaml;gold/,vabench_task,vabench-main-v1,evidence-only,historical_bugfix_fixed_only,vbm1_first_order_lowpass_bugfix,,false,false,false,missing_buggy_fixed_pair;needs_D004_review;missing_prompt_meta_checks_gold_review
vbm1_first_order_lowpass_dut,first_order_lowpass,dut,spec-to-va,amplifier-filter,no,,,PASS,PASS,1.0,1.0,first_order_lowpass.va;tb_first_order_lowpass_ref.scs,first_order_lowpass.va;tb_first_order_lowpass_ref.scs,first_order_lowpass.va;tb_first_order_lowpass_ref.scs,first_order_lowpass.va;tb_first_order_lowpass_ref.scs,yes,results/vabench-main-v1-main120-gold-evas-2026-05-08/vbm1_first_order_lowpass_dut/staged,results/vabench-main-v1-main120-gold-spectre-jin-2026-05-08/vbm1_first_order_lowpass_dut/staged,needs_source_task,prompt.md;meta.json;checks.yaml;gold/,vabench_task,vabench-main-v1,normal,clean,vbm1_first_order_lowpass_dut,,true,true,false,missing_prompt_meta_checks_gold_review
vbm1_first_order_lowpass_e2e,first_order_lowpass,e2e,end-to-end,amplifier-filter,no,,,PASS,PASS,1.0,1.0,first_order_lowpass.va;tb_first_order_lowpass_ref.scs,first_order_lowpass.va;tb_first_order_lowpass_ref.scs,first_order_lowpass.va;tb_first_order_lowpass_ref.scs,first_order_lowpass.va;tb_first_order_lowpass_ref.scs,yes,results/vabench-main-v1-main120-gold-evas-2026-05-08/vbm1_first_order_lowpass_e2e/staged,results/vabench-main-v1-main120-gold-spectre-jin-2026-05-08/vbm1_first_order_lowpass_e2e/staged,needs_source_task,prompt.md;meta.json;checks.yaml;gold/,vabench_task,vabench-main-v1,normal,clean,vbm1_first_order_lowpass_e2e,,true,true,false,missing_prompt_meta_checks_gold_review
vbm1_first_order_lowpass_tb,first_order_lowpass,tb,tb-generation,amplifier-filter,no,,,PASS,PASS,1.0,1.0,first_order_lowpass.va;tb_first_order_lowpass_ref.scs,first_order_lowpass.va;tb_first_order_lowpass_ref.scs,first_order_lowpass.va;tb_first_order_lowpass_ref.scs,first_order_lowpass.va;tb_first_order_lowpass_ref.scs,yes,results/vabench-main-v1-main120-gold-evas-2026-05-08/vbm1_first_order_lowpass_tb/staged,results/vabench-main-v1-main120-gold-spectre-jin-2026-05-08/vbm1_first_order_lowpass_tb/staged,needs_source_task,prompt.md;meta.json;checks.yaml;gold/,vabench_task,vabench-main-v1,normal,clean,vbm1_first_order_lowpass_tb,,true,true,false,missing_prompt_meta_checks_gold_review
vbm1_gain_trim_controller_bugfix,gain_trim_controller,bugfix,bugfix,uncategorized,no,,,PASS,PASS,1.0,1.0,gain_trim_controller.va;tb_gain_trim_controller_ref.scs,gain_trim_controller.va;tb_gain_trim_controller_ref.scs,gain_trim_controller.va;tb_gain_trim_controller_ref.scs,gain_trim_controller.va;tb_gain_trim_controller_ref.scs,yes,results/vabench-main-v1-main120-gold-evas-2026-05-08/vbm1_gain_trim_controller_bugfix/staged,results/vabench-main-v1-main120-gold-spectre-jin-2026-05-08/vbm1_gain_trim_controller_bugfix/staged,needs_source_task,prompt.md;meta.json;checks.yaml;gold/,vabench_task,vabench-main-v1,evidence-only,historical_bugfix_fixed_only,vbm1_gain_trim_controller_bugfix,,false,false,false,missing_buggy_fixed_pair;needs_D004_review;missing_prompt_meta_checks_gold_review
vbm1_gain_trim_controller_dut,gain_trim_controller,dut,spec-to-va,uncategorized,no,,,PASS,PASS,1.0,1.0,gain_trim_controller.va;tb_gain_trim_controller_ref.scs,gain_trim_controller.va;tb_gain_trim_controller_ref.scs,gain_trim_controller.va;tb_gain_trim_controller_ref.scs,gain_trim_controller.va;tb_gain_trim_controller_ref.scs,yes,results/vabench-main-v1-main120-gold-evas-2026-05-08/vbm1_gain_trim_controller_dut/staged,results/vabench-main-v1-main120-gold-spectre-jin-2026-05-08/vbm1_gain_trim_controller_dut/staged,needs_source_task,prompt.md;meta.json;checks.yaml;gold/,vabench_task,vabench-main-v1,normal,clean,vbm1_gain_trim_controller_dut,,true,true,false,missing_prompt_meta_checks_gold_review
vbm1_gain_trim_controller_e2e,gain_trim_controller,e2e,end-to-end,uncategorized,no,,,PASS,PASS,1.0,1.0,gain_trim_controller.va;tb_gain_trim_controller_ref.scs,gain_trim_controller.va;tb_gain_trim_controller_ref.scs,gain_trim_controller.va;tb_gain_trim_controller_ref.scs,gain_trim_controller.va;tb_gain_trim_controller_ref.scs,yes,results/vabench-main-v1-main120-gold-evas-2026-05-08/vbm1_gain_trim_controller_e2e/staged,results/vabench-main-v1-main120-gold-spectre-jin-2026-05-08/vbm1_gain_trim_controller_e2e/staged,needs_source_task,prompt.md;meta.json;checks.yaml;gold/,vabench_task,vabench-main-v1,normal,clean,vbm1_gain_trim_controller_e2e,,true,true,false,missing_prompt_meta_checks_gold_review
vbm1_gain_trim_controller_tb,gain_trim_controller,tb,tb-generation,uncategorized,no,,,PASS,PASS,1.0,1.0,gain_trim_controller.va;tb_gain_trim_controller_ref.scs,gain_trim_controller.va;tb_gain_trim_controller_ref.scs,gain_trim_controller.va;tb_gain_trim_controller_ref.scs,gain_trim_controller.va;tb_gain_trim_controller_ref.scs,yes,results/vabench-main-v1-main120-gold-evas-2026-05-08/vbm1_gain_trim_controller_tb/staged,results/vabench-main-v1-main120-gold-spectre-jin-2026-05-08/vbm1_gain_trim_controller_tb/staged,needs_source_task,prompt.md;meta.json;checks.yaml;gold/,vabench_task,vabench-main-v1,normal,clean,vbm1_gain_trim_controller_tb,,true,true,false,missing_prompt_meta_checks_gold_review
vbm1_leaky_hold_bugfix,leaky_hold,bugfix,bugfix,sample-hold,yes,tasks/bugfix/voltage/sample-hold/vbm1_leaky_hold_bugfix,,PASS,PASS,1.0,1.0,leaky_hold.va;tb_leaky_hold_ref.scs,leaky_hold.va;tb_leaky_hold_ref.scs,leaky_hold.va;tb_leaky_hold_ref.scs,leaky_hold.va;tb_leaky_hold_ref.scs,yes,results/vabench-main-v1-main120-gold-evas-2026-05-08/vbm1_leaky_hold_bugfix/staged,results/vabench-main-v1-main120-gold-spectre-jin-2026-05-08/vbm1_leaky_hold_bugfix/staged,has_exact_task_id,,vabench_task,vabench-main-v1,true-bugfix,reconstructed_badcase,vbm1_leaky_hold_bugfix,reconstructed,true,true,true,
vbm1_leaky_hold_dut,leaky_hold,dut,spec-to-va,sample-hold,no,,sample_hold_smoke:0.33;vbm1_leaky_hold_bugfix:0.29,PASS,PASS,1.0,1.0,leaky_hold.va;tb_leaky_hold_ref.scs,leaky_hold.va;tb_leaky_hold_ref.scs,leaky_hold.va;tb_leaky_hold_ref.scs,leaky_hold.va;tb_leaky_hold_ref.scs,yes,results/vabench-main-v1-main120-gold-evas-2026-05-08/vbm1_leaky_hold_dut/staged,results/vabench-main-v1-main120-gold-spectre-jin-2026-05-08/vbm1_leaky_hold_dut/staged,needs_source_task,prompt.md;meta.json;checks.yaml;gold/,vabench_task,vabench-main-v1,normal,clean,vbm1_leaky_hold_dut,,true,true,false,missing_prompt_meta_checks_gold_review
vbm1_leaky_hold_e2e,leaky_hold,e2e,end-to-end,sample-hold,no,,sample_hold_smoke:0.33;vbm1_leaky_hold_bugfix:0.29,PASS,PASS,1.0,1.0,leaky_hold.va;tb_leaky_hold_ref.scs,leaky_hold.va;tb_leaky_hold_ref.scs,leaky_hold.va;tb_leaky_hold_ref.scs,leaky_hold.va;tb_leaky_hold_ref.scs,yes,results/vabench-main-v1-main120-gold-evas-2026-05-08/vbm1_leaky_hold_e2e/staged,results/vabench-main-v1-main120-gold-spectre-jin-2026-05-08/vbm1_leaky_hold_e2e/staged,needs_source_task,prompt.md;meta.json;checks.yaml;gold/,vabench_task,vabench-main-v1,normal,clean,vbm1_leaky_hold_e2e,,true,true,false,missing_prompt_meta_checks_gold_review
vbm1_leaky_hold_tb,leaky_hold,tb,tb-generation,sample-hold,no,,sample_hold_smoke:0.33;vbm1_leaky_hold_bugfix:0.29,PASS,PASS,1.0,1.0,leaky_hold.va;tb_leaky_hold_ref.scs,leaky_hold.va;tb_leaky_hold_ref.scs,leaky_hold.va;tb_leaky_hold_ref.scs,leaky_hold.va;tb_leaky_hold_ref.scs,yes,results/vabench-main-v1-main120-gold-evas-2026-05-08/vbm1_leaky_hold_tb/staged,results/vabench-main-v1-main120-gold-spectre-jin-2026-05-08/vbm1_leaky_hold_tb/staged,needs_source_task,prompt.md;meta.json;checks.yaml;gold/,vabench_task,vabench-main-v1,normal,clean,vbm1_leaky_hold_tb,,true,true,false,missing_prompt_meta_checks_gold_review
vbm1_lock_detector_bugfix,lock_detector,bugfix,bugfix,pll-clock,no,,,PASS,PASS,1.0,1.0,lock_detector.va;tb_lock_detector_ref.scs,lock_detector.va;tb_lock_detector_ref.scs,lock_detector.va;tb_lock_detector_ref.scs,lock_detector.va;tb_lock_detector_ref.scs,yes,results/vabench-main-v1-main120-gold-evas-2026-05-08/vbm1_lock_detector_bugfix/staged,results/vabench-main-v1-main120-gold-spectre-jin-2026-05-08/vbm1_lock_detector_bugfix/staged,needs_source_task,prompt.md;meta.json;checks.yaml;gold/,vabench_task,vabench-main-v1,evidence-only,historical_bugfix_fixed_only,vbm1_lock_detector_bugfix,,false,false,false,missing_buggy_fixed_pair;needs_D004_review;missing_prompt_meta_checks_gold_review
vbm1_lock_detector_dut,lock_detector,dut,spec-to-va,pll-clock,no,,,PASS,PASS,1.0,1.0,lock_detector.va;tb_lock_detector_ref.scs,lock_detector.va;tb_lock_detector_ref.scs,lock_detector.va;tb_lock_detector_ref.scs,lock_detector.va;tb_lock_detector_ref.scs,yes,results/vabench-main-v1-main120-gold-evas-2026-05-08/vbm1_lock_detector_dut/staged,results/vabench-main-v1-main120-gold-spectre-jin-2026-05-08/vbm1_lock_detector_dut/staged,needs_source_task,prompt.md;meta.json;checks.yaml;gold/,vabench_task,vabench-main-v1,normal,clean,vbm1_lock_detector_dut,,true,true,false,missing_prompt_meta_checks_gold_review
vbm1_lock_detector_e2e,lock_detector,e2e,end-to-end,pll-clock,no,,,PASS,PASS,1.0,1.0,lock_detector.va;tb_lock_detector_ref.scs,lock_detector.va;tb_lock_detector_ref.scs,lock_detector.va;tb_lock_detector_ref.scs,lock_detector.va;tb_lock_detector_ref.scs,yes,results/vabench-main-v1-main120-gold-evas-2026-05-08/vbm1_lock_detector_e2e/staged,results/vabench-main-v1-main120-gold-spectre-jin-2026-05-08/vbm1_lock_detector_e2e/staged,needs_source_task,prompt.md;meta.json;checks.yaml;gold/,vabench_task,vabench-main-v1,normal,clean,vbm1_lock_detector_e2e,,true,true,false,missing_prompt_meta_checks_gold_review
vbm1_lock_detector_tb,lock_detector,tb,tb-generation,pll-clock,no,,,PASS,PASS,1.0,1.0,lock_detector.va;tb_lock_detector_ref.scs,lock_detector.va;tb_lock_detector_ref.scs,lock_detector.va;tb_lock_detector_ref.scs,lock_detector.va;tb_lock_detector_ref.scs,yes,results/vabench-main-v1-main120-gold-evas-2026-05-08/vbm1_lock_detector_tb/staged,results/vabench-main-v1-main120-gold-spectre-jin-2026-05-08/vbm1_lock_detector_tb/staged,needs_source_task,prompt.md;meta.json;checks.yaml;gold/,vabench_task,vabench-main-v1,normal,clean,vbm1_lock_detector_tb,,true,true,false,missing_prompt_meta_checks_gold_review
vbm1_offset_calibration_fsm_bugfix,offset_calibration_fsm,bugfix,bugfix,calibration,no,,,PASS,PASS,1.0,1.0,offset_calibration_fsm.va;tb_offset_calibration_fsm_ref.scs,offset_calibration_fsm.va;tb_offset_calibration_fsm_ref.scs,offset_calibration_fsm.va;tb_offset_calibration_fsm_ref.scs,offset_calibration_fsm.va;tb_offset_calibration_fsm_ref.scs,yes,results/vabench-main-v1-main120-gold-evas-2026-05-08/vbm1_offset_calibration_fsm_bugfix/staged,results/vabench-main-v1-main120-gold-spectre-jin-2026-05-08/vbm1_offset_calibration_fsm_bugfix/staged,needs_source_task,prompt.md;meta.json;checks.yaml;gold/,vabench_task,vabench-main-v1,evidence-only,historical_bugfix_fixed_only,vbm1_offset_calibration_fsm_bugfix,,false,false,false,missing_buggy_fixed_pair;needs_D004_review;missing_prompt_meta_checks_gold_review
vbm1_offset_calibration_fsm_dut,offset_calibration_fsm,dut,spec-to-va,calibration,no,,,PASS,PASS,1.0,1.0,offset_calibration_fsm.va;tb_offset_calibration_fsm_ref.scs,offset_calibration_fsm.va;tb_offset_calibration_fsm_ref.scs,offset_calibration_fsm.va;tb_offset_calibration_fsm_ref.scs,offset_calibration_fsm.va;tb_offset_calibration_fsm_ref.scs,yes,results/vabench-main-v1-main120-gold-evas-2026-05-08/vbm1_offset_calibration_fsm_dut/staged,results/vabench-main-v1-main120-gold-spectre-jin-2026-05-08/vbm1_offset_calibration_fsm_dut/staged,needs_source_task,prompt.md;meta.json;checks.yaml;gold/,vabench_task,vabench-main-v1,normal,clean,vbm1_offset_calibration_fsm_dut,,true,true,false,missing_prompt_meta_checks_gold_review
vbm1_offset_calibration_fsm_e2e,offset_calibration_fsm,e2e,end-to-end,calibration,no,,,PASS,PASS,1.0,1.0,offset_calibration_fsm.va;tb_offset_calibration_fsm_ref.scs,offset_calibration_fsm.va;tb_offset_calibration_fsm_ref.scs,offset_calibration_fsm.va;tb_offset_calibration_fsm_ref.scs,offset_calibration_fsm.va;tb_offset_calibration_fsm_ref.scs,yes,results/vabench-main-v1-main120-gold-evas-2026-05-08/vbm1_offset_calibration_fsm_e2e/staged,results/vabench-main-v1-main120-gold-spectre-jin-2026-05-08/vbm1_offset_calibration_fsm_e2e/staged,needs_source_task,prompt.md;meta.json;checks.yaml;gold/,vabench_task,vabench-main-v1,normal,clean,vbm1_offset_calibration_fsm_e2e,,true,true,false,missing_prompt_meta_checks_gold_review
vbm1_offset_calibration_fsm_tb,offset_calibration_fsm,tb,tb-generation,calibration,no,,,PASS,PASS,1.0,1.0,offset_calibration_fsm.va;tb_offset_calibration_fsm_ref.scs,offset_calibration_fsm.va;tb_offset_calibration_fsm_ref.scs,offset_calibration_fsm.va;tb_offset_calibration_fsm_ref.scs,offset_calibration_fsm.va;tb_offset_calibration_fsm_ref.scs,yes,results/vabench-main-v1-main120-gold-evas-2026-05-08/vbm1_offset_calibration_fsm_tb/staged,results/vabench-main-v1-main120-gold-spectre-jin-2026-05-08/vbm1_offset_calibration_fsm_tb/staged,needs_source_task,prompt.md;meta.json;checks.yaml;gold/,vabench_task,vabench-main-v1,normal,clean,vbm1_offset_calibration_fsm_tb,,true,true,false,missing_prompt_meta_checks_gold_review
vbm1_offset_comparator_bugfix,offset_comparator,bugfix,bugfix,comparator,no,,comparator_offset_tb:0.67;comparator_offset_search_smoke:0.29,PASS,PASS,1.0,1.0,cmp_offset_ref.va;tb_comparator_offset_ref.scs,cmp_offset_ref.va;tb_comparator_offset_ref.scs,cmp_offset_ref.va;tb_comparator_offset_ref.scs,cmp_offset_ref.va;tb_comparator_offset_ref.scs,yes,results/vabench-main-v1-main120-gold-evas-2026-05-08/vbm1_offset_comparator_bugfix/staged,results/vabench-main-v1-main120-gold-spectre-jin-2026-05-08/vbm1_offset_comparator_bugfix/staged,needs_source_task,prompt.md;meta.json;checks.yaml;gold/,vabench_task,vabench-main-v1,evidence-only,historical_bugfix_fixed_only,vbm1_offset_comparator_bugfix,,false,false,false,missing_buggy_fixed_pair;needs_D004_review;missing_prompt_meta_checks_gold_review
vbm1_offset_comparator_dut,offset_comparator,dut,spec-to-va,comparator,no,,comparator_offset_tb:0.67;comparator_offset_search_smoke:0.29,PASS,PASS,1.0,1.0,cmp_offset_ref.va;tb_comparator_offset_ref.scs,cmp_offset_ref.va;tb_comparator_offset_ref.scs,cmp_offset_ref.va;tb_comparator_offset_ref.scs,cmp_offset_ref.va;tb_comparator_offset_ref.scs,yes,results/vabench-main-v1-main120-gold-evas-2026-05-08/vbm1_offset_comparator_dut/staged,results/vabench-main-v1-main120-gold-spectre-jin-2026-05-08/vbm1_offset_comparator_dut/staged,needs_source_task,prompt.md;meta.json;checks.yaml;gold/,vabench_task,vabench-main-v1,normal,clean,vbm1_offset_comparator_dut,,true,true,false,missing_prompt_meta_checks_gold_review
vbm1_offset_comparator_e2e,offset_comparator,e2e,end-to-end,comparator,no,,comparator_offset_tb:0.67;comparator_offset_search_smoke:0.29,PASS,PASS,1.0,1.0,cmp_offset_ref.va;tb_comparator_offset_ref.scs,cmp_offset_ref.va;tb_comparator_offset_ref.scs,cmp_offset_ref.va;tb_comparator_offset_ref.scs,cmp_offset_ref.va;tb_comparator_offset_ref.scs,yes,results/vabench-main-v1-main120-gold-evas-2026-05-08/vbm1_offset_comparator_e2e/staged,results/vabench-main-v1-main120-gold-spectre-jin-2026-05-08/vbm1_offset_comparator_e2e/staged,needs_source_task,prompt.md;meta.json;checks.yaml;gold/,vabench_task,vabench-main-v1,normal,clean,vbm1_offset_comparator_e2e,,true,true,false,missing_prompt_meta_checks_gold_review
vbm1_offset_comparator_tb,offset_comparator,tb,tb-generation,comparator,no,,comparator_offset_tb:0.67;comparator_offset_search_smoke:0.29,PASS,PASS,1.0,1.0,cmp_offset_ref.va;tb_comparator_offset_ref.scs,cmp_offset_ref.va;tb_comparator_offset_ref.scs,cmp_offset_ref.va;tb_comparator_offset_ref.scs,cmp_offset_ref.va;tb_comparator_offset_ref.scs,yes,results/vabench-main-v1-main120-gold-evas-2026-05-08/vbm1_offset_comparator_tb/staged,results/vabench-main-v1-main120-gold-spectre-jin-2026-05-08/vbm1_offset_comparator_tb/staged,needs_source_task,prompt.md;meta.json;checks.yaml;gold/,vabench_task,vabench-main-v1,normal,clean,vbm1_offset_comparator_tb,,true,true,false,missing_prompt_meta_checks_gold_review
vbm1_one_shot_timer_bugfix,one_shot_timer,bugfix,bugfix,analog-events,yes,tasks/bugfix/voltage/analog-events/vbm1_one_shot_timer_bugfix,,PASS,PASS,1.0,1.0,one_shot_timer.va;tb_one_shot_timer_ref.scs,one_shot_timer.va;tb_one_shot_timer_ref.scs,one_shot_timer.va;tb_one_shot_timer_ref.scs,one_shot_timer.va;tb_one_shot_timer_ref.scs,yes,results/vabench-main-v1-main120-gold-evas-2026-05-08/vbm1_one_shot_timer_bugfix/staged,results/vabench-main-v1-main120-gold-spectre-jin-2026-05-08/vbm1_one_shot_timer_bugfix/staged,has_exact_task_id,,vabench_task,vabench-main-v1,true-bugfix,reconstructed_badcase,vbm1_one_shot_timer_bugfix,reconstructed,true,true,true,
vbm1_one_shot_timer_dut,one_shot_timer,dut,spec-to-va,analog-events,no,,vbm1_one_shot_timer_bugfix:0.33,PASS,PASS,1.0,1.0,one_shot_timer.va;tb_one_shot_timer_ref.scs,one_shot_timer.va;tb_one_shot_timer_ref.scs,one_shot_timer.va;tb_one_shot_timer_ref.scs,one_shot_timer.va;tb_one_shot_timer_ref.scs,yes,results/vabench-main-v1-main120-gold-evas-2026-05-08/vbm1_one_shot_timer_dut/staged,results/vabench-main-v1-main120-gold-spectre-jin-2026-05-08/vbm1_one_shot_timer_dut/staged,needs_source_task,prompt.md;meta.json;checks.yaml;gold/,vabench_task,vabench-main-v1,normal,clean,vbm1_one_shot_timer_dut,,true,true,false,missing_prompt_meta_checks_gold_review
vbm1_one_shot_timer_e2e,one_shot_timer,e2e,end-to-end,analog-events,no,,vbm1_one_shot_timer_bugfix:0.33,PASS,PASS,1.0,1.0,one_shot_timer.va;tb_one_shot_timer_ref.scs,one_shot_timer.va;tb_one_shot_timer_ref.scs,one_shot_timer.va;tb_one_shot_timer_ref.scs,one_shot_timer.va;tb_one_shot_timer_ref.scs,yes,results/vabench-main-v1-main120-gold-evas-2026-05-08/vbm1_one_shot_timer_e2e/staged,results/vabench-main-v1-main120-gold-spectre-jin-2026-05-08/vbm1_one_shot_timer_e2e/staged,needs_source_task,prompt.md;meta.json;checks.yaml;gold/,vabench_task,vabench-main-v1,normal,clean,vbm1_one_shot_timer_e2e,,true,true,false,missing_prompt_meta_checks_gold_review
vbm1_one_shot_timer_tb,one_shot_timer,tb,tb-generation,analog-events,no,,vbm1_one_shot_timer_bugfix:0.33,PASS,PASS,1.0,1.0,one_shot_timer.va;tb_one_shot_timer_ref.scs,one_shot_timer.va;tb_one_shot_timer_ref.scs,one_shot_timer.va;tb_one_shot_timer_ref.scs,one_shot_timer.va;tb_one_shot_timer_ref.scs,yes,results/vabench-main-v1-main120-gold-evas-2026-05-08/vbm1_one_shot_timer_tb/staged,results/vabench-main-v1-main120-gold-spectre-jin-2026-05-08/vbm1_one_shot_timer_tb/staged,needs_source_task,prompt.md;meta.json;checks.yaml;gold/,vabench_task,vabench-main-v1,normal,clean,vbm1_one_shot_timer_tb,,true,true,false,missing_prompt_meta_checks_gold_review
vbm1_peak_detector_bugfix,peak_detector,bugfix,bugfix,measurement,no,,,PASS,PASS,1.0,1.0,peak_detector.va;tb_peak_detector_ref.scs,peak_detector.va;tb_peak_detector_ref.scs,peak_detector.va;tb_peak_detector_ref.scs,peak_detector.va;tb_peak_detector_ref.scs,yes,results/vabench-main-v1-main120-gold-evas-2026-05-08/vbm1_peak_detector_bugfix/staged,results/vabench-main-v1-main120-gold-spectre-jin-2026-05-08/vbm1_peak_detector_bugfix/staged,needs_source_task,prompt.md;meta.json;checks.yaml;gold/,vabench_task,vabench-main-v1,evidence-only,historical_bugfix_fixed_only,vbm1_peak_detector_bugfix,,false,false,false,missing_buggy_fixed_pair;needs_D004_review;missing_prompt_meta_checks_gold_review
vbm1_peak_detector_dut,peak_detector,dut,spec-to-va,measurement,no,,,PASS,PASS,1.0,1.0,peak_detector.va;tb_peak_detector_ref.scs,peak_detector.va;tb_peak_detector_ref.scs,peak_detector.va;tb_peak_detector_ref.scs,peak_detector.va;tb_peak_detector_ref.scs,yes,results/vabench-main-v1-main120-gold-evas-2026-05-08/vbm1_peak_detector_dut/staged,results/vabench-main-v1-main120-gold-spectre-jin-2026-05-08/vbm1_peak_detector_dut/staged,needs_source_task,prompt.md;meta.json;checks.yaml;gold/,vabench_task,vabench-main-v1,normal,clean,vbm1_peak_detector_dut,,true,true,false,missing_prompt_meta_checks_gold_review
vbm1_peak_detector_e2e,peak_detector,e2e,end-to-end,measurement,no,,,PASS,PASS,1.0,1.0,peak_detector.va;tb_peak_detector_ref.scs,peak_detector.va;tb_peak_detector_ref.scs,peak_detector.va;tb_peak_detector_ref.scs,peak_detector.va;tb_peak_detector_ref.scs,yes,results/vabench-main-v1-main120-gold-evas-2026-05-08/vbm1_peak_detector_e2e/staged,results/vabench-main-v1-main120-gold-spectre-jin-2026-05-08/vbm1_peak_detector_e2e/staged,needs_source_task,prompt.md;meta.json;checks.yaml;gold/,vabench_task,vabench-main-v1,normal,clean,vbm1_peak_detector_e2e,,true,true,false,missing_prompt_meta_checks_gold_review
vbm1_peak_detector_tb,peak_detector,tb,tb-generation,measurement,no,,,PASS,PASS,1.0,1.0,peak_detector.va;tb_peak_detector_ref.scs,peak_detector.va;tb_peak_detector_ref.scs,peak_detector.va;tb_peak_detector_ref.scs,peak_detector.va;tb_peak_detector_ref.scs,yes,results/vabench-main-v1-main120-gold-evas-2026-05-08/vbm1_peak_detector_tb/staged,results/vabench-main-v1-main120-gold-spectre-jin-2026-05-08/vbm1_peak_detector_tb/staged,needs_source_task,prompt.md;meta.json;checks.yaml;gold/,vabench_task,vabench-main-v1,normal,clean,vbm1_peak_detector_tb,,true,true,false,missing_prompt_meta_checks_gold_review
vbm1_pfd_reset_race_bugfix,pfd_reset_race,bugfix,bugfix,phase-detector,yes,tasks/bugfix/voltage/phase-detector/vbm1_pfd_reset_race_bugfix,,PASS,PASS,1.0,1.0,pfd_updn.va;tb_pfd_reset_race_ref.scs,pfd_updn.va;tb_pfd_reset_race_ref.scs,pfd_updn.va;tb_pfd_reset_race_ref.scs,pfd_updn.va;tb_pfd_reset_race_ref.scs,yes,results/vabench-main-v1-main120-gold-evas-2026-05-08/vbm1_pfd_reset_race_bugfix/staged,results/vabench-main-v1-main120-gold-spectre-jin-2026-05-08/vbm1_pfd_reset_race_bugfix/staged,has_exact_task_id,,vabench_task,vabench-main-v1,true-bugfix,reconstructed_badcase,vbm1_pfd_reset_race_bugfix,reconstructed,true,true,true,
vbm1_pfd_reset_race_dut,pfd_reset_race,dut,spec-to-va,phase-detector,no,,pfd_reset_race_smoke:0.33;vbm1_pfd_reset_race_bugfix:0.33,PASS,PASS,1.0,1.0,pfd_updn.va;tb_pfd_reset_race_ref.scs,pfd_updn.va;tb_pfd_reset_race_ref.scs,pfd_updn.va;tb_pfd_reset_race_ref.scs,pfd_updn.va;tb_pfd_reset_race_ref.scs,yes,results/vabench-main-v1-main120-gold-evas-2026-05-08/vbm1_pfd_reset_race_dut/staged,results/vabench-main-v1-main120-gold-spectre-jin-2026-05-08/vbm1_pfd_reset_race_dut/staged,needs_source_task,prompt.md;meta.json;checks.yaml;gold/,vabench_task,vabench-main-v1,normal,clean,vbm1_pfd_reset_race_dut,,true,true,false,missing_prompt_meta_checks_gold_review
vbm1_pfd_reset_race_e2e,pfd_reset_race,e2e,end-to-end,phase-detector,no,,pfd_reset_race_smoke:0.33;vbm1_pfd_reset_race_bugfix:0.33,PASS,PASS,1.0,1.0,pfd_updn.va;tb_pfd_reset_race_ref.scs,pfd_updn.va;tb_pfd_reset_race_ref.scs,pfd_updn.va;tb_pfd_reset_race_ref.scs,pfd_updn.va;tb_pfd_reset_race_ref.scs,yes,results/vabench-main-v1-main120-gold-evas-2026-05-08/vbm1_pfd_reset_race_e2e/staged,results/vabench-main-v1-main120-gold-spectre-jin-2026-05-08/vbm1_pfd_reset_race_e2e/staged,needs_source_task,prompt.md;meta.json;checks.yaml;gold/,vabench_task,vabench-main-v1,normal,clean,vbm1_pfd_reset_race_e2e,,true,true,false,missing_prompt_meta_checks_gold_review
vbm1_pfd_reset_race_tb,pfd_reset_race,tb,tb-generation,phase-detector,no,,pfd_reset_race_smoke:0.33;vbm1_pfd_reset_race_bugfix:0.33,PASS,PASS,1.0,1.0,pfd_updn.va;tb_pfd_reset_race_ref.scs,pfd_updn.va;tb_pfd_reset_race_ref.scs,pfd_updn.va;tb_pfd_reset_race_ref.scs,pfd_updn.va;tb_pfd_reset_race_ref.scs,yes,results/vabench-main-v1-main120-gold-evas-2026-05-08/vbm1_pfd_reset_race_tb/staged,results/vabench-main-v1-main120-gold-spectre-jin-2026-05-08/vbm1_pfd_reset_race_tb/staged,needs_source_task,prompt.md;meta.json;checks.yaml;gold/,vabench_task,vabench-main-v1,normal,clean,vbm1_pfd_reset_race_tb,,true,true,false,missing_prompt_meta_checks_gold_review
vbm1_precision_rectifier_bugfix,precision_rectifier,bugfix,bugfix,amplifier-filter,no,,,PASS,PASS,1.0,1.0,precision_rectifier.va;tb_precision_rectifier_ref.scs,precision_rectifier.va;tb_precision_rectifier_ref.scs,precision_rectifier.va;tb_precision_rectifier_ref.scs,precision_rectifier.va;tb_precision_rectifier_ref.scs,yes,results/vabench-main-v1-main120-gold-evas-2026-05-08/vbm1_precision_rectifier_bugfix/staged,results/vabench-main-v1-main120-gold-spectre-jin-2026-05-08/vbm1_precision_rectifier_bugfix/staged,needs_source_task,prompt.md;meta.json;checks.yaml;gold/,vabench_task,vabench-main-v1,evidence-only,historical_bugfix_fixed_only,vbm1_precision_rectifier_bugfix,,false,false,false,missing_buggy_fixed_pair;needs_D004_review;missing_prompt_meta_checks_gold_review
vbm1_precision_rectifier_dut,precision_rectifier,dut,spec-to-va,amplifier-filter,no,,,PASS,PASS,1.0,1.0,precision_rectifier.va;tb_precision_rectifier_ref.scs,precision_rectifier.va;tb_precision_rectifier_ref.scs,precision_rectifier.va;tb_precision_rectifier_ref.scs,precision_rectifier.va;tb_precision_rectifier_ref.scs,yes,results/vabench-main-v1-main120-gold-evas-2026-05-08/vbm1_precision_rectifier_dut/staged,results/vabench-main-v1-main120-gold-spectre-jin-2026-05-08/vbm1_precision_rectifier_dut/staged,needs_source_task,prompt.md;meta.json;checks.yaml;gold/,vabench_task,vabench-main-v1,normal,clean,vbm1_precision_rectifier_dut,,true,true,false,missing_prompt_meta_checks_gold_review
vbm1_precision_rectifier_e2e,precision_rectifier,e2e,end-to-end,amplifier-filter,no,,,PASS,PASS,1.0,1.0,precision_rectifier.va;tb_precision_rectifier_ref.scs,precision_rectifier.va;tb_precision_rectifier_ref.scs,precision_rectifier.va;tb_precision_rectifier_ref.scs,precision_rectifier.va;tb_precision_rectifier_ref.scs,yes,results/vabench-main-v1-main120-gold-evas-2026-05-08/vbm1_precision_rectifier_e2e/staged,results/vabench-main-v1-main120-gold-spectre-jin-2026-05-08/vbm1_precision_rectifier_e2e/staged,needs_source_task,prompt.md;meta.json;checks.yaml;gold/,vabench_task,vabench-main-v1,normal,clean,vbm1_precision_rectifier_e2e,,true,true,false,missing_prompt_meta_checks_gold_review
vbm1_precision_rectifier_tb,precision_rectifier,tb,tb-generation,amplifier-filter,no,,,PASS,PASS,1.0,1.0,precision_rectifier.va;tb_precision_rectifier_ref.scs,precision_rectifier.va;tb_precision_rectifier_ref.scs,precision_rectifier.va;tb_precision_rectifier_ref.scs,precision_rectifier.va;tb_precision_rectifier_ref.scs,yes,results/vabench-main-v1-main120-gold-evas-2026-05-08/vbm1_precision_rectifier_tb/staged,results/vabench-main-v1-main120-gold-spectre-jin-2026-05-08/vbm1_precision_rectifier_tb/staged,needs_source_task,prompt.md;meta.json;checks.yaml;gold/,vabench_task,vabench-main-v1,normal,clean,vbm1_precision_rectifier_tb,,true,true,false,missing_prompt_meta_checks_gold_review
vbm1_resettable_counter_divider_bugfix,resettable_counter_divider,bugfix,bugfix,digital-logic,no,,,PASS,PASS,1.0,1.0,clk_divider.va;clk_divider_ref.va;tb_clk_divider_ref.scs,clk_divider.va;clk_divider_ref.va;tb_clk_divider_ref.scs,clk_divider.va;clk_divider_ref.va;tb_clk_divider_ref.scs,clk_divider.va;clk_divider_ref.va;tb_clk_divider_ref.scs,yes,results/vabench-main-v1-main120-gold-evas-2026-05-08/vbm1_resettable_counter_divider_bugfix/staged,results/vabench-main-v1-main120-gold-spectre-jin-2026-05-08/vbm1_resettable_counter_divider_bugfix/staged,needs_source_task,prompt.md;meta.json;checks.yaml;gold/,vabench_task,vabench-main-v1,evidence-only,historical_bugfix_fixed_only,vbm1_resettable_counter_divider_bugfix,,false,false,false,missing_buggy_fixed_pair;needs_D004_review;missing_prompt_meta_checks_gold_review
vbm1_resettable_counter_divider_dut,resettable_counter_divider,dut,spec-to-va,digital-logic,no,,,PASS,PASS,1.0,1.0,clk_divider.va;clk_divider_ref.va;tb_clk_divider_ref.scs,clk_divider.va;clk_divider_ref.va;tb_clk_divider_ref.scs,clk_divider.va;clk_divider_ref.va;tb_clk_divider_ref.scs,clk_divider.va;clk_divider_ref.va;tb_clk_divider_ref.scs,yes,results/vabench-main-v1-main120-gold-evas-2026-05-08/vbm1_resettable_counter_divider_dut/staged,results/vabench-main-v1-main120-gold-spectre-jin-2026-05-08/vbm1_resettable_counter_divider_dut/staged,needs_source_task,prompt.md;meta.json;checks.yaml;gold/,vabench_task,vabench-main-v1,normal,clean,vbm1_resettable_counter_divider_dut,,true,true,false,missing_prompt_meta_checks_gold_review
vbm1_resettable_counter_divider_e2e,resettable_counter_divider,e2e,end-to-end,digital-logic,no,,,PASS,PASS,1.0,1.0,clk_divider.va;clk_divider_ref.va;tb_clk_divider_ref.scs,clk_divider.va;clk_divider_ref.va;tb_clk_divider_ref.scs,clk_divider.va;clk_divider_ref.va;tb_clk_divider_ref.scs,clk_divider.va;clk_divider_ref.va;tb_clk_divider_ref.scs,yes,results/vabench-main-v1-main120-gold-evas-2026-05-08/vbm1_resettable_counter_divider_e2e/staged,results/vabench-main-v1-main120-gold-spectre-jin-2026-05-08/vbm1_resettable_counter_divider_e2e/staged,needs_source_task,prompt.md;meta.json;checks.yaml;gold/,vabench_task,vabench-main-v1,normal,clean,vbm1_resettable_counter_divider_e2e,,true,true,false,missing_prompt_meta_checks_gold_review
vbm1_resettable_counter_divider_tb,resettable_counter_divider,tb,tb-generation,digital-logic,no,,,PASS,PASS,1.0,1.0,clk_divider.va;clk_divider_ref.va;tb_clk_divider_ref.scs,clk_divider.va;clk_divider_ref.va;tb_clk_divider_ref.scs,clk_divider.va;clk_divider_ref.va;tb_clk_divider_ref.scs,clk_divider.va;clk_divider_ref.va;tb_clk_divider_ref.scs,yes,results/vabench-main-v1-main120-gold-evas-2026-05-08/vbm1_resettable_counter_divider_tb/staged,results/vabench-main-v1-main120-gold-spectre-jin-2026-05-08/vbm1_resettable_counter_divider_tb/staged,needs_source_task,prompt.md;meta.json;checks.yaml;gold/,vabench_task,vabench-main-v1,normal,clean,vbm1_resettable_counter_divider_tb,,true,true,false,missing_prompt_meta_checks_gold_review
vbm1_resettable_integrator_bugfix,resettable_integrator,bugfix,bugfix,amplifier-filter,no,,,PASS,PASS,1.0,1.0,resettable_integrator.va;tb_resettable_integrator_ref.scs,resettable_integrator.va;tb_resettable_integrator_ref.scs,resettable_integrator.va;tb_resettable_integrator_ref.scs,resettable_integrator.va;tb_resettable_integrator_ref.scs,yes,results/vabench-main-v1-main120-gold-evas-2026-05-08/vbm1_resettable_integrator_bugfix/staged,results/vabench-main-v1-main120-gold-spectre-jin-2026-05-08/vbm1_resettable_integrator_bugfix/staged,needs_source_task,prompt.md;meta.json;checks.yaml;gold/,vabench_task,vabench-main-v1,evidence-only,historical_bugfix_fixed_only,vbm1_resettable_integrator_bugfix,,false,false,false,missing_buggy_fixed_pair;needs_D004_review;missing_prompt_meta_checks_gold_review
vbm1_resettable_integrator_dut,resettable_integrator,dut,spec-to-va,amplifier-filter,no,,,PASS,PASS,1.0,1.0,resettable_integrator.va;tb_resettable_integrator_ref.scs,resettable_integrator.va;tb_resettable_integrator_ref.scs,resettable_integrator.va;tb_resettable_integrator_ref.scs,resettable_integrator.va;tb_resettable_integrator_ref.scs,yes,results/vabench-main-v1-main120-gold-evas-2026-05-08/vbm1_resettable_integrator_dut/staged,results/vabench-main-v1-main120-gold-spectre-jin-2026-05-08/vbm1_resettable_integrator_dut/staged,needs_source_task,prompt.md;meta.json;checks.yaml;gold/,vabench_task,vabench-main-v1,normal,clean,vbm1_resettable_integrator_dut,,true,true,false,missing_prompt_meta_checks_gold_review
vbm1_resettable_integrator_e2e,resettable_integrator,e2e,end-to-end,amplifier-filter,no,,,PASS,PASS,1.0,1.0,resettable_integrator.va;tb_resettable_integrator_ref.scs,resettable_integrator.va;tb_resettable_integrator_ref.scs,resettable_integrator.va;tb_resettable_integrator_ref.scs,resettable_integrator.va;tb_resettable_integrator_ref.scs,yes,results/vabench-main-v1-main120-gold-evas-2026-05-08/vbm1_resettable_integrator_e2e/staged,results/vabench-main-v1-main120-gold-spectre-jin-2026-05-08/vbm1_resettable_integrator_e2e/staged,needs_source_task,prompt.md;meta.json;checks.yaml;gold/,vabench_task,vabench-main-v1,normal,clean,vbm1_resettable_integrator_e2e,,true,true,false,missing_prompt_meta_checks_gold_review
vbm1_resettable_integrator_tb,resettable_integrator,tb,tb-generation,amplifier-filter,no,,,PASS,PASS,1.0,1.0,resettable_integrator.va;tb_resettable_integrator_ref.scs,resettable_integrator.va;tb_resettable_integrator_ref.scs,resettable_integrator.va;tb_resettable_integrator_ref.scs,resettable_integrator.va;tb_resettable_integrator_ref.scs,yes,results/vabench-main-v1-main120-gold-evas-2026-05-08/vbm1_resettable_integrator_tb/staged,results/vabench-main-v1-main120-gold-spectre-jin-2026-05-08/vbm1_resettable_integrator_tb/staged,needs_source_task,prompt.md;meta.json;checks.yaml;gold/,vabench_task,vabench-main-v1,normal,clean,vbm1_resettable_integrator_tb,,true,true,false,missing_prompt_meta_checks_gold_review
vbm1_rotating_element_selector_bugfix,rotating_element_selector,bugfix,bugfix,calibration,yes,tasks/bugfix/voltage/calibration/vbm1_rotating_element_selector_bugfix,,PASS,PASS,1.0,1.0,rotating_element_selector.va;tb_rotating_element_selector_ref.scs,rotating_element_selector.va;tb_rotating_element_selector_ref.scs,rotating_element_selector.va;tb_rotating_element_selector_ref.scs,rotating_element_selector.va;tb_rotating_element_selector_ref.scs,yes,results/vabench-main-v1-main120-gold-evas-2026-05-08/vbm1_rotating_element_selector_bugfix/staged,results/vabench-main-v1-main120-gold-spectre-jin-2026-05-08/vbm1_rotating_element_selector_bugfix/staged,has_exact_task_id,,vabench_task,vabench-main-v1,true-bugfix,reconstructed_badcase,vbm1_rotating_element_selector_bugfix,reconstructed,true,true,true,
vbm1_rotating_element_selector_dut,rotating_element_selector,dut,spec-to-va,calibration,yes,tasks/spec-to-va/voltage/calibration/vbm1_rotating_element_selector_dut,,PASS,PASS,1.0,1.0,rotating_element_selector.va;tb_rotating_element_selector_ref.scs,rotating_element_selector.va;tb_rotating_element_selector_ref.scs,rotating_element_selector.va;tb_rotating_element_selector_ref.scs,rotating_element_selector.va;tb_rotating_element_selector_ref.scs,yes,results/vabench-main-v1-main120-gold-evas-2026-05-08/vbm1_rotating_element_selector_dut/staged,results/vabench-main-v1-main120-gold-spectre-jin-2026-05-08/vbm1_rotating_element_selector_dut/staged,has_exact_task_id,,vabench_task,vabench-main-v1,normal,clean,vbm1_rotating_element_selector_dut,,true,true,false,
vbm1_rotating_element_selector_e2e,rotating_element_selector,e2e,end-to-end,calibration,yes,tasks/end-to-end/voltage/calibration/vbm1_rotating_element_selector_e2e,,PASS,PASS,1.0,1.0,rotating_element_selector.va;tb_rotating_element_selector_ref.scs,rotating_element_selector.va;tb_rotating_element_selector_ref.scs,rotating_element_selector.va;tb_rotating_element_selector_ref.scs,rotating_element_selector.va;tb_rotating_element_selector_ref.scs,yes,results/vabench-main-v1-main120-gold-evas-2026-05-08/vbm1_rotating_element_selector_e2e/staged,results/vabench-main-v1-main120-gold-spectre-jin-2026-05-08/vbm1_rotating_element_selector_e2e/staged,has_exact_task_id,,vabench_task,vabench-main-v1,normal,clean,vbm1_rotating_element_selector_e2e,,true,true,false,
vbm1_rotating_element_selector_tb,rotating_element_selector,tb,tb-generation,calibration,yes,tasks/tb-generation/voltage/calibration/vbm1_rotating_element_selector_tb,,PASS,PASS,1.0,1.0,rotating_element_selector.va;tb_rotating_element_selector_ref.scs,rotating_element_selector.va;tb_rotating_element_selector_ref.scs,rotating_element_selector.va;tb_rotating_element_selector_ref.scs,rotating_element_selector.va;tb_rotating_element_selector_ref.scs,yes,results/vabench-main-v1-main120-gold-evas-2026-05-08/vbm1_rotating_element_selector_tb/staged,results/vabench-main-v1-main120-gold-spectre-jin-2026-05-08/vbm1_rotating_element_selector_tb/staged,has_exact_task_id,,vabench_task,vabench-main-v1,normal,clean,vbm1_rotating_element_selector_tb,,true,true,false,
vbm1_sar_logic_4b_bugfix,sar_logic_4b,bugfix,bugfix,adc-sar,no,,gray_counter_4b_smoke:0.33;sar_logic:0.33;sar_logic_10b:0.33,PASS,PASS,1.0,1.0,sar_logic_4b.va;tb_sar_logic_4b_ref.scs,sar_logic_4b.va;tb_sar_logic_4b_ref.scs,sar_logic_4b.va;tb_sar_logic_4b_ref.scs,sar_logic_4b.va;tb_sar_logic_4b_ref.scs,yes,results/vabench-main-v1-main120-gold-evas-2026-05-08/vbm1_sar_logic_4b_bugfix/staged,results/vabench-main-v1-main120-gold-spectre-jin-2026-05-08/vbm1_sar_logic_4b_bugfix/staged,needs_source_task,prompt.md;meta.json;checks.yaml;gold/,vabench_task,vabench-main-v1,evidence-only,historical_bugfix_fixed_only,vbm1_sar_logic_4b_bugfix,,false,false,false,missing_buggy_fixed_pair;needs_D004_review;missing_prompt_meta_checks_gold_review
vbm1_sar_logic_4b_dut,sar_logic_4b,dut,spec-to-va,adc-sar,no,,gray_counter_4b_smoke:0.33;sar_logic:0.33;sar_logic_10b:0.33,PASS,PASS,1.0,1.0,sar_logic_4b.va;tb_sar_logic_4b_ref.scs,sar_logic_4b.va;tb_sar_logic_4b_ref.scs,sar_logic_4b.va;tb_sar_logic_4b_ref.scs,sar_logic_4b.va;tb_sar_logic_4b_ref.scs,yes,results/vabench-main-v1-main120-gold-evas-2026-05-08/vbm1_sar_logic_4b_dut/staged,results/vabench-main-v1-main120-gold-spectre-jin-2026-05-08/vbm1_sar_logic_4b_dut/staged,needs_source_task,prompt.md;meta.json;checks.yaml;gold/,vabench_task,vabench-main-v1,normal,clean,vbm1_sar_logic_4b_dut,,true,true,false,missing_prompt_meta_checks_gold_review
vbm1_sar_logic_4b_e2e,sar_logic_4b,e2e,end-to-end,adc-sar,no,,gray_counter_4b_smoke:0.33;sar_logic:0.33;sar_logic_10b:0.33,PASS,PASS,1.0,1.0,sar_logic_4b.va;tb_sar_logic_4b_ref.scs,sar_logic_4b.va;tb_sar_logic_4b_ref.scs,sar_logic_4b.va;tb_sar_logic_4b_ref.scs,sar_logic_4b.va;tb_sar_logic_4b_ref.scs,yes,results/vabench-main-v1-main120-gold-evas-2026-05-08/vbm1_sar_logic_4b_e2e/staged,results/vabench-main-v1-main120-gold-spectre-jin-2026-05-08/vbm1_sar_logic_4b_e2e/staged,needs_source_task,prompt.md;meta.json;checks.yaml;gold/,vabench_task,vabench-main-v1,normal,clean,vbm1_sar_logic_4b_e2e,,true,true,false,missing_prompt_meta_checks_gold_review
vbm1_sar_logic_4b_tb,sar_logic_4b,tb,tb-generation,adc-sar,no,,gray_counter_4b_smoke:0.33;sar_logic:0.33;sar_logic_10b:0.33,PASS,PASS,1.0,1.0,sar_logic_4b.va;tb_sar_logic_4b_ref.scs,sar_logic_4b.va;tb_sar_logic_4b_ref.scs,sar_logic_4b.va;tb_sar_logic_4b_ref.scs,sar_logic_4b.va;tb_sar_logic_4b_ref.scs,yes,results/vabench-main-v1-main120-gold-evas-2026-05-08/vbm1_sar_logic_4b_tb/staged,results/vabench-main-v1-main120-gold-spectre-jin-2026-05-08/vbm1_sar_logic_4b_tb/staged,needs_source_task,prompt.md;meta.json;checks.yaml;gold/,vabench_task,vabench-main-v1,normal,clean,vbm1_sar_logic_4b_tb,,true,true,false,missing_prompt_meta_checks_gold_review
vbm1_segmented_dac_bugfix,segmented_dac,bugfix,bugfix,dac,yes,tasks/bugfix/voltage/dac/vbm1_segmented_dac_bugfix,,PASS,PASS,1.0,1.0,segmented_dac.va;tb_segmented_dac_ref.scs,segmented_dac.va;tb_segmented_dac_ref.scs,segmented_dac.va;tb_segmented_dac_ref.scs,segmented_dac.va;tb_segmented_dac_ref.scs,yes,results/vabench-main-v1-main120-gold-evas-2026-05-08/vbm1_segmented_dac_bugfix/staged,results/vabench-main-v1-main120-gold-spectre-jin-2026-05-08/vbm1_segmented_dac_bugfix/staged,has_exact_task_id,,vabench_task,vabench-main-v1,true-bugfix,reconstructed_badcase,vbm1_segmented_dac_bugfix,reconstructed,true,true,true,
vbm1_segmented_dac_dut,segmented_dac,dut,spec-to-va,dac,yes,tasks/spec-to-va/voltage/dac/vbm1_segmented_dac_dut,,PASS,PASS,1.0,1.0,segmented_dac.va;tb_segmented_dac_ref.scs,segmented_dac.va;tb_segmented_dac_ref.scs,segmented_dac.va;tb_segmented_dac_ref.scs,segmented_dac.va;tb_segmented_dac_ref.scs,yes,results/vabench-main-v1-main120-gold-evas-2026-05-08/vbm1_segmented_dac_dut/staged,results/vabench-main-v1-main120-gold-spectre-jin-2026-05-08/vbm1_segmented_dac_dut/staged,has_exact_task_id,,vabench_task,vabench-main-v1,normal,clean,vbm1_segmented_dac_dut,,true,true,false,
vbm1_segmented_dac_e2e,segmented_dac,e2e,end-to-end,dac,yes,tasks/end-to-end/voltage/dac/vbm1_segmented_dac_e2e,,PASS,PASS,1.0,1.0,segmented_dac.va;tb_segmented_dac_ref.scs,segmented_dac.va;tb_segmented_dac_ref.scs,segmented_dac.va;tb_segmented_dac_ref.scs,segmented_dac.va;tb_segmented_dac_ref.scs,yes,results/vabench-main-v1-main120-gold-evas-2026-05-08/vbm1_segmented_dac_e2e/staged,results/vabench-main-v1-main120-gold-spectre-jin-2026-05-08/vbm1_segmented_dac_e2e/staged,has_exact_task_id,,vabench_task,vabench-main-v1,normal,clean,vbm1_segmented_dac_e2e,,true,true,false,
vbm1_segmented_dac_tb,segmented_dac,tb,tb-generation,dac,yes,tasks/tb-generation/voltage/dac/vbm1_segmented_dac_tb,,PASS,PASS,1.0,1.0,segmented_dac.va;tb_segmented_dac_ref.scs,segmented_dac.va;tb_segmented_dac_ref.scs,segmented_dac.va;tb_segmented_dac_ref.scs,segmented_dac.va;tb_segmented_dac_ref.scs,yes,results/vabench-main-v1-main120-gold-evas-2026-05-08/vbm1_segmented_dac_tb/staged,results/vabench-main-v1-main120-gold-spectre-jin-2026-05-08/vbm1_segmented_dac_tb/staged,has_exact_task_id,,vabench_task,vabench-main-v1,normal,clean,vbm1_segmented_dac_tb,,true,true,false,
vbm1_settling_time_measurement_tb_bugfix,settling_time_measurement_tb,bugfix,bugfix,measurement,no,,,PASS,PASS,1.0,1.0,settling_time_measurement_tb.va;tb_settling_time_measurement_tb_ref.scs,settling_time_measurement_tb.va;tb_settling_time_measurement_tb_ref.scs,settling_time_measurement_tb.va;tb_settling_time_measurement_tb_ref.scs,settling_time_measurement_tb.va;tb_settling_time_measurement_tb_ref.scs,yes,results/vabench-main-v1-main120-gold-evas-2026-05-08/vbm1_settling_time_measurement_tb_bugfix/staged,results/vabench-main-v1-main120-gold-spectre-jin-2026-05-08/vbm1_settling_time_measurement_tb_bugfix/staged,needs_source_task,prompt.md;meta.json;checks.yaml;gold/,vabench_task,vabench-main-v1,evidence-only,historical_bugfix_fixed_only,vbm1_settling_time_measurement_tb_bugfix,,false,false,false,missing_buggy_fixed_pair;needs_D004_review;missing_prompt_meta_checks_gold_review
vbm1_settling_time_measurement_tb_dut,settling_time_measurement_tb,dut,spec-to-va,measurement,no,,,PASS,PASS,1.0,1.0,settling_time_measurement_tb.va;tb_settling_time_measurement_tb_ref.scs,settling_time_measurement_tb.va;tb_settling_time_measurement_tb_ref.scs,settling_time_measurement_tb.va;tb_settling_time_measurement_tb_ref.scs,settling_time_measurement_tb.va;tb_settling_time_measurement_tb_ref.scs,yes,results/vabench-main-v1-main120-gold-evas-2026-05-08/vbm1_settling_time_measurement_tb_dut/staged,results/vabench-main-v1-main120-gold-spectre-jin-2026-05-08/vbm1_settling_time_measurement_tb_dut/staged,needs_source_task,prompt.md;meta.json;checks.yaml;gold/,vabench_task,vabench-main-v1,normal,clean,vbm1_settling_time_measurement_tb_dut,,true,true,false,missing_prompt_meta_checks_gold_review
vbm1_settling_time_measurement_tb_e2e,settling_time_measurement_tb,e2e,end-to-end,measurement,no,,,PASS,PASS,1.0,1.0,settling_time_measurement_tb.va;tb_settling_time_measurement_tb_ref.scs,settling_time_measurement_tb.va;tb_settling_time_measurement_tb_ref.scs,settling_time_measurement_tb.va;tb_settling_time_measurement_tb_ref.scs,settling_time_measurement_tb.va;tb_settling_time_measurement_tb_ref.scs,yes,results/vabench-main-v1-main120-gold-evas-2026-05-08/vbm1_settling_time_measurement_tb_e2e/staged,results/vabench-main-v1-main120-gold-spectre-jin-2026-05-08/vbm1_settling_time_measurement_tb_e2e/staged,needs_source_task,prompt.md;meta.json;checks.yaml;gold/,vabench_task,vabench-main-v1,normal,clean,vbm1_settling_time_measurement_tb_e2e,,true,true,false,missing_prompt_meta_checks_gold_review
vbm1_settling_time_measurement_tb_tb,settling_time_measurement_tb,tb,tb-generation,measurement,no,,,PASS,PASS,1.0,1.0,settling_time_measurement_tb.va;tb_settling_time_measurement_tb_ref.scs,settling_time_measurement_tb.va;tb_settling_time_measurement_tb_ref.scs,settling_time_measurement_tb.va;tb_settling_time_measurement_tb_ref.scs,settling_time_measurement_tb.va;tb_settling_time_measurement_tb_ref.scs,yes,results/vabench-main-v1-main120-gold-evas-2026-05-08/vbm1_settling_time_measurement_tb_tb/staged,results/vabench-main-v1-main120-gold-spectre-jin-2026-05-08/vbm1_settling_time_measurement_tb_tb/staged,needs_source_task,prompt.md;meta.json;checks.yaml;gold/,vabench_task,vabench-main-v1,normal,clean,vbm1_settling_time_measurement_tb_tb,,true,true,false,missing_prompt_meta_checks_gold_review
vbm1_slew_rate_limiter_bugfix,slew_rate_limiter,bugfix,bugfix,signal-source,no,,,PASS,PASS,1.0,1.0,slew_rate_limiter.va;tb_slew_rate_limiter_ref.scs,slew_rate_limiter.va;tb_slew_rate_limiter_ref.scs,slew_rate_limiter.va;tb_slew_rate_limiter_ref.scs,slew_rate_limiter.va;tb_slew_rate_limiter_ref.scs,yes,results/vabench-main-v1-main120-gold-evas-2026-05-08/vbm1_slew_rate_limiter_bugfix/staged,results/vabench-main-v1-main120-gold-spectre-jin-2026-05-08/vbm1_slew_rate_limiter_bugfix/staged,needs_source_task,prompt.md;meta.json;checks.yaml;gold/,vabench_task,vabench-main-v1,evidence-only,historical_bugfix_fixed_only,vbm1_slew_rate_limiter_bugfix,,false,false,false,missing_buggy_fixed_pair;needs_D004_review;missing_prompt_meta_checks_gold_review
vbm1_slew_rate_limiter_dut,slew_rate_limiter,dut,spec-to-va,signal-source,no,,,PASS,PASS,1.0,1.0,slew_rate_limiter.va;tb_slew_rate_limiter_ref.scs,slew_rate_limiter.va;tb_slew_rate_limiter_ref.scs,slew_rate_limiter.va;tb_slew_rate_limiter_ref.scs,slew_rate_limiter.va;tb_slew_rate_limiter_ref.scs,yes,results/vabench-main-v1-main120-gold-evas-2026-05-08/vbm1_slew_rate_limiter_dut/staged,results/vabench-main-v1-main120-gold-spectre-jin-2026-05-08/vbm1_slew_rate_limiter_dut/staged,needs_source_task,prompt.md;meta.json;checks.yaml;gold/,vabench_task,vabench-main-v1,normal,clean,vbm1_slew_rate_limiter_dut,,true,true,false,missing_prompt_meta_checks_gold_review
vbm1_slew_rate_limiter_e2e,slew_rate_limiter,e2e,end-to-end,signal-source,no,,,PASS,PASS,1.0,1.0,slew_rate_limiter.va;tb_slew_rate_limiter_ref.scs,slew_rate_limiter.va;tb_slew_rate_limiter_ref.scs,slew_rate_limiter.va;tb_slew_rate_limiter_ref.scs,slew_rate_limiter.va;tb_slew_rate_limiter_ref.scs,yes,results/vabench-main-v1-main120-gold-evas-2026-05-08/vbm1_slew_rate_limiter_e2e/staged,results/vabench-main-v1-main120-gold-spectre-jin-2026-05-08/vbm1_slew_rate_limiter_e2e/staged,needs_source_task,prompt.md;meta.json;checks.yaml;gold/,vabench_task,vabench-main-v1,normal,clean,vbm1_slew_rate_limiter_e2e,,true,true,false,missing_prompt_meta_checks_gold_review
vbm1_slew_rate_limiter_tb,slew_rate_limiter,tb,tb-generation,signal-source,no,,,PASS,PASS,1.0,1.0,slew_rate_limiter.va;tb_slew_rate_limiter_ref.scs,slew_rate_limiter.va;tb_slew_rate_limiter_ref.scs,slew_rate_limiter.va;tb_slew_rate_limiter_ref.scs,slew_rate_limiter.va;tb_slew_rate_limiter_ref.scs,yes,results/vabench-main-v1-main120-gold-evas-2026-05-08/vbm1_slew_rate_limiter_tb/staged,results/vabench-main-v1-main120-gold-spectre-jin-2026-05-08/vbm1_slew_rate_limiter_tb/staged,needs_source_task,prompt.md;meta.json;checks.yaml;gold/,vabench_task,vabench-main-v1,normal,clean,vbm1_slew_rate_limiter_tb,,true,true,false,missing_prompt_meta_checks_gold_review
vbm1_strongarm_comparator_behavior_bugfix,strongarm_comparator_behavior,bugfix,bugfix,comparator,yes,tasks/bugfix/voltage/comparator/vbm1_strongarm_comparator_behavior_bugfix,,PASS,PASS,1.0,1.0,dut_buggy.va;dut_fixed.va;tb_strongarm_reset_priority_bug_ref.scs,dut_buggy.va;dut_fixed.va;tb_strongarm_reset_priority_bug_ref.scs,dut_buggy.va;dut_fixed.va;tb_strongarm_reset_priority_bug_ref.scs,dut_buggy.va;dut_fixed.va;tb_strongarm_reset_priority_bug_ref.scs,yes,results/vabench-main-v1-main120-gold-evas-2026-05-08/vbm1_strongarm_comparator_behavior_bugfix/staged,results/vabench-main-v1-main120-gold-spectre-jin-2026-05-08/vbm1_strongarm_comparator_behavior_bugfix/staged,has_exact_task_id,,vabench_task,vabench-main-v1,true-bugfix,badcase_available,vbm1_strongarm_comparator_behavior_bugfix,original,true,true,true,
vbm1_strongarm_comparator_behavior_dut,strongarm_comparator_behavior,dut,spec-to-va,comparator,yes,tasks/spec-to-va/voltage/comparator/vbm1_strongarm_comparator_behavior_dut,,PASS,PASS,1.0,1.0,cmp_strongarm.va;tb_cmp_strongarm_ref.scs,cmp_strongarm.va;tb_cmp_strongarm_ref.scs,cmp_strongarm.va;tb_cmp_strongarm_ref.scs,cmp_strongarm.va;tb_cmp_strongarm_ref.scs,yes,results/vabench-main-v1-main120-gold-evas-2026-05-08/vbm1_strongarm_comparator_behavior_dut/staged,results/vabench-main-v1-main120-gold-spectre-jin-2026-05-08/vbm1_strongarm_comparator_behavior_dut/staged,has_exact_task_id,,vabench_task,vabench-main-v1,normal,clean,vbm1_strongarm_comparator_behavior_dut,,true,true,false,
vbm1_strongarm_comparator_behavior_e2e,strongarm_comparator_behavior,e2e,end-to-end,comparator,yes,tasks/end-to-end/voltage/comparator/vbm1_strongarm_comparator_behavior_e2e,,PASS,PASS,1.0,1.0,cmp_strongarm.va;tb_cmp_strongarm_ref.scs,cmp_strongarm.va;tb_cmp_strongarm_ref.scs,cmp_strongarm.va;tb_cmp_strongarm_ref.scs,cmp_strongarm.va;tb_cmp_strongarm_ref.scs,yes,results/vabench-main-v1-main120-gold-evas-2026-05-08/vbm1_strongarm_comparator_behavior_e2e/staged,results/vabench-main-v1-main120-gold-spectre-jin-2026-05-08/vbm1_strongarm_comparator_behavior_e2e/staged,has_exact_task_id,,vabench_task,vabench-main-v1,normal,clean,vbm1_strongarm_comparator_behavior_e2e,,true,true,false,
vbm1_strongarm_comparator_behavior_tb,strongarm_comparator_behavior,tb,tb-generation,comparator,yes,tasks/tb-generation/voltage/comparator/vbm1_strongarm_comparator_behavior_tb,,PASS,PASS,1.0,1.0,cmp_strongarm.va;tb_cmp_strongarm_ref.scs,cmp_strongarm.va;tb_cmp_strongarm_ref.scs,cmp_strongarm.va;tb_cmp_strongarm_ref.scs,cmp_strongarm.va;tb_cmp_strongarm_ref.scs,yes,results/vabench-main-v1-main120-gold-evas-2026-05-08/vbm1_strongarm_comparator_behavior_tb/staged,results/vabench-main-v1-main120-gold-spectre-jin-2026-05-08/vbm1_strongarm_comparator_behavior_tb/staged,has_exact_task_id,,vabench_task,vabench-main-v1,normal,clean,vbm1_strongarm_comparator_behavior_tb,,true,true,false,
vbm1_thermometer_dac_bugfix,thermometer_dac,bugfix,bugfix,dac,yes,tasks/bugfix/voltage/dac/vbm1_thermometer_dac_bugfix,,PASS,PASS,1.0,1.0,tb_thermometer_dac_4b_ref.scs;thermometer_dac_4b.va,tb_thermometer_dac_4b_ref.scs;thermometer_dac_4b.va,tb_thermometer_dac_4b_ref.scs;thermometer_dac_4b.va,tb_thermometer_dac_4b_ref.scs;thermometer_dac_4b.va,yes,results/vabench-main-v1-main120-gold-evas-2026-05-08/vbm1_thermometer_dac_bugfix/staged,results/vabench-main-v1-main120-gold-spectre-jin-2026-05-08/vbm1_thermometer_dac_bugfix/staged,has_exact_task_id,,vabench_task,vabench-main-v1,true-bugfix,reconstructed_badcase,vbm1_thermometer_dac_bugfix,reconstructed,true,true,true,
vbm1_thermometer_dac_dut,thermometer_dac,dut,spec-to-va,dac,no,,vbm1_thermometer_dac_15seg_bugfix:0.29;vbm1_thermometer_dac_bugfix:0.29;dac_ramp_tb:0.25,PASS,PASS,1.0,1.0,tb_thermometer_dac_4b_ref.scs;thermometer_dac_4b.va,tb_thermometer_dac_4b_ref.scs;thermometer_dac_4b.va,tb_thermometer_dac_4b_ref.scs;thermometer_dac_4b.va,tb_thermometer_dac_4b_ref.scs;thermometer_dac_4b.va,yes,results/vabench-main-v1-main120-gold-evas-2026-05-08/vbm1_thermometer_dac_dut/staged,results/vabench-main-v1-main120-gold-spectre-jin-2026-05-08/vbm1_thermometer_dac_dut/staged,needs_source_task,prompt.md;meta.json;checks.yaml;gold/,vabench_task,vabench-main-v1,normal,clean,vbm1_thermometer_dac_dut,,true,true,false,missing_prompt_meta_checks_gold_review
vbm1_thermometer_dac_e2e,thermometer_dac,e2e,end-to-end,dac,no,,vbm1_thermometer_dac_15seg_bugfix:0.29;vbm1_thermometer_dac_bugfix:0.29;dac_ramp_tb:0.25,PASS,PASS,1.0,1.0,tb_thermometer_dac_4b_ref.scs;thermometer_dac_4b.va,tb_thermometer_dac_4b_ref.scs;thermometer_dac_4b.va,tb_thermometer_dac_4b_ref.scs;thermometer_dac_4b.va,tb_thermometer_dac_4b_ref.scs;thermometer_dac_4b.va,yes,results/vabench-main-v1-main120-gold-evas-2026-05-08/vbm1_thermometer_dac_e2e/staged,results/vabench-main-v1-main120-gold-spectre-jin-2026-05-08/vbm1_thermometer_dac_e2e/staged,needs_source_task,prompt.md;meta.json;checks.yaml;gold/,vabench_task,vabench-main-v1,normal,clean,vbm1_thermometer_dac_e2e,,true,true,false,missing_prompt_meta_checks_gold_review
vbm1_thermometer_dac_tb,thermometer_dac,tb,tb-generation,dac,no,,vbm1_thermometer_dac_15seg_bugfix:0.29;vbm1_thermometer_dac_bugfix:0.29;dac_ramp_tb:0.25,PASS,PASS,1.0,1.0,tb_thermometer_dac_4b_ref.scs;thermometer_dac_4b.va,tb_thermometer_dac_4b_ref.scs;thermometer_dac_4b.va,tb_thermometer_dac_4b_ref.scs;thermometer_dac_4b.va,tb_thermometer_dac_4b_ref.scs;thermometer_dac_4b.va,yes,results/vabench-main-v1-main120-gold-evas-2026-05-08/vbm1_thermometer_dac_tb/staged,results/vabench-main-v1-main120-gold-spectre-jin-2026-05-08/vbm1_thermometer_dac_tb/staged,needs_source_task,prompt.md;meta.json;checks.yaml;gold/,vabench_task,vabench-main-v1,normal,clean,vbm1_thermometer_dac_tb,,true,true,false,missing_prompt_meta_checks_gold_review
vbm1_thermometer_decoder_guarded_bugfix,thermometer_decoder_guarded,bugfix,bugfix,dac,yes,tasks/bugfix/voltage/dac/vbm1_thermometer_decoder_guarded_bugfix,,PASS,PASS,1.0,1.0,tb_thermometer_decoder_guarded_ref.scs;thermometer_decoder_guarded.va,tb_thermometer_decoder_guarded_ref.scs;thermometer_decoder_guarded.va,tb_thermometer_decoder_guarded_ref.scs;thermometer_decoder_guarded.va,tb_thermometer_decoder_guarded_ref.scs;thermometer_decoder_guarded.va,yes,results/vabench-main-v1-main120-gold-evas-2026-05-08/vbm1_thermometer_decoder_guarded_bugfix/staged,results/vabench-main-v1-main120-gold-spectre-jin-2026-05-08/vbm1_thermometer_decoder_guarded_bugfix/staged,has_exact_task_id,,vabench_task,vabench-main-v1,true-bugfix,reconstructed_badcase,vbm1_thermometer_decoder_guarded_bugfix,reconstructed,true,true,true,
vbm1_thermometer_decoder_guarded_dut,thermometer_decoder_guarded,dut,spec-to-va,dac,no,,vbm1_thermometer_decoder_guarded_bugfix:0.38,PASS,PASS,1.0,1.0,tb_thermometer_decoder_guarded_ref.scs;thermometer_decoder_guarded.va,tb_thermometer_decoder_guarded_ref.scs;thermometer_decoder_guarded.va,tb_thermometer_decoder_guarded_ref.scs;thermometer_decoder_guarded.va,tb_thermometer_decoder_guarded_ref.scs;thermometer_decoder_guarded.va,yes,results/vabench-main-v1-main120-gold-evas-2026-05-08/vbm1_thermometer_decoder_guarded_dut/staged,results/vabench-main-v1-main120-gold-spectre-jin-2026-05-08/vbm1_thermometer_decoder_guarded_dut/staged,needs_source_task,prompt.md;meta.json;checks.yaml;gold/,vabench_task,vabench-main-v1,normal,clean,vbm1_thermometer_decoder_guarded_dut,,true,true,false,missing_prompt_meta_checks_gold_review
vbm1_thermometer_decoder_guarded_e2e,thermometer_decoder_guarded,e2e,end-to-end,dac,no,,vbm1_thermometer_decoder_guarded_bugfix:0.38,PASS,PASS,1.0,1.0,tb_thermometer_decoder_guarded_ref.scs;thermometer_decoder_guarded.va,tb_thermometer_decoder_guarded_ref.scs;thermometer_decoder_guarded.va,tb_thermometer_decoder_guarded_ref.scs;thermometer_decoder_guarded.va,tb_thermometer_decoder_guarded_ref.scs;thermometer_decoder_guarded.va,yes,results/vabench-main-v1-main120-gold-evas-2026-05-08/vbm1_thermometer_decoder_guarded_e2e/staged,results/vabench-main-v1-main120-gold-spectre-jin-2026-05-08/vbm1_thermometer_decoder_guarded_e2e/staged,needs_source_task,prompt.md;meta.json;checks.yaml;gold/,vabench_task,vabench-main-v1,normal,clean,vbm1_thermometer_decoder_guarded_e2e,,true,true,false,missing_prompt_meta_checks_gold_review
vbm1_thermometer_decoder_guarded_tb,thermometer_decoder_guarded,tb,tb-generation,dac,no,,vbm1_thermometer_decoder_guarded_bugfix:0.38,PASS,PASS,1.0,1.0,tb_thermometer_decoder_guarded_ref.scs;thermometer_decoder_guarded.va,tb_thermometer_decoder_guarded_ref.scs;thermometer_decoder_guarded.va,tb_thermometer_decoder_guarded_ref.scs;thermometer_decoder_guarded.va,tb_thermometer_decoder_guarded_ref.scs;thermometer_decoder_guarded.va,yes,results/vabench-main-v1-main120-gold-evas-2026-05-08/vbm1_thermometer_decoder_guarded_tb/staged,results/vabench-main-v1-main120-gold-spectre-jin-2026-05-08/vbm1_thermometer_decoder_guarded_tb/staged,needs_source_task,prompt.md;meta.json;checks.yaml;gold/,vabench_task,vabench-main-v1,normal,clean,vbm1_thermometer_decoder_guarded_tb,,true,true,false,missing_prompt_meta_checks_gold_review
vbm1_track_hold_aperture_bugfix,track_hold_aperture,bugfix,bugfix,sample-hold,yes,tasks/bugfix/voltage/sample-hold/vbm1_track_hold_aperture_bugfix,,PASS,PASS,1.0,1.0,sample_hold_aperture_ref.va;tb_sample_hold_aperture_ref.scs,sample_hold_aperture_ref.va;tb_sample_hold_aperture_ref.scs,sample_hold_aperture_ref.va;tb_sample_hold_aperture_ref.scs,sample_hold_aperture_ref.va;tb_sample_hold_aperture_ref.scs,yes,results/vabench-main-v1-main120-gold-evas-2026-05-08/vbm1_track_hold_aperture_bugfix/staged,results/vabench-main-v1-main120-gold-spectre-jin-2026-05-08/vbm1_track_hold_aperture_bugfix/staged,has_exact_task_id,,vabench_task,vabench-main-v1,true-bugfix,reconstructed_badcase,vbm1_track_hold_aperture_bugfix,reconstructed,true,true,true,
vbm1_track_hold_aperture_dut,track_hold_aperture,dut,spec-to-va,sample-hold,no,,vbm1_track_hold_aperture_bugfix:0.38;sample_hold_aperture_tb:0.29;sample_hold_smoke:0.25,PASS,PASS,1.0,1.0,sample_hold_aperture_ref.va;tb_sample_hold_aperture_ref.scs,sample_hold_aperture_ref.va;tb_sample_hold_aperture_ref.scs,sample_hold_aperture_ref.va;tb_sample_hold_aperture_ref.scs,sample_hold_aperture_ref.va;tb_sample_hold_aperture_ref.scs,yes,results/vabench-main-v1-main120-gold-evas-2026-05-08/vbm1_track_hold_aperture_dut/staged,results/vabench-main-v1-main120-gold-spectre-jin-2026-05-08/vbm1_track_hold_aperture_dut/staged,needs_source_task,prompt.md;meta.json;checks.yaml;gold/,vabench_task,vabench-main-v1,normal,clean,vbm1_track_hold_aperture_dut,,true,true,false,missing_prompt_meta_checks_gold_review
vbm1_track_hold_aperture_e2e,track_hold_aperture,e2e,end-to-end,sample-hold,no,,vbm1_track_hold_aperture_bugfix:0.38;sample_hold_aperture_tb:0.29;sample_hold_smoke:0.25,PASS,PASS,1.0,1.0,sample_hold_aperture_ref.va;tb_sample_hold_aperture_ref.scs,sample_hold_aperture_ref.va;tb_sample_hold_aperture_ref.scs,sample_hold_aperture_ref.va;tb_sample_hold_aperture_ref.scs,sample_hold_aperture_ref.va;tb_sample_hold_aperture_ref.scs,yes,results/vabench-main-v1-main120-gold-evas-2026-05-08/vbm1_track_hold_aperture_e2e/staged,results/vabench-main-v1-main120-gold-spectre-jin-2026-05-08/vbm1_track_hold_aperture_e2e/staged,needs_source_task,prompt.md;meta.json;checks.yaml;gold/,vabench_task,vabench-main-v1,normal,clean,vbm1_track_hold_aperture_e2e,,true,true,false,missing_prompt_meta_checks_gold_review
vbm1_track_hold_aperture_tb,track_hold_aperture,tb,tb-generation,sample-hold,no,,vbm1_track_hold_aperture_bugfix:0.38;sample_hold_aperture_tb:0.29;sample_hold_smoke:0.25,PASS,PASS,1.0,1.0,sample_hold_aperture_ref.va;tb_sample_hold_aperture_ref.scs,sample_hold_aperture_ref.va;tb_sample_hold_aperture_ref.scs,sample_hold_aperture_ref.va;tb_sample_hold_aperture_ref.scs,sample_hold_aperture_ref.va;tb_sample_hold_aperture_ref.scs,yes,results/vabench-main-v1-main120-gold-evas-2026-05-08/vbm1_track_hold_aperture_tb/staged,results/vabench-main-v1-main120-gold-spectre-jin-2026-05-08/vbm1_track_hold_aperture_tb/staged,needs_source_task,prompt.md;meta.json;checks.yaml;gold/,vabench_task,vabench-main-v1,normal,clean,vbm1_track_hold_aperture_tb,,true,true,false,missing_prompt_meta_checks_gold_review
vbm1_vco_phase_integrator_bugfix,vco_phase_integrator,bugfix,bugfix,pll-clock,no,,,PASS,PASS,1.0,1.0,tb_vco_phase_integrator_ref.scs;vco_phase_integrator.va,tb_vco_phase_integrator_ref.scs;vco_phase_integrator.va,tb_vco_phase_integrator_ref.scs;vco_phase_integrator.va,tb_vco_phase_integrator_ref.scs;vco_phase_integrator.va,yes,results/vabench-main-v1-main120-gold-evas-2026-05-08/vbm1_vco_phase_integrator_bugfix/staged,results/vabench-main-v1-main120-gold-spectre-jin-2026-05-08/vbm1_vco_phase_integrator_bugfix/staged,needs_source_task,prompt.md;meta.json;checks.yaml;gold/,vabench_task,vabench-main-v1,evidence-only,historical_bugfix_fixed_only,vbm1_vco_phase_integrator_bugfix,,false,false,false,missing_buggy_fixed_pair;needs_D004_review;missing_prompt_meta_checks_gold_review
vbm1_vco_phase_integrator_dut,vco_phase_integrator,dut,spec-to-va,pll-clock,no,,,PASS,PASS,1.0,1.0,tb_vco_phase_integrator_ref.scs;vco_phase_integrator.va,tb_vco_phase_integrator_ref.scs;vco_phase_integrator.va,tb_vco_phase_integrator_ref.scs;vco_phase_integrator.va,tb_vco_phase_integrator_ref.scs;vco_phase_integrator.va,yes,results/vabench-main-v1-main120-gold-evas-2026-05-08/vbm1_vco_phase_integrator_dut/staged,results/vabench-main-v1-main120-gold-spectre-jin-2026-05-08/vbm1_vco_phase_integrator_dut/staged,needs_source_task,prompt.md;meta.json;checks.yaml;gold/,vabench_task,vabench-main-v1,normal,clean,vbm1_vco_phase_integrator_dut,,true,true,false,missing_prompt_meta_checks_gold_review
vbm1_vco_phase_integrator_e2e,vco_phase_integrator,e2e,end-to-end,pll-clock,no,,,PASS,PASS,1.0,1.0,tb_vco_phase_integrator_ref.scs;vco_phase_integrator.va,tb_vco_phase_integrator_ref.scs;vco_phase_integrator.va,tb_vco_phase_integrator_ref.scs;vco_phase_integrator.va,tb_vco_phase_integrator_ref.scs;vco_phase_integrator.va,yes,results/vabench-main-v1-main120-gold-evas-2026-05-08/vbm1_vco_phase_integrator_e2e/staged,results/vabench-main-v1-main120-gold-spectre-jin-2026-05-08/vbm1_vco_phase_integrator_e2e/staged,needs_source_task,prompt.md;meta.json;checks.yaml;gold/,vabench_task,vabench-main-v1,normal,clean,vbm1_vco_phase_integrator_e2e,,true,true,false,missing_prompt_meta_checks_gold_review
vbm1_vco_phase_integrator_tb,vco_phase_integrator,tb,tb-generation,pll-clock,no,,,PASS,PASS,1.0,1.0,tb_vco_phase_integrator_ref.scs;vco_phase_integrator.va,tb_vco_phase_integrator_ref.scs;vco_phase_integrator.va,tb_vco_phase_integrator_ref.scs;vco_phase_integrator.va,tb_vco_phase_integrator_ref.scs;vco_phase_integrator.va,yes,results/vabench-main-v1-main120-gold-evas-2026-05-08/vbm1_vco_phase_integrator_tb/staged,results/vabench-main-v1-main120-gold-spectre-jin-2026-05-08/vbm1_vco_phase_integrator_tb/staged,needs_source_task,prompt.md;meta.json;checks.yaml;gold/,vabench_task,vabench-main-v1,normal,clean,vbm1_vco_phase_integrator_tb,,true,true,false,missing_prompt_meta_checks_gold_review
vbm1_voltage_clamp_bugfix,voltage_clamp,bugfix,bugfix,signal-source,no,,,PASS,PASS,1.0,1.0,dut.va;tb_ref.scs,dut.va;tb_ref.scs,dut.va;tb_ref.scs,dut.va;tb_ref.scs,yes,results/vabench-main-v1-main120-gold-evas-2026-05-08/vbm1_voltage_clamp_bugfix/staged,results/vabench-main-v1-main120-gold-spectre-jin-2026-05-08/vbm1_voltage_clamp_bugfix/staged,needs_source_task,prompt.md;meta.json;checks.yaml;gold/,vabench_task,vabench-main-v1,evidence-only,historical_bugfix_fixed_only,vbm1_voltage_clamp_bugfix,,false,false,false,missing_buggy_fixed_pair;needs_D004_review;missing_prompt_meta_checks_gold_review
vbm1_voltage_clamp_dut,voltage_clamp,dut,spec-to-va,signal-source,no,,,PASS,PASS,1.0,1.0,dut.va;tb_ref.scs,dut.va;tb_ref.scs,dut.va;tb_ref.scs,dut.va;tb_ref.scs,yes,results/vabench-main-v1-main120-gold-evas-2026-05-08/vbm1_voltage_clamp_dut/staged,results/vabench-main-v1-main120-gold-spectre-jin-2026-05-08/vbm1_voltage_clamp_dut/staged,needs_source_task,prompt.md;meta.json;checks.yaml;gold/,vabench_task,vabench-main-v1,normal,clean,vbm1_voltage_clamp_dut,,true,true,false,missing_prompt_meta_checks_gold_review
vbm1_voltage_clamp_e2e,voltage_clamp,e2e,end-to-end,signal-source,no,,,PASS,PASS,1.0,1.0,dut.va;tb_ref.scs,dut.va;tb_ref.scs,dut.va;tb_ref.scs,dut.va;tb_ref.scs,yes,results/vabench-main-v1-main120-gold-evas-2026-05-08/vbm1_voltage_clamp_e2e/staged,results/vabench-main-v1-main120-gold-spectre-jin-2026-05-08/vbm1_voltage_clamp_e2e/staged,needs_source_task,prompt.md;meta.json;checks.yaml;gold/,vabench_task,vabench-main-v1,normal,clean,vbm1_voltage_clamp_e2e,,true,true,false,missing_prompt_meta_checks_gold_review
vbm1_voltage_clamp_tb,voltage_clamp,tb,tb-generation,signal-source,no,,,PASS,PASS,1.0,1.0,dut.va;tb_ref.scs,dut.va;tb_ref.scs,dut.va;tb_ref.scs,dut.va;tb_ref.scs,yes,results/vabench-main-v1-main120-gold-evas-2026-05-08/vbm1_voltage_clamp_tb/staged,results/vabench-main-v1-main120-gold-spectre-jin-2026-05-08/vbm1_voltage_clamp_tb/staged,needs_source_task,prompt.md;meta.json;checks.yaml;gold/,vabench_task,vabench-main-v1,normal,clean,vbm1_voltage_clamp_tb,,true,true,false,missing_prompt_meta_checks_gold_review
