model,model_id,model_slug,provider,reasoning_mode,task_id,sample_idx,status,finish_reason,family,source_collection,task_form,core_function,benchmark_split,input_tokens,output_tokens,reasoning_tokens,total_tokens,api_elapsed_s,task_elapsed_s,api_call_count,generated_at,meta_path
mimo-v2.5-pro,mimo-v2.5-pro,mimo-v2.5-pro,,,vbm1_background_calibration_accumulator_bugfix,0,source_selected,,bugfix,balanced_supplement_v1,bugfix,calibration/control,benchmark-vabench-main-v1,0,0,0,0,0.0,0.0,0,2026-05-09T05:02:50.635226+00:00,/Users/bucketsran/Documents/TsingProject/vaEvas/behavioral-veriloga-eval/generated-main120-S1-compile-skill-prompt-mimo-v2.5-pro-20260509/mimo-v2.5-pro/vbm1_background_calibration_accumulator_bugfix/sample_0/generation_meta.json
mimo-v2.5-pro,mimo-v2.5-pro,mimo-v2.5-pro,,,vbm1_background_calibration_accumulator_dut,0,source_selected,,spec-to-va,balanced_supplement_v1,spec-to-va,calibration/control,benchmark-vabench-main-v1,0,0,0,0,0.0,0.0,0,2026-05-09T05:02:50.635140+00:00,/Users/bucketsran/Documents/TsingProject/vaEvas/behavioral-veriloga-eval/generated-main120-S1-compile-skill-prompt-mimo-v2.5-pro-20260509/mimo-v2.5-pro/vbm1_background_calibration_accumulator_dut/sample_0/generation_meta.json
mimo-v2.5-pro,mimo-v2.5-pro,mimo-v2.5-pro,,,vbm1_background_calibration_accumulator_e2e,0,source_selected,,end-to-end,balanced_supplement_v1,end-to-end,calibration/control,benchmark-vabench-main-v1,0,0,0,0,0.0,0.0,0,2026-05-09T05:02:50.640044+00:00,/Users/bucketsran/Documents/TsingProject/vaEvas/behavioral-veriloga-eval/generated-main120-S1-compile-skill-prompt-mimo-v2.5-pro-20260509/mimo-v2.5-pro/vbm1_background_calibration_accumulator_e2e/sample_0/generation_meta.json
mimo-v2.5-pro,mimo-v2.5-pro,mimo-v2.5-pro,,,vbm1_background_calibration_accumulator_tb,0,source_selected,,tb-generation,balanced_supplement_v1,tb-generation,calibration/control,benchmark-vabench-main-v1,0,0,0,0,0.0,0.0,0,2026-05-09T05:02:50.634789+00:00,/Users/bucketsran/Documents/TsingProject/vaEvas/behavioral-veriloga-eval/generated-main120-S1-compile-skill-prompt-mimo-v2.5-pro-20260509/mimo-v2.5-pro/vbm1_background_calibration_accumulator_tb/sample_0/generation_meta.json
mimo-v2.5-pro,mimo-v2.5-pro,mimo-v2.5-pro,mimo,mimo_thinking:disabled,vbm1_barrel_pointer_window_bugfix,0,generated,stop,bugfix,balanced_supplement_v1,bugfix,pointer/selection,benchmark-vabench-main-v1,3400,273,0,3673,5.813,5.826,1,2026-05-09T05:02:56.908614+00:00,/Users/bucketsran/Documents/TsingProject/vaEvas/behavioral-veriloga-eval/generated-main120-S1-compile-skill-prompt-mimo-v2.5-pro-20260509/mimo-v2.5-pro/vbm1_barrel_pointer_window_bugfix/sample_0/generation_meta.json
mimo-v2.5-pro,mimo-v2.5-pro,mimo-v2.5-pro,mimo,mimo_thinking:disabled,vbm1_barrel_pointer_window_dut,0,generated,stop,spec-to-va,balanced_supplement_v1,spec-to-va,pointer/selection,benchmark-vabench-main-v1,3404,495,0,3899,7.812,7.825,1,2026-05-09T05:02:58.828530+00:00,/Users/bucketsran/Documents/TsingProject/vaEvas/behavioral-veriloga-eval/generated-main120-S1-compile-skill-prompt-mimo-v2.5-pro-20260509/mimo-v2.5-pro/vbm1_barrel_pointer_window_dut/sample_0/generation_meta.json
mimo-v2.5-pro,mimo-v2.5-pro,mimo-v2.5-pro,mimo,mimo_thinking:disabled,vbm1_barrel_pointer_window_e2e,0,generated,stop,end-to-end,balanced_supplement_v1,end-to-end,pointer/selection,benchmark-vabench-main-v1,3885,712,0,4597,10.268,10.285,1,2026-05-09T05:03:01.323102+00:00,/Users/bucketsran/Documents/TsingProject/vaEvas/behavioral-veriloga-eval/generated-main120-S1-compile-skill-prompt-mimo-v2.5-pro-20260509/mimo-v2.5-pro/vbm1_barrel_pointer_window_e2e/sample_0/generation_meta.json
mimo-v2.5-pro,mimo-v2.5-pro,mimo-v2.5-pro,,,vbm1_barrel_pointer_window_tb,0,source_selected,,tb-generation,balanced_supplement_v1,tb-generation,pointer/selection,benchmark-vabench-main-v1,0,0,0,0,0.0,0.0,0,2026-05-09T05:02:50.635997+00:00,/Users/bucketsran/Documents/TsingProject/vaEvas/behavioral-veriloga-eval/generated-main120-S1-compile-skill-prompt-mimo-v2.5-pro-20260509/mimo-v2.5-pro/vbm1_barrel_pointer_window_tb/sample_0/generation_meta.json
mimo-v2.5-pro,mimo-v2.5-pro,mimo-v2.5-pro,,,vbm1_cdac_calibration_bugfix,0,source_selected,,bugfix,balanced_supplement_v1,bugfix,data conversion/calibration,benchmark-vabench-main-v1,0,0,0,0,0.0,0.0,0,2026-05-09T05:02:50.649035+00:00,/Users/bucketsran/Documents/TsingProject/vaEvas/behavioral-veriloga-eval/generated-main120-S1-compile-skill-prompt-mimo-v2.5-pro-20260509/mimo-v2.5-pro/vbm1_cdac_calibration_bugfix/sample_0/generation_meta.json
mimo-v2.5-pro,mimo-v2.5-pro,mimo-v2.5-pro,,,vbm1_cdac_calibration_dut,0,source_selected,,spec-to-va,balanced_supplement_v1,spec-to-va,data conversion/calibration,benchmark-vabench-main-v1,0,0,0,0,0.0,0.0,0,2026-05-09T05:02:50.648099+00:00,/Users/bucketsran/Documents/TsingProject/vaEvas/behavioral-veriloga-eval/generated-main120-S1-compile-skill-prompt-mimo-v2.5-pro-20260509/mimo-v2.5-pro/vbm1_cdac_calibration_dut/sample_0/generation_meta.json
mimo-v2.5-pro,mimo-v2.5-pro,mimo-v2.5-pro,,,vbm1_cdac_calibration_e2e,0,source_selected,,end-to-end,balanced_supplement_v1,end-to-end,data conversion/calibration,benchmark-vabench-main-v1,0,0,0,0,0.0,0.0,0,2026-05-09T05:02:50.651014+00:00,/Users/bucketsran/Documents/TsingProject/vaEvas/behavioral-veriloga-eval/generated-main120-S1-compile-skill-prompt-mimo-v2.5-pro-20260509/mimo-v2.5-pro/vbm1_cdac_calibration_e2e/sample_0/generation_meta.json
mimo-v2.5-pro,mimo-v2.5-pro,mimo-v2.5-pro,,,vbm1_cdac_calibration_tb,0,source_selected,,tb-generation,balanced_supplement_v1,tb-generation,data conversion/calibration,benchmark-vabench-main-v1,0,0,0,0,0.0,0.0,0,2026-05-09T05:02:50.649148+00:00,/Users/bucketsran/Documents/TsingProject/vaEvas/behavioral-veriloga-eval/generated-main120-S1-compile-skill-prompt-mimo-v2.5-pro-20260509/mimo-v2.5-pro/vbm1_cdac_calibration_tb/sample_0/generation_meta.json
mimo-v2.5-pro,mimo-v2.5-pro,mimo-v2.5-pro,mimo,mimo_thinking:disabled,vbm1_debounce_latch_bugfix,0,generated,stop,bugfix,balanced_supplement_v1,bugfix,stateful analog memory,benchmark-vabench-main-v1,3266,320,0,3586,5.799,5.81,1,2026-05-09T05:02:56.904334+00:00,/Users/bucketsran/Documents/TsingProject/vaEvas/behavioral-veriloga-eval/generated-main120-S1-compile-skill-prompt-mimo-v2.5-pro-20260509/mimo-v2.5-pro/vbm1_debounce_latch_bugfix/sample_0/generation_meta.json
mimo-v2.5-pro,mimo-v2.5-pro,mimo-v2.5-pro,,,vbm1_debounce_latch_dut,0,source_selected,,spec-to-va,balanced_supplement_v1,spec-to-va,stateful analog memory,benchmark-vabench-main-v1,0,0,0,0,0.0,0.0,0,2026-05-09T05:02:50.656520+00:00,/Users/bucketsran/Documents/TsingProject/vaEvas/behavioral-veriloga-eval/generated-main120-S1-compile-skill-prompt-mimo-v2.5-pro-20260509/mimo-v2.5-pro/vbm1_debounce_latch_dut/sample_0/generation_meta.json
mimo-v2.5-pro,mimo-v2.5-pro,mimo-v2.5-pro,mimo,mimo_thinking:disabled,vbm1_debounce_latch_e2e,0,generated,stop,end-to-end,balanced_supplement_v1,end-to-end,stateful analog memory,benchmark-vabench-main-v1,3939,719,0,4658,10.829,10.84,1,2026-05-09T05:03:01.509663+00:00,/Users/bucketsran/Documents/TsingProject/vaEvas/behavioral-veriloga-eval/generated-main120-S1-compile-skill-prompt-mimo-v2.5-pro-20260509/mimo-v2.5-pro/vbm1_debounce_latch_e2e/sample_0/generation_meta.json
mimo-v2.5-pro,mimo-v2.5-pro,mimo-v2.5-pro,mimo,mimo_thinking:disabled,vbm1_debounce_latch_tb,0,generated,stop,tb-generation,balanced_supplement_v1,tb-generation,stateful analog memory,benchmark-vabench-main-v1,3070,780,0,3850,11.483,11.489,1,2026-05-09T05:03:02.163572+00:00,/Users/bucketsran/Documents/TsingProject/vaEvas/behavioral-veriloga-eval/generated-main120-S1-compile-skill-prompt-mimo-v2.5-pro-20260509/mimo-v2.5-pro/vbm1_debounce_latch_tb/sample_0/generation_meta.json
mimo-v2.5-pro,mimo-v2.5-pro,mimo-v2.5-pro,,,vbm1_edge_detector_bugfix,0,source_selected,,bugfix,balanced_supplement_v1,bugfix,event/timing,benchmark-vabench-main-v1,0,0,0,0,0.0,0.0,0,2026-05-09T05:02:50.657978+00:00,/Users/bucketsran/Documents/TsingProject/vaEvas/behavioral-veriloga-eval/generated-main120-S1-compile-skill-prompt-mimo-v2.5-pro-20260509/mimo-v2.5-pro/vbm1_edge_detector_bugfix/sample_0/generation_meta.json
mimo-v2.5-pro,mimo-v2.5-pro,mimo-v2.5-pro,,,vbm1_edge_detector_dut,0,source_selected,,spec-to-va,balanced_supplement_v1,spec-to-va,event/timing,benchmark-vabench-main-v1,0,0,0,0,0.0,0.0,0,2026-05-09T05:02:50.679096+00:00,/Users/bucketsran/Documents/TsingProject/vaEvas/behavioral-veriloga-eval/generated-main120-S1-compile-skill-prompt-mimo-v2.5-pro-20260509/mimo-v2.5-pro/vbm1_edge_detector_dut/sample_0/generation_meta.json
mimo-v2.5-pro,mimo-v2.5-pro,mimo-v2.5-pro,mimo,mimo_thinking:disabled,vbm1_edge_detector_e2e,0,generated,stop,end-to-end,balanced_supplement_v1,end-to-end,event/timing,benchmark-vabench-main-v1,3649,548,0,4197,8.685,8.721,1,2026-05-09T05:02:59.401950+00:00,/Users/bucketsran/Documents/TsingProject/vaEvas/behavioral-veriloga-eval/generated-main120-S1-compile-skill-prompt-mimo-v2.5-pro-20260509/mimo-v2.5-pro/vbm1_edge_detector_e2e/sample_0/generation_meta.json
mimo-v2.5-pro,mimo-v2.5-pro,mimo-v2.5-pro,mimo,mimo_thinking:disabled,vbm1_edge_detector_tb,0,generated,stop,tb-generation,balanced_supplement_v1,tb-generation,event/timing,benchmark-vabench-main-v1,2864,264,0,3128,5.847,5.858,1,2026-05-09T05:02:56.906609+00:00,/Users/bucketsran/Documents/TsingProject/vaEvas/behavioral-veriloga-eval/generated-main120-S1-compile-skill-prompt-mimo-v2.5-pro-20260509/mimo-v2.5-pro/vbm1_edge_detector_tb/sample_0/generation_meta.json
mimo-v2.5-pro,mimo-v2.5-pro,mimo-v2.5-pro,mimo,mimo_thinking:disabled,vbm1_element_shuffler_bugfix,0,generated,stop,bugfix,balanced_supplement_v1,bugfix,pointer/selection,benchmark-vabench-main-v1,3347,337,0,3684,7.787,7.796,1,2026-05-09T05:03:05.075654+00:00,/Users/bucketsran/Documents/TsingProject/vaEvas/behavioral-veriloga-eval/generated-main120-S1-compile-skill-prompt-mimo-v2.5-pro-20260509/mimo-v2.5-pro/vbm1_element_shuffler_bugfix/sample_0/generation_meta.json
mimo-v2.5-pro,mimo-v2.5-pro,mimo-v2.5-pro,,,vbm1_element_shuffler_dut,0,source_selected,,spec-to-va,balanced_supplement_v1,spec-to-va,pointer/selection,benchmark-vabench-main-v1,0,0,0,0,0.0,0.0,0,2026-05-09T05:02:56.917013+00:00,/Users/bucketsran/Documents/TsingProject/vaEvas/behavioral-veriloga-eval/generated-main120-S1-compile-skill-prompt-mimo-v2.5-pro-20260509/mimo-v2.5-pro/vbm1_element_shuffler_dut/sample_0/generation_meta.json
mimo-v2.5-pro,mimo-v2.5-pro,mimo-v2.5-pro,,,vbm1_element_shuffler_e2e,0,source_selected,,end-to-end,balanced_supplement_v1,end-to-end,pointer/selection,benchmark-vabench-main-v1,0,0,0,0,0.0,0.0,0,2026-05-09T05:02:56.919956+00:00,/Users/bucketsran/Documents/TsingProject/vaEvas/behavioral-veriloga-eval/generated-main120-S1-compile-skill-prompt-mimo-v2.5-pro-20260509/mimo-v2.5-pro/vbm1_element_shuffler_e2e/sample_0/generation_meta.json
mimo-v2.5-pro,mimo-v2.5-pro,mimo-v2.5-pro,,,vbm1_element_shuffler_tb,0,source_selected,,tb-generation,balanced_supplement_v1,tb-generation,pointer/selection,benchmark-vabench-main-v1,0,0,0,0,0.0,0.0,0,2026-05-09T05:02:56.924677+00:00,/Users/bucketsran/Documents/TsingProject/vaEvas/behavioral-veriloga-eval/generated-main120-S1-compile-skill-prompt-mimo-v2.5-pro-20260509/mimo-v2.5-pro/vbm1_element_shuffler_tb/sample_0/generation_meta.json
mimo-v2.5-pro,mimo-v2.5-pro,mimo-v2.5-pro,,,vbm1_file_metric_writer_bugfix,0,source_selected,,bugfix,balanced_supplement_v1,bugfix,source/measurement/TB,benchmark-vabench-main-v1,0,0,0,0,0.0,0.0,0,2026-05-09T05:02:56.926860+00:00,/Users/bucketsran/Documents/TsingProject/vaEvas/behavioral-veriloga-eval/generated-main120-S1-compile-skill-prompt-mimo-v2.5-pro-20260509/mimo-v2.5-pro/vbm1_file_metric_writer_bugfix/sample_0/generation_meta.json
mimo-v2.5-pro,mimo-v2.5-pro,mimo-v2.5-pro,,,vbm1_file_metric_writer_dut,0,source_selected,,spec-to-va,balanced_supplement_v1,spec-to-va,source/measurement/TB,benchmark-vabench-main-v1,0,0,0,0,0.0,0.0,0,2026-05-09T05:02:56.932363+00:00,/Users/bucketsran/Documents/TsingProject/vaEvas/behavioral-veriloga-eval/generated-main120-S1-compile-skill-prompt-mimo-v2.5-pro-20260509/mimo-v2.5-pro/vbm1_file_metric_writer_dut/sample_0/generation_meta.json
mimo-v2.5-pro,mimo-v2.5-pro,mimo-v2.5-pro,,,vbm1_file_metric_writer_e2e,0,source_selected,,end-to-end,balanced_supplement_v1,end-to-end,source/measurement/TB,benchmark-vabench-main-v1,0,0,0,0,0.0,0.0,0,2026-05-09T05:02:56.935945+00:00,/Users/bucketsran/Documents/TsingProject/vaEvas/behavioral-veriloga-eval/generated-main120-S1-compile-skill-prompt-mimo-v2.5-pro-20260509/mimo-v2.5-pro/vbm1_file_metric_writer_e2e/sample_0/generation_meta.json
mimo-v2.5-pro,mimo-v2.5-pro,mimo-v2.5-pro,,,vbm1_file_metric_writer_tb,0,source_selected,,tb-generation,balanced_supplement_v1,tb-generation,source/measurement/TB,benchmark-vabench-main-v1,0,0,0,0,0.0,0.0,0,2026-05-09T05:02:56.939744+00:00,/Users/bucketsran/Documents/TsingProject/vaEvas/behavioral-veriloga-eval/generated-main120-S1-compile-skill-prompt-mimo-v2.5-pro-20260509/mimo-v2.5-pro/vbm1_file_metric_writer_tb/sample_0/generation_meta.json
mimo-v2.5-pro,mimo-v2.5-pro,mimo-v2.5-pro,mimo,mimo_thinking:disabled,vbm1_first_order_lowpass_bugfix,0,generated,stop,bugfix,balanced_supplement_v1,bugfix,continuous dynamics,benchmark-vabench-main-v1,2868,208,0,3076,6.148,6.156,1,2026-05-09T05:03:03.434854+00:00,/Users/bucketsran/Documents/TsingProject/vaEvas/behavioral-veriloga-eval/generated-main120-S1-compile-skill-prompt-mimo-v2.5-pro-20260509/mimo-v2.5-pro/vbm1_first_order_lowpass_bugfix/sample_0/generation_meta.json
mimo-v2.5-pro,mimo-v2.5-pro,mimo-v2.5-pro,mimo,mimo_thinking:disabled,vbm1_first_order_lowpass_dut,0,generated,stop,spec-to-va,balanced_supplement_v1,spec-to-va,continuous dynamics,benchmark-vabench-main-v1,6046,757,0,6803,11.192,11.204,2,2026-05-09T05:03:08.465387+00:00,/Users/bucketsran/Documents/TsingProject/vaEvas/behavioral-veriloga-eval/generated-main120-S1-compile-skill-prompt-mimo-v2.5-pro-20260509/mimo-v2.5-pro/vbm1_first_order_lowpass_dut/sample_0/generation_meta.json
mimo-v2.5-pro,mimo-v2.5-pro,mimo-v2.5-pro,mimo,mimo_thinking:disabled,vbm1_first_order_lowpass_e2e,0,generated,stop,end-to-end,balanced_supplement_v1,end-to-end,continuous dynamics,benchmark-vabench-main-v1,6647,1001,0,7648,16.775,16.783,2,2026-05-09T05:03:15.958119+00:00,/Users/bucketsran/Documents/TsingProject/vaEvas/behavioral-veriloga-eval/generated-main120-S1-compile-skill-prompt-mimo-v2.5-pro-20260509/mimo-v2.5-pro/vbm1_first_order_lowpass_e2e/sample_0/generation_meta.json
mimo-v2.5-pro,mimo-v2.5-pro,mimo-v2.5-pro,,,vbm1_first_order_lowpass_tb,0,source_selected,,tb-generation,balanced_supplement_v1,tb-generation,continuous dynamics,benchmark-vabench-main-v1,0,0,0,0,0.0,0.0,0,2026-05-09T05:02:59.405907+00:00,/Users/bucketsran/Documents/TsingProject/vaEvas/behavioral-veriloga-eval/generated-main120-S1-compile-skill-prompt-mimo-v2.5-pro-20260509/mimo-v2.5-pro/vbm1_first_order_lowpass_tb/sample_0/generation_meta.json
mimo-v2.5-pro,mimo-v2.5-pro,mimo-v2.5-pro,,,vbm1_gain_trim_controller_bugfix,0,source_selected,,bugfix,balanced_supplement_v1,bugfix,calibration/control,benchmark-vabench-main-v1,0,0,0,0,0.0,0.0,0,2026-05-09T05:02:59.409535+00:00,/Users/bucketsran/Documents/TsingProject/vaEvas/behavioral-veriloga-eval/generated-main120-S1-compile-skill-prompt-mimo-v2.5-pro-20260509/mimo-v2.5-pro/vbm1_gain_trim_controller_bugfix/sample_0/generation_meta.json
mimo-v2.5-pro,mimo-v2.5-pro,mimo-v2.5-pro,,,vbm1_gain_trim_controller_dut,0,source_selected,,spec-to-va,balanced_supplement_v1,spec-to-va,calibration/control,benchmark-vabench-main-v1,0,0,0,0,0.0,0.0,0,2026-05-09T05:02:59.413205+00:00,/Users/bucketsran/Documents/TsingProject/vaEvas/behavioral-veriloga-eval/generated-main120-S1-compile-skill-prompt-mimo-v2.5-pro-20260509/mimo-v2.5-pro/vbm1_gain_trim_controller_dut/sample_0/generation_meta.json
mimo-v2.5-pro,mimo-v2.5-pro,mimo-v2.5-pro,,,vbm1_gain_trim_controller_e2e,0,source_selected,,end-to-end,balanced_supplement_v1,end-to-end,calibration/control,benchmark-vabench-main-v1,0,0,0,0,0.0,0.0,0,2026-05-09T05:02:59.417997+00:00,/Users/bucketsran/Documents/TsingProject/vaEvas/behavioral-veriloga-eval/generated-main120-S1-compile-skill-prompt-mimo-v2.5-pro-20260509/mimo-v2.5-pro/vbm1_gain_trim_controller_e2e/sample_0/generation_meta.json
mimo-v2.5-pro,mimo-v2.5-pro,mimo-v2.5-pro,,,vbm1_gain_trim_controller_tb,0,source_selected,,tb-generation,balanced_supplement_v1,tb-generation,calibration/control,benchmark-vabench-main-v1,0,0,0,0,0.0,0.0,0,2026-05-09T05:02:59.421333+00:00,/Users/bucketsran/Documents/TsingProject/vaEvas/behavioral-veriloga-eval/generated-main120-S1-compile-skill-prompt-mimo-v2.5-pro-20260509/mimo-v2.5-pro/vbm1_gain_trim_controller_tb/sample_0/generation_meta.json
mimo-v2.5-pro,mimo-v2.5-pro,mimo-v2.5-pro,,,vbm1_leaky_hold_bugfix,0,source_selected,,bugfix,balanced_supplement_v1,bugfix,stateful analog memory,benchmark-vabench-main-v1,0,0,0,0,0.0,0.0,0,2026-05-09T05:02:59.424494+00:00,/Users/bucketsran/Documents/TsingProject/vaEvas/behavioral-veriloga-eval/generated-main120-S1-compile-skill-prompt-mimo-v2.5-pro-20260509/mimo-v2.5-pro/vbm1_leaky_hold_bugfix/sample_0/generation_meta.json
mimo-v2.5-pro,mimo-v2.5-pro,mimo-v2.5-pro,mimo,mimo_thinking:disabled,vbm1_leaky_hold_dut,0,generated,stop,spec-to-va,balanced_supplement_v1,spec-to-va,stateful analog memory,benchmark-vabench-main-v1,3292,380,0,3672,6.237,6.241,1,2026-05-09T05:03:06.067529+00:00,/Users/bucketsran/Documents/TsingProject/vaEvas/behavioral-veriloga-eval/generated-main120-S1-compile-skill-prompt-mimo-v2.5-pro-20260509/mimo-v2.5-pro/vbm1_leaky_hold_dut/sample_0/generation_meta.json
mimo-v2.5-pro,mimo-v2.5-pro,mimo-v2.5-pro,mimo,mimo_thinking:disabled,vbm1_leaky_hold_e2e,0,generated,stop,end-to-end,balanced_supplement_v1,end-to-end,stateful analog memory,benchmark-vabench-main-v1,3606,509,0,4115,9.067,9.072,1,2026-05-09T05:03:10.692854+00:00,/Users/bucketsran/Documents/TsingProject/vaEvas/behavioral-veriloga-eval/generated-main120-S1-compile-skill-prompt-mimo-v2.5-pro-20260509/mimo-v2.5-pro/vbm1_leaky_hold_e2e/sample_0/generation_meta.json
mimo-v2.5-pro,mimo-v2.5-pro,mimo-v2.5-pro,,,vbm1_leaky_hold_tb,0,source_selected,,tb-generation,balanced_supplement_v1,tb-generation,stateful analog memory,benchmark-vabench-main-v1,0,0,0,0,0.0,0.0,0,2026-05-09T05:03:01.513505+00:00,/Users/bucketsran/Documents/TsingProject/vaEvas/behavioral-veriloga-eval/generated-main120-S1-compile-skill-prompt-mimo-v2.5-pro-20260509/mimo-v2.5-pro/vbm1_leaky_hold_tb/sample_0/generation_meta.json
mimo-v2.5-pro,mimo-v2.5-pro,mimo-v2.5-pro,,,vbm1_lock_detector_bugfix,0,source_selected,,bugfix,original92_taskform_completion_v1,bugfix,calibration/control,benchmark-vabench-main-v1,0,0,0,0,0.0,0.0,0,2026-05-09T05:03:01.517510+00:00,/Users/bucketsran/Documents/TsingProject/vaEvas/behavioral-veriloga-eval/generated-main120-S1-compile-skill-prompt-mimo-v2.5-pro-20260509/mimo-v2.5-pro/vbm1_lock_detector_bugfix/sample_0/generation_meta.json
mimo-v2.5-pro,mimo-v2.5-pro,mimo-v2.5-pro,,,vbm1_lock_detector_dut,0,source_selected,,spec-to-va,original92_taskform_completion_v1,spec-to-va,calibration/control,benchmark-vabench-main-v1,0,0,0,0,0.0,0.0,0,2026-05-09T05:03:01.521066+00:00,/Users/bucketsran/Documents/TsingProject/vaEvas/behavioral-veriloga-eval/generated-main120-S1-compile-skill-prompt-mimo-v2.5-pro-20260509/mimo-v2.5-pro/vbm1_lock_detector_dut/sample_0/generation_meta.json
mimo-v2.5-pro,mimo-v2.5-pro,mimo-v2.5-pro,,,vbm1_lock_detector_e2e,0,source_selected,,end-to-end,original92_taskform_completion_v1,end-to-end,calibration/control,benchmark-vabench-main-v1,0,0,0,0,0.0,0.0,0,2026-05-09T05:03:01.525652+00:00,/Users/bucketsran/Documents/TsingProject/vaEvas/behavioral-veriloga-eval/generated-main120-S1-compile-skill-prompt-mimo-v2.5-pro-20260509/mimo-v2.5-pro/vbm1_lock_detector_e2e/sample_0/generation_meta.json
mimo-v2.5-pro,mimo-v2.5-pro,mimo-v2.5-pro,mimo,mimo_thinking:disabled,vbm1_lock_detector_tb,0,generated,stop,tb-generation,original92_taskform_completion_v1,tb-generation,calibration/control,benchmark-vabench-main-v1,2852,253,0,3105,5.83,5.835,1,2026-05-09T05:03:07.976517+00:00,/Users/bucketsran/Documents/TsingProject/vaEvas/behavioral-veriloga-eval/generated-main120-S1-compile-skill-prompt-mimo-v2.5-pro-20260509/mimo-v2.5-pro/vbm1_lock_detector_tb/sample_0/generation_meta.json
mimo-v2.5-pro,mimo-v2.5-pro,mimo-v2.5-pro,,,vbm1_offset_calibration_fsm_bugfix,0,source_selected,,bugfix,balanced_supplement_v1,bugfix,calibration/control,benchmark-vabench-main-v1,0,0,0,0,0.0,0.0,0,2026-05-09T05:03:02.167472+00:00,/Users/bucketsran/Documents/TsingProject/vaEvas/behavioral-veriloga-eval/generated-main120-S1-compile-skill-prompt-mimo-v2.5-pro-20260509/mimo-v2.5-pro/vbm1_offset_calibration_fsm_bugfix/sample_0/generation_meta.json
mimo-v2.5-pro,mimo-v2.5-pro,mimo-v2.5-pro,,,vbm1_offset_calibration_fsm_dut,0,source_selected,,spec-to-va,balanced_supplement_v1,spec-to-va,calibration/control,benchmark-vabench-main-v1,0,0,0,0,0.0,0.0,0,2026-05-09T05:03:02.171139+00:00,/Users/bucketsran/Documents/TsingProject/vaEvas/behavioral-veriloga-eval/generated-main120-S1-compile-skill-prompt-mimo-v2.5-pro-20260509/mimo-v2.5-pro/vbm1_offset_calibration_fsm_dut/sample_0/generation_meta.json
mimo-v2.5-pro,mimo-v2.5-pro,mimo-v2.5-pro,,,vbm1_offset_calibration_fsm_e2e,0,source_selected,,end-to-end,balanced_supplement_v1,end-to-end,calibration/control,benchmark-vabench-main-v1,0,0,0,0,0.0,0.0,0,2026-05-09T05:03:02.175660+00:00,/Users/bucketsran/Documents/TsingProject/vaEvas/behavioral-veriloga-eval/generated-main120-S1-compile-skill-prompt-mimo-v2.5-pro-20260509/mimo-v2.5-pro/vbm1_offset_calibration_fsm_e2e/sample_0/generation_meta.json
mimo-v2.5-pro,mimo-v2.5-pro,mimo-v2.5-pro,,,vbm1_offset_calibration_fsm_tb,0,source_selected,,tb-generation,balanced_supplement_v1,tb-generation,calibration/control,benchmark-vabench-main-v1,0,0,0,0,0.0,0.0,0,2026-05-09T05:03:02.179087+00:00,/Users/bucketsran/Documents/TsingProject/vaEvas/behavioral-veriloga-eval/generated-main120-S1-compile-skill-prompt-mimo-v2.5-pro-20260509/mimo-v2.5-pro/vbm1_offset_calibration_fsm_tb/sample_0/generation_meta.json
mimo-v2.5-pro,mimo-v2.5-pro,mimo-v2.5-pro,,,vbm1_offset_comparator_bugfix,0,source_selected,,bugfix,original92,bugfix,threshold/static nonlinear,benchmark-vabench-main-v1,0,0,0,0,0.0,0.0,0,2026-05-09T05:03:02.182441+00:00,/Users/bucketsran/Documents/TsingProject/vaEvas/behavioral-veriloga-eval/generated-main120-S1-compile-skill-prompt-mimo-v2.5-pro-20260509/mimo-v2.5-pro/vbm1_offset_comparator_bugfix/sample_0/generation_meta.json
mimo-v2.5-pro,mimo-v2.5-pro,mimo-v2.5-pro,,,vbm1_offset_comparator_dut,0,source_selected,,spec-to-va,original92,spec-to-va,threshold/static nonlinear,benchmark-vabench-main-v1,0,0,0,0,0.0,0.0,0,2026-05-09T05:03:02.185475+00:00,/Users/bucketsran/Documents/TsingProject/vaEvas/behavioral-veriloga-eval/generated-main120-S1-compile-skill-prompt-mimo-v2.5-pro-20260509/mimo-v2.5-pro/vbm1_offset_comparator_dut/sample_0/generation_meta.json
mimo-v2.5-pro,mimo-v2.5-pro,mimo-v2.5-pro,mimo,mimo_thinking:disabled,vbm1_offset_comparator_e2e,0,generated,stop,end-to-end,original92,end-to-end,threshold/static nonlinear,benchmark-vabench-main-v1,3955,622,0,4577,10.158,10.166,1,2026-05-09T05:03:12.992117+00:00,/Users/bucketsran/Documents/TsingProject/vaEvas/behavioral-veriloga-eval/generated-main120-S1-compile-skill-prompt-mimo-v2.5-pro-20260509/mimo-v2.5-pro/vbm1_offset_comparator_e2e/sample_0/generation_meta.json
mimo-v2.5-pro,mimo-v2.5-pro,mimo-v2.5-pro,mimo,mimo_thinking:disabled,vbm1_offset_comparator_tb,0,generated,stop,tb-generation,original92,tb-generation,threshold/static nonlinear,benchmark-vabench-main-v1,3707,827,0,4534,10.231,10.237,1,2026-05-09T05:03:14.636246+00:00,/Users/bucketsran/Documents/TsingProject/vaEvas/behavioral-veriloga-eval/generated-main120-S1-compile-skill-prompt-mimo-v2.5-pro-20260509/mimo-v2.5-pro/vbm1_offset_comparator_tb/sample_0/generation_meta.json
mimo-v2.5-pro,mimo-v2.5-pro,mimo-v2.5-pro,,,vbm1_one_shot_timer_bugfix,0,source_selected,,bugfix,original92,bugfix,event/timing,benchmark-vabench-main-v1,0,0,0,0,0.0,0.0,0,2026-05-09T05:03:05.080194+00:00,/Users/bucketsran/Documents/TsingProject/vaEvas/behavioral-veriloga-eval/generated-main120-S1-compile-skill-prompt-mimo-v2.5-pro-20260509/mimo-v2.5-pro/vbm1_one_shot_timer_bugfix/sample_0/generation_meta.json
mimo-v2.5-pro,mimo-v2.5-pro,mimo-v2.5-pro,mimo,mimo_thinking:disabled,vbm1_one_shot_timer_dut,0,generated,stop,spec-to-va,original92,spec-to-va,event/timing,benchmark-vabench-main-v1,3251,379,0,3630,5.406,5.41,1,2026-05-09T05:03:10.825598+00:00,/Users/bucketsran/Documents/TsingProject/vaEvas/behavioral-veriloga-eval/generated-main120-S1-compile-skill-prompt-mimo-v2.5-pro-20260509/mimo-v2.5-pro/vbm1_one_shot_timer_dut/sample_0/generation_meta.json
mimo-v2.5-pro,mimo-v2.5-pro,mimo-v2.5-pro,mimo,mimo_thinking:disabled,vbm1_one_shot_timer_e2e,0,generated,stop,end-to-end,original92,end-to-end,event/timing,benchmark-vabench-main-v1,4145,889,0,5034,11.835,11.845,1,2026-05-09T05:03:17.934734+00:00,/Users/bucketsran/Documents/TsingProject/vaEvas/behavioral-veriloga-eval/generated-main120-S1-compile-skill-prompt-mimo-v2.5-pro-20260509/mimo-v2.5-pro/vbm1_one_shot_timer_e2e/sample_0/generation_meta.json
mimo-v2.5-pro,mimo-v2.5-pro,mimo-v2.5-pro,mimo,mimo_thinking:disabled,vbm1_one_shot_timer_tb,0,generated,stop,tb-generation,original92,tb-generation,event/timing,benchmark-vabench-main-v1,3022,347,0,3369,5.115,5.121,1,2026-05-09T05:03:13.272357+00:00,/Users/bucketsran/Documents/TsingProject/vaEvas/behavioral-veriloga-eval/generated-main120-S1-compile-skill-prompt-mimo-v2.5-pro-20260509/mimo-v2.5-pro/vbm1_one_shot_timer_tb/sample_0/generation_meta.json
mimo-v2.5-pro,mimo-v2.5-pro,mimo-v2.5-pro,,,vbm1_peak_detector_bugfix,0,source_selected,,bugfix,balanced_supplement_v1,bugfix,stateful analog memory,benchmark-vabench-main-v1,0,0,0,0,0.0,0.0,0,2026-05-09T05:03:08.468800+00:00,/Users/bucketsran/Documents/TsingProject/vaEvas/behavioral-veriloga-eval/generated-main120-S1-compile-skill-prompt-mimo-v2.5-pro-20260509/mimo-v2.5-pro/vbm1_peak_detector_bugfix/sample_0/generation_meta.json
mimo-v2.5-pro,mimo-v2.5-pro,mimo-v2.5-pro,,,vbm1_peak_detector_dut,0,source_selected,,spec-to-va,balanced_supplement_v1,spec-to-va,stateful analog memory,benchmark-vabench-main-v1,0,0,0,0,0.0,0.0,0,2026-05-09T05:03:08.471926+00:00,/Users/bucketsran/Documents/TsingProject/vaEvas/behavioral-veriloga-eval/generated-main120-S1-compile-skill-prompt-mimo-v2.5-pro-20260509/mimo-v2.5-pro/vbm1_peak_detector_dut/sample_0/generation_meta.json
mimo-v2.5-pro,mimo-v2.5-pro,mimo-v2.5-pro,,,vbm1_peak_detector_e2e,0,source_selected,,end-to-end,balanced_supplement_v1,end-to-end,stateful analog memory,benchmark-vabench-main-v1,0,0,0,0,0.0,0.0,0,2026-05-09T05:03:08.476153+00:00,/Users/bucketsran/Documents/TsingProject/vaEvas/behavioral-veriloga-eval/generated-main120-S1-compile-skill-prompt-mimo-v2.5-pro-20260509/mimo-v2.5-pro/vbm1_peak_detector_e2e/sample_0/generation_meta.json
mimo-v2.5-pro,mimo-v2.5-pro,mimo-v2.5-pro,mimo,mimo_thinking:disabled,vbm1_peak_detector_tb,0,generated,stop,tb-generation,balanced_supplement_v1,tb-generation,stateful analog memory,benchmark-vabench-main-v1,2631,319,0,2950,5.231,5.234,1,2026-05-09T05:03:14.190861+00:00,/Users/bucketsran/Documents/TsingProject/vaEvas/behavioral-veriloga-eval/generated-main120-S1-compile-skill-prompt-mimo-v2.5-pro-20260509/mimo-v2.5-pro/vbm1_peak_detector_tb/sample_0/generation_meta.json
mimo-v2.5-pro,mimo-v2.5-pro,mimo-v2.5-pro,,,vbm1_pfd_reset_race_bugfix,0,source_selected,,bugfix,original92,bugfix,event/timing,benchmark-vabench-main-v1,0,0,0,0,0.0,0.0,0,2026-05-09T05:03:10.696700+00:00,/Users/bucketsran/Documents/TsingProject/vaEvas/behavioral-veriloga-eval/generated-main120-S1-compile-skill-prompt-mimo-v2.5-pro-20260509/mimo-v2.5-pro/vbm1_pfd_reset_race_bugfix/sample_0/generation_meta.json
mimo-v2.5-pro,mimo-v2.5-pro,mimo-v2.5-pro,,,vbm1_pfd_reset_race_dut,0,source_selected,,spec-to-va,original92,spec-to-va,event/timing,benchmark-vabench-main-v1,0,0,0,0,0.0,0.0,0,2026-05-09T05:03:10.700271+00:00,/Users/bucketsran/Documents/TsingProject/vaEvas/behavioral-veriloga-eval/generated-main120-S1-compile-skill-prompt-mimo-v2.5-pro-20260509/mimo-v2.5-pro/vbm1_pfd_reset_race_dut/sample_0/generation_meta.json
mimo-v2.5-pro,mimo-v2.5-pro,mimo-v2.5-pro,,,vbm1_pfd_reset_race_e2e,0,source_selected,,end-to-end,original92,end-to-end,event/timing,benchmark-vabench-main-v1,0,0,0,0,0.0,0.0,0,2026-05-09T05:03:10.709607+00:00,/Users/bucketsran/Documents/TsingProject/vaEvas/behavioral-veriloga-eval/generated-main120-S1-compile-skill-prompt-mimo-v2.5-pro-20260509/mimo-v2.5-pro/vbm1_pfd_reset_race_e2e/sample_0/generation_meta.json
mimo-v2.5-pro,mimo-v2.5-pro,mimo-v2.5-pro,,,vbm1_pfd_reset_race_tb,0,source_selected,,tb-generation,original92,tb-generation,event/timing,benchmark-vabench-main-v1,0,0,0,0,0.0,0.0,0,2026-05-09T05:03:10.713447+00:00,/Users/bucketsran/Documents/TsingProject/vaEvas/behavioral-veriloga-eval/generated-main120-S1-compile-skill-prompt-mimo-v2.5-pro-20260509/mimo-v2.5-pro/vbm1_pfd_reset_race_tb/sample_0/generation_meta.json
mimo-v2.5-pro,mimo-v2.5-pro,mimo-v2.5-pro,mimo,mimo_thinking:disabled,vbm1_precision_rectifier_bugfix,0,generated,stop,bugfix,balanced_supplement_v1,bugfix,threshold/static nonlinear,benchmark-vabench-main-v1,3061,118,0,3179,4.123,4.128,1,2026-05-09T05:03:15.474044+00:00,/Users/bucketsran/Documents/TsingProject/vaEvas/behavioral-veriloga-eval/generated-main120-S1-compile-skill-prompt-mimo-v2.5-pro-20260509/mimo-v2.5-pro/vbm1_precision_rectifier_bugfix/sample_0/generation_meta.json
mimo-v2.5-pro,mimo-v2.5-pro,mimo-v2.5-pro,mimo,mimo_thinking:disabled,vbm1_precision_rectifier_dut,0,generated,stop,spec-to-va,balanced_supplement_v1,spec-to-va,threshold/static nonlinear,benchmark-vabench-main-v1,3010,161,0,3171,4.62,4.626,1,2026-05-09T05:03:16.039647+00:00,/Users/bucketsran/Documents/TsingProject/vaEvas/behavioral-veriloga-eval/generated-main120-S1-compile-skill-prompt-mimo-v2.5-pro-20260509/mimo-v2.5-pro/vbm1_precision_rectifier_dut/sample_0/generation_meta.json
mimo-v2.5-pro,mimo-v2.5-pro,mimo-v2.5-pro,mimo,mimo_thinking:disabled,vbm1_precision_rectifier_e2e,0,generated,stop,end-to-end,balanced_supplement_v1,end-to-end,threshold/static nonlinear,benchmark-vabench-main-v1,3437,345,0,3782,6.088,6.094,1,2026-05-09T05:03:19.389680+00:00,/Users/bucketsran/Documents/TsingProject/vaEvas/behavioral-veriloga-eval/generated-main120-S1-compile-skill-prompt-mimo-v2.5-pro-20260509/mimo-v2.5-pro/vbm1_precision_rectifier_e2e/sample_0/generation_meta.json
mimo-v2.5-pro,mimo-v2.5-pro,mimo-v2.5-pro,,,vbm1_precision_rectifier_tb,0,source_selected,,tb-generation,balanced_supplement_v1,tb-generation,threshold/static nonlinear,benchmark-vabench-main-v1,0,0,0,0,0.0,0.0,0,2026-05-09T05:03:13.276874+00:00,/Users/bucketsran/Documents/TsingProject/vaEvas/behavioral-veriloga-eval/generated-main120-S1-compile-skill-prompt-mimo-v2.5-pro-20260509/mimo-v2.5-pro/vbm1_precision_rectifier_tb/sample_0/generation_meta.json
mimo-v2.5-pro,mimo-v2.5-pro,mimo-v2.5-pro,,,vbm1_resettable_counter_divider_bugfix,0,source_selected,,bugfix,original92,bugfix,event/timing,benchmark-vabench-main-v1,0,0,0,0,0.0,0.0,0,2026-05-09T05:03:13.280784+00:00,/Users/bucketsran/Documents/TsingProject/vaEvas/behavioral-veriloga-eval/generated-main120-S1-compile-skill-prompt-mimo-v2.5-pro-20260509/mimo-v2.5-pro/vbm1_resettable_counter_divider_bugfix/sample_0/generation_meta.json
mimo-v2.5-pro,mimo-v2.5-pro,mimo-v2.5-pro,,,vbm1_resettable_counter_divider_dut,0,source_selected,,spec-to-va,original92,spec-to-va,event/timing,benchmark-vabench-main-v1,0,0,0,0,0.0,0.0,0,2026-05-09T05:03:13.284974+00:00,/Users/bucketsran/Documents/TsingProject/vaEvas/behavioral-veriloga-eval/generated-main120-S1-compile-skill-prompt-mimo-v2.5-pro-20260509/mimo-v2.5-pro/vbm1_resettable_counter_divider_dut/sample_0/generation_meta.json
mimo-v2.5-pro,mimo-v2.5-pro,mimo-v2.5-pro,mimo,mimo_thinking:disabled,vbm1_resettable_counter_divider_e2e,0,generated,stop,end-to-end,original92,end-to-end,event/timing,benchmark-vabench-main-v1,4419,1239,0,5658,15.55,15.555,1,2026-05-09T05:03:32.322884+00:00,/Users/bucketsran/Documents/TsingProject/vaEvas/behavioral-veriloga-eval/generated-main120-S1-compile-skill-prompt-mimo-v2.5-pro-20260509/mimo-v2.5-pro/vbm1_resettable_counter_divider_e2e/sample_0/generation_meta.json
mimo-v2.5-pro,mimo-v2.5-pro,mimo-v2.5-pro,,,vbm1_resettable_counter_divider_tb,0,source_selected,,tb-generation,original92,tb-generation,event/timing,benchmark-vabench-main-v1,0,0,0,0,0.0,0.0,0,2026-05-09T05:03:14.194664+00:00,/Users/bucketsran/Documents/TsingProject/vaEvas/behavioral-veriloga-eval/generated-main120-S1-compile-skill-prompt-mimo-v2.5-pro-20260509/mimo-v2.5-pro/vbm1_resettable_counter_divider_tb/sample_0/generation_meta.json
mimo-v2.5-pro,mimo-v2.5-pro,mimo-v2.5-pro,mimo,mimo_thinking:disabled,vbm1_resettable_integrator_bugfix,0,generated,stop,bugfix,original92_taskform_completion_v1,bugfix,continuous dynamics,benchmark-vabench-main-v1,2953,236,0,3189,4.235,4.241,1,2026-05-09T05:03:18.619561+00:00,/Users/bucketsran/Documents/TsingProject/vaEvas/behavioral-veriloga-eval/generated-main120-S1-compile-skill-prompt-mimo-v2.5-pro-20260509/mimo-v2.5-pro/vbm1_resettable_integrator_bugfix/sample_0/generation_meta.json
mimo-v2.5-pro,mimo-v2.5-pro,mimo-v2.5-pro,mimo,mimo_thinking:disabled,vbm1_resettable_integrator_dut,0,generated,stop,spec-to-va,original92_taskform_completion_v1,spec-to-va,continuous dynamics,benchmark-vabench-main-v1,2848,254,0,3102,4.569,4.572,1,2026-05-09T05:03:19.624435+00:00,/Users/bucketsran/Documents/TsingProject/vaEvas/behavioral-veriloga-eval/generated-main120-S1-compile-skill-prompt-mimo-v2.5-pro-20260509/mimo-v2.5-pro/vbm1_resettable_integrator_dut/sample_0/generation_meta.json
mimo-v2.5-pro,mimo-v2.5-pro,mimo-v2.5-pro,mimo,mimo_thinking:disabled,vbm1_resettable_integrator_e2e,0,generated,stop,end-to-end,original92_taskform_completion_v1,end-to-end,continuous dynamics,benchmark-vabench-main-v1,3302,444,0,3746,6.572,6.578,1,2026-05-09T05:03:22.719931+00:00,/Users/bucketsran/Documents/TsingProject/vaEvas/behavioral-veriloga-eval/generated-main120-S1-compile-skill-prompt-mimo-v2.5-pro-20260509/mimo-v2.5-pro/vbm1_resettable_integrator_e2e/sample_0/generation_meta.json
mimo-v2.5-pro,mimo-v2.5-pro,mimo-v2.5-pro,mimo,mimo_thinking:disabled,vbm1_resettable_integrator_tb,0,generated,stop,tb-generation,original92_taskform_completion_v1,tb-generation,continuous dynamics,benchmark-vabench-main-v1,2901,495,0,3396,6.552,6.556,1,2026-05-09T05:03:22.530806+00:00,/Users/bucketsran/Documents/TsingProject/vaEvas/behavioral-veriloga-eval/generated-main120-S1-compile-skill-prompt-mimo-v2.5-pro-20260509/mimo-v2.5-pro/vbm1_resettable_integrator_tb/sample_0/generation_meta.json
mimo-v2.5-pro,mimo-v2.5-pro,mimo-v2.5-pro,mimo,mimo_thinking:disabled,vbm1_rotating_element_selector_bugfix,0,generated,stop,bugfix,balanced_supplement_v1,bugfix,pointer/selection,benchmark-vabench-main-v1,3357,331,0,3688,5.514,5.52,1,2026-05-09T05:03:21.930520+00:00,/Users/bucketsran/Documents/TsingProject/vaEvas/behavioral-veriloga-eval/generated-main120-S1-compile-skill-prompt-mimo-v2.5-pro-20260509/mimo-v2.5-pro/vbm1_rotating_element_selector_bugfix/sample_0/generation_meta.json
mimo-v2.5-pro,mimo-v2.5-pro,mimo-v2.5-pro,,,vbm1_rotating_element_selector_dut,0,source_selected,,spec-to-va,balanced_supplement_v1,spec-to-va,pointer/selection,benchmark-vabench-main-v1,0,0,0,0,0.0,0.0,0,2026-05-09T05:03:17.938589+00:00,/Users/bucketsran/Documents/TsingProject/vaEvas/behavioral-veriloga-eval/generated-main120-S1-compile-skill-prompt-mimo-v2.5-pro-20260509/mimo-v2.5-pro/vbm1_rotating_element_selector_dut/sample_0/generation_meta.json
mimo-v2.5-pro,mimo-v2.5-pro,mimo-v2.5-pro,,,vbm1_rotating_element_selector_e2e,0,source_selected,,end-to-end,balanced_supplement_v1,end-to-end,pointer/selection,benchmark-vabench-main-v1,0,0,0,0,0.0,0.0,0,2026-05-09T05:03:17.943080+00:00,/Users/bucketsran/Documents/TsingProject/vaEvas/behavioral-veriloga-eval/generated-main120-S1-compile-skill-prompt-mimo-v2.5-pro-20260509/mimo-v2.5-pro/vbm1_rotating_element_selector_e2e/sample_0/generation_meta.json
mimo-v2.5-pro,mimo-v2.5-pro,mimo-v2.5-pro,,,vbm1_rotating_element_selector_tb,0,source_selected,,tb-generation,balanced_supplement_v1,tb-generation,pointer/selection,benchmark-vabench-main-v1,0,0,0,0,0.0,0.0,0,2026-05-09T05:03:17.946617+00:00,/Users/bucketsran/Documents/TsingProject/vaEvas/behavioral-veriloga-eval/generated-main120-S1-compile-skill-prompt-mimo-v2.5-pro-20260509/mimo-v2.5-pro/vbm1_rotating_element_selector_tb/sample_0/generation_meta.json
mimo-v2.5-pro,mimo-v2.5-pro,mimo-v2.5-pro,,,vbm1_sar_logic_4b_bugfix,0,source_selected,,bugfix,original92,bugfix,data conversion,benchmark-vabench-main-v1,0,0,0,0,0.0,0.0,0,2026-05-09T05:03:17.949607+00:00,/Users/bucketsran/Documents/TsingProject/vaEvas/behavioral-veriloga-eval/generated-main120-S1-compile-skill-prompt-mimo-v2.5-pro-20260509/mimo-v2.5-pro/vbm1_sar_logic_4b_bugfix/sample_0/generation_meta.json
mimo-v2.5-pro,mimo-v2.5-pro,mimo-v2.5-pro,,,vbm1_sar_logic_4b_dut,0,source_selected,,spec-to-va,original92,spec-to-va,data conversion,benchmark-vabench-main-v1,0,0,0,0,0.0,0.0,0,2026-05-09T05:03:17.952588+00:00,/Users/bucketsran/Documents/TsingProject/vaEvas/behavioral-veriloga-eval/generated-main120-S1-compile-skill-prompt-mimo-v2.5-pro-20260509/mimo-v2.5-pro/vbm1_sar_logic_4b_dut/sample_0/generation_meta.json
mimo-v2.5-pro,mimo-v2.5-pro,mimo-v2.5-pro,mimo,mimo_thinking:disabled,vbm1_sar_logic_4b_e2e,0,generated,stop,end-to-end,original92,end-to-end,data conversion,benchmark-vabench-main-v1,4240,1164,0,5404,13.743,13.749,1,2026-05-09T05:03:34.273899+00:00,/Users/bucketsran/Documents/TsingProject/vaEvas/behavioral-veriloga-eval/generated-main120-S1-compile-skill-prompt-mimo-v2.5-pro-20260509/mimo-v2.5-pro/vbm1_sar_logic_4b_e2e/sample_0/generation_meta.json
mimo-v2.5-pro,mimo-v2.5-pro,mimo-v2.5-pro,mimo,mimo_thinking:disabled,vbm1_sar_logic_4b_tb,0,generated,stop,tb-generation,original92,tb-generation,data conversion,benchmark-vabench-main-v1,3583,601,0,4184,10.12,10.127,1,2026-05-09T05:03:30.407752+00:00,/Users/bucketsran/Documents/TsingProject/vaEvas/behavioral-veriloga-eval/generated-main120-S1-compile-skill-prompt-mimo-v2.5-pro-20260509/mimo-v2.5-pro/vbm1_sar_logic_4b_tb/sample_0/generation_meta.json
mimo-v2.5-pro,mimo-v2.5-pro,mimo-v2.5-pro,,,vbm1_segmented_dac_bugfix,0,source_selected,,bugfix,balanced_supplement_v1,bugfix,data conversion,benchmark-vabench-main-v1,0,0,0,0,0.0,0.0,0,2026-05-09T05:03:19.393760+00:00,/Users/bucketsran/Documents/TsingProject/vaEvas/behavioral-veriloga-eval/generated-main120-S1-compile-skill-prompt-mimo-v2.5-pro-20260509/mimo-v2.5-pro/vbm1_segmented_dac_bugfix/sample_0/generation_meta.json
mimo-v2.5-pro,mimo-v2.5-pro,mimo-v2.5-pro,,,vbm1_segmented_dac_dut,0,source_selected,,spec-to-va,balanced_supplement_v1,spec-to-va,data conversion,benchmark-vabench-main-v1,0,0,0,0,0.0,0.0,0,2026-05-09T05:03:19.397651+00:00,/Users/bucketsran/Documents/TsingProject/vaEvas/behavioral-veriloga-eval/generated-main120-S1-compile-skill-prompt-mimo-v2.5-pro-20260509/mimo-v2.5-pro/vbm1_segmented_dac_dut/sample_0/generation_meta.json
mimo-v2.5-pro,mimo-v2.5-pro,mimo-v2.5-pro,,,vbm1_segmented_dac_e2e,0,source_selected,,end-to-end,balanced_supplement_v1,end-to-end,data conversion,benchmark-vabench-main-v1,0,0,0,0,0.0,0.0,0,2026-05-09T05:03:19.401919+00:00,/Users/bucketsran/Documents/TsingProject/vaEvas/behavioral-veriloga-eval/generated-main120-S1-compile-skill-prompt-mimo-v2.5-pro-20260509/mimo-v2.5-pro/vbm1_segmented_dac_e2e/sample_0/generation_meta.json
mimo-v2.5-pro,mimo-v2.5-pro,mimo-v2.5-pro,,,vbm1_segmented_dac_tb,0,source_selected,,tb-generation,balanced_supplement_v1,tb-generation,data conversion,benchmark-vabench-main-v1,0,0,0,0,0.0,0.0,0,2026-05-09T05:03:19.405419+00:00,/Users/bucketsran/Documents/TsingProject/vaEvas/behavioral-veriloga-eval/generated-main120-S1-compile-skill-prompt-mimo-v2.5-pro-20260509/mimo-v2.5-pro/vbm1_segmented_dac_tb/sample_0/generation_meta.json
mimo-v2.5-pro,mimo-v2.5-pro,mimo-v2.5-pro,mimo,mimo_thinking:disabled,vbm1_settling_time_measurement_tb_bugfix,0,generated,stop,bugfix,balanced_supplement_v1,bugfix,source/measurement/TB,benchmark-vabench-main-v1,3320,324,0,3644,6.739,6.745,1,2026-05-09T05:03:26.450497+00:00,/Users/bucketsran/Documents/TsingProject/vaEvas/behavioral-veriloga-eval/generated-main120-S1-compile-skill-prompt-mimo-v2.5-pro-20260509/mimo-v2.5-pro/vbm1_settling_time_measurement_tb_bugfix/sample_0/generation_meta.json
mimo-v2.5-pro,mimo-v2.5-pro,mimo-v2.5-pro,mimo,mimo_thinking:disabled,vbm1_settling_time_measurement_tb_dut,0,generated,stop,spec-to-va,balanced_supplement_v1,spec-to-va,source/measurement/TB,benchmark-vabench-main-v1,3228,369,0,3597,14.457,14.461,1,2026-05-09T05:03:34.367284+00:00,/Users/bucketsran/Documents/TsingProject/vaEvas/behavioral-veriloga-eval/generated-main120-S1-compile-skill-prompt-mimo-v2.5-pro-20260509/mimo-v2.5-pro/vbm1_settling_time_measurement_tb_dut/sample_0/generation_meta.json
mimo-v2.5-pro,mimo-v2.5-pro,mimo-v2.5-pro,,,vbm1_settling_time_measurement_tb_e2e,0,source_selected,,end-to-end,balanced_supplement_v1,end-to-end,source/measurement/TB,benchmark-vabench-main-v1,0,0,0,0,0.0,0.0,0,2026-05-09T05:03:21.935370+00:00,/Users/bucketsran/Documents/TsingProject/vaEvas/behavioral-veriloga-eval/generated-main120-S1-compile-skill-prompt-mimo-v2.5-pro-20260509/mimo-v2.5-pro/vbm1_settling_time_measurement_tb_e2e/sample_0/generation_meta.json
mimo-v2.5-pro,mimo-v2.5-pro,mimo-v2.5-pro,,,vbm1_settling_time_measurement_tb_tb,0,source_selected,,tb-generation,balanced_supplement_v1,tb-generation,source/measurement/TB,benchmark-vabench-main-v1,0,0,0,0,0.0,0.0,0,2026-05-09T05:03:21.939068+00:00,/Users/bucketsran/Documents/TsingProject/vaEvas/behavioral-veriloga-eval/generated-main120-S1-compile-skill-prompt-mimo-v2.5-pro-20260509/mimo-v2.5-pro/vbm1_settling_time_measurement_tb_tb/sample_0/generation_meta.json
mimo-v2.5-pro,mimo-v2.5-pro,mimo-v2.5-pro,mimo,mimo_thinking:disabled,vbm1_slew_rate_limiter_bugfix,0,generated,stop,bugfix,balanced_supplement_v1,bugfix,continuous dynamics,benchmark-vabench-main-v1,3010,350,0,3360,5.554,5.561,1,2026-05-09T05:03:27.852277+00:00,/Users/bucketsran/Documents/TsingProject/vaEvas/behavioral-veriloga-eval/generated-main120-S1-compile-skill-prompt-mimo-v2.5-pro-20260509/mimo-v2.5-pro/vbm1_slew_rate_limiter_bugfix/sample_0/generation_meta.json
mimo-v2.5-pro,mimo-v2.5-pro,mimo-v2.5-pro,mimo,mimo_thinking:disabled,vbm1_slew_rate_limiter_dut,0,generated,stop,spec-to-va,balanced_supplement_v1,spec-to-va,continuous dynamics,benchmark-vabench-main-v1,2924,370,0,3294,5.376,5.38,1,2026-05-09T05:03:28.223900+00:00,/Users/bucketsran/Documents/TsingProject/vaEvas/behavioral-veriloga-eval/generated-main120-S1-compile-skill-prompt-mimo-v2.5-pro-20260509/mimo-v2.5-pro/vbm1_slew_rate_limiter_dut/sample_0/generation_meta.json
mimo-v2.5-pro,mimo-v2.5-pro,mimo-v2.5-pro,,,vbm1_slew_rate_limiter_e2e,0,source_selected,,end-to-end,balanced_supplement_v1,end-to-end,continuous dynamics,benchmark-vabench-main-v1,0,0,0,0,0.0,0.0,0,2026-05-09T05:03:22.724956+00:00,/Users/bucketsran/Documents/TsingProject/vaEvas/behavioral-veriloga-eval/generated-main120-S1-compile-skill-prompt-mimo-v2.5-pro-20260509/mimo-v2.5-pro/vbm1_slew_rate_limiter_e2e/sample_0/generation_meta.json
mimo-v2.5-pro,mimo-v2.5-pro,mimo-v2.5-pro,mimo,mimo_thinking:disabled,vbm1_slew_rate_limiter_tb,0,generated,stop,tb-generation,balanced_supplement_v1,tb-generation,continuous dynamics,benchmark-vabench-main-v1,2371,133,0,2504,8.815,8.822,1,2026-05-09T05:03:32.115738+00:00,/Users/bucketsran/Documents/TsingProject/vaEvas/behavioral-veriloga-eval/generated-main120-S1-compile-skill-prompt-mimo-v2.5-pro-20260509/mimo-v2.5-pro/vbm1_slew_rate_limiter_tb/sample_0/generation_meta.json
mimo-v2.5-pro,mimo-v2.5-pro,mimo-v2.5-pro,,,vbm1_strongarm_comparator_behavior_bugfix,0,source_selected,,bugfix,original92,bugfix,threshold/static nonlinear,benchmark-vabench-main-v1,0,0,0,0,0.0,0.0,0,2026-05-09T05:03:26.454186+00:00,/Users/bucketsran/Documents/TsingProject/vaEvas/behavioral-veriloga-eval/generated-main120-S1-compile-skill-prompt-mimo-v2.5-pro-20260509/mimo-v2.5-pro/vbm1_strongarm_comparator_behavior_bugfix/sample_0/generation_meta.json
mimo-v2.5-pro,mimo-v2.5-pro,mimo-v2.5-pro,mimo,mimo_thinking:disabled,vbm1_strongarm_comparator_behavior_dut,0,generated,stop,spec-to-va,original92,spec-to-va,threshold/static nonlinear,benchmark-vabench-main-v1,3435,456,0,3891,7.012,7.016,1,2026-05-09T05:03:35.565502+00:00,/Users/bucketsran/Documents/TsingProject/vaEvas/behavioral-veriloga-eval/generated-main120-S1-compile-skill-prompt-mimo-v2.5-pro-20260509/mimo-v2.5-pro/vbm1_strongarm_comparator_behavior_dut/sample_0/generation_meta.json
mimo-v2.5-pro,mimo-v2.5-pro,mimo-v2.5-pro,,,vbm1_strongarm_comparator_behavior_e2e,0,source_selected,,end-to-end,original92,end-to-end,threshold/static nonlinear,benchmark-vabench-main-v1,0,0,0,0,0.0,0.0,0,2026-05-09T05:03:27.857636+00:00,/Users/bucketsran/Documents/TsingProject/vaEvas/behavioral-veriloga-eval/generated-main120-S1-compile-skill-prompt-mimo-v2.5-pro-20260509/mimo-v2.5-pro/vbm1_strongarm_comparator_behavior_e2e/sample_0/generation_meta.json
mimo-v2.5-pro,mimo-v2.5-pro,mimo-v2.5-pro,,,vbm1_strongarm_comparator_behavior_tb,0,source_selected,,tb-generation,original92,tb-generation,threshold/static nonlinear,benchmark-vabench-main-v1,0,0,0,0,0.0,0.0,0,2026-05-09T05:03:27.861416+00:00,/Users/bucketsran/Documents/TsingProject/vaEvas/behavioral-veriloga-eval/generated-main120-S1-compile-skill-prompt-mimo-v2.5-pro-20260509/mimo-v2.5-pro/vbm1_strongarm_comparator_behavior_tb/sample_0/generation_meta.json
mimo-v2.5-pro,mimo-v2.5-pro,mimo-v2.5-pro,,,vbm1_thermometer_dac_bugfix,0,source_selected,,bugfix,original92,bugfix,data conversion,benchmark-vabench-main-v1,0,0,0,0,0.0,0.0,0,2026-05-09T05:03:27.865329+00:00,/Users/bucketsran/Documents/TsingProject/vaEvas/behavioral-veriloga-eval/generated-main120-S1-compile-skill-prompt-mimo-v2.5-pro-20260509/mimo-v2.5-pro/vbm1_thermometer_dac_bugfix/sample_0/generation_meta.json
mimo-v2.5-pro,mimo-v2.5-pro,mimo-v2.5-pro,,,vbm1_thermometer_dac_dut,0,source_selected,,spec-to-va,original92,spec-to-va,data conversion,benchmark-vabench-main-v1,0,0,0,0,0.0,0.0,0,2026-05-09T05:03:27.869133+00:00,/Users/bucketsran/Documents/TsingProject/vaEvas/behavioral-veriloga-eval/generated-main120-S1-compile-skill-prompt-mimo-v2.5-pro-20260509/mimo-v2.5-pro/vbm1_thermometer_dac_dut/sample_0/generation_meta.json
mimo-v2.5-pro,mimo-v2.5-pro,mimo-v2.5-pro,,,vbm1_thermometer_dac_e2e,0,source_selected,,end-to-end,original92,end-to-end,data conversion,benchmark-vabench-main-v1,0,0,0,0,0.0,0.0,0,2026-05-09T05:03:27.873833+00:00,/Users/bucketsran/Documents/TsingProject/vaEvas/behavioral-veriloga-eval/generated-main120-S1-compile-skill-prompt-mimo-v2.5-pro-20260509/mimo-v2.5-pro/vbm1_thermometer_dac_e2e/sample_0/generation_meta.json
mimo-v2.5-pro,mimo-v2.5-pro,mimo-v2.5-pro,mimo,mimo_thinking:disabled,vbm1_thermometer_dac_tb,0,generated,stop,tb-generation,original92,tb-generation,data conversion,benchmark-vabench-main-v1,3730,849,0,4579,10.406,10.411,1,2026-05-09T05:03:38.457844+00:00,/Users/bucketsran/Documents/TsingProject/vaEvas/behavioral-veriloga-eval/generated-main120-S1-compile-skill-prompt-mimo-v2.5-pro-20260509/mimo-v2.5-pro/vbm1_thermometer_dac_tb/sample_0/generation_meta.json
mimo-v2.5-pro,mimo-v2.5-pro,mimo-v2.5-pro,mimo,mimo_thinking:disabled,vbm1_thermometer_decoder_guarded_bugfix,0,generated,stop,bugfix,balanced_supplement_v1,bugfix,pointer/selection,benchmark-vabench-main-v1,3622,516,0,4138,6.863,6.869,1,2026-05-09T05:03:35.392588+00:00,/Users/bucketsran/Documents/TsingProject/vaEvas/behavioral-veriloga-eval/generated-main120-S1-compile-skill-prompt-mimo-v2.5-pro-20260509/mimo-v2.5-pro/vbm1_thermometer_decoder_guarded_bugfix/sample_0/generation_meta.json
mimo-v2.5-pro,mimo-v2.5-pro,mimo-v2.5-pro,,,vbm1_thermometer_decoder_guarded_dut,0,source_selected,,spec-to-va,balanced_supplement_v1,spec-to-va,pointer/selection,benchmark-vabench-main-v1,0,0,0,0,0.0,0.0,0,2026-05-09T05:03:30.411590+00:00,/Users/bucketsran/Documents/TsingProject/vaEvas/behavioral-veriloga-eval/generated-main120-S1-compile-skill-prompt-mimo-v2.5-pro-20260509/mimo-v2.5-pro/vbm1_thermometer_decoder_guarded_dut/sample_0/generation_meta.json
mimo-v2.5-pro,mimo-v2.5-pro,mimo-v2.5-pro,,,vbm1_thermometer_decoder_guarded_e2e,0,source_selected,,end-to-end,balanced_supplement_v1,end-to-end,pointer/selection,benchmark-vabench-main-v1,0,0,0,0,0.0,0.0,0,2026-05-09T05:03:30.416742+00:00,/Users/bucketsran/Documents/TsingProject/vaEvas/behavioral-veriloga-eval/generated-main120-S1-compile-skill-prompt-mimo-v2.5-pro-20260509/mimo-v2.5-pro/vbm1_thermometer_decoder_guarded_e2e/sample_0/generation_meta.json
mimo-v2.5-pro,mimo-v2.5-pro,mimo-v2.5-pro,,,vbm1_thermometer_decoder_guarded_tb,0,source_selected,,tb-generation,balanced_supplement_v1,tb-generation,pointer/selection,benchmark-vabench-main-v1,0,0,0,0,0.0,0.0,0,2026-05-09T05:03:30.420478+00:00,/Users/bucketsran/Documents/TsingProject/vaEvas/behavioral-veriloga-eval/generated-main120-S1-compile-skill-prompt-mimo-v2.5-pro-20260509/mimo-v2.5-pro/vbm1_thermometer_decoder_guarded_tb/sample_0/generation_meta.json
mimo-v2.5-pro,mimo-v2.5-pro,mimo-v2.5-pro,,,vbm1_track_hold_aperture_bugfix,0,source_selected,,bugfix,original92,bugfix,stateful analog memory,benchmark-vabench-main-v1,0,0,0,0,0.0,0.0,0,2026-05-09T05:03:30.424293+00:00,/Users/bucketsran/Documents/TsingProject/vaEvas/behavioral-veriloga-eval/generated-main120-S1-compile-skill-prompt-mimo-v2.5-pro-20260509/mimo-v2.5-pro/vbm1_track_hold_aperture_bugfix/sample_0/generation_meta.json
mimo-v2.5-pro,mimo-v2.5-pro,mimo-v2.5-pro,,,vbm1_track_hold_aperture_dut,0,source_selected,,spec-to-va,original92,spec-to-va,stateful analog memory,benchmark-vabench-main-v1,0,0,0,0,0.0,0.0,0,2026-05-09T05:03:30.428405+00:00,/Users/bucketsran/Documents/TsingProject/vaEvas/behavioral-veriloga-eval/generated-main120-S1-compile-skill-prompt-mimo-v2.5-pro-20260509/mimo-v2.5-pro/vbm1_track_hold_aperture_dut/sample_0/generation_meta.json
mimo-v2.5-pro,mimo-v2.5-pro,mimo-v2.5-pro,mimo,mimo_thinking:disabled,vbm1_track_hold_aperture_e2e,0,generated,stop,end-to-end,original92,end-to-end,stateful analog memory,benchmark-vabench-main-v1,3788,255,0,4043,5.512,5.519,1,2026-05-09T05:03:36.367730+00:00,/Users/bucketsran/Documents/TsingProject/vaEvas/behavioral-veriloga-eval/generated-main120-S1-compile-skill-prompt-mimo-v2.5-pro-20260509/mimo-v2.5-pro/vbm1_track_hold_aperture_e2e/sample_0/generation_meta.json
mimo-v2.5-pro,mimo-v2.5-pro,mimo-v2.5-pro,mimo,mimo_thinking:disabled,vbm1_track_hold_aperture_tb,0,generated,stop,tb-generation,original92,tb-generation,stateful analog memory,benchmark-vabench-main-v1,3101,289,0,3390,4.691,4.696,1,2026-05-09T05:03:37.964904+00:00,/Users/bucketsran/Documents/TsingProject/vaEvas/behavioral-veriloga-eval/generated-main120-S1-compile-skill-prompt-mimo-v2.5-pro-20260509/mimo-v2.5-pro/vbm1_track_hold_aperture_tb/sample_0/generation_meta.json
mimo-v2.5-pro,mimo-v2.5-pro,mimo-v2.5-pro,mimo,mimo_thinking:disabled,vbm1_vco_phase_integrator_bugfix,0,generated,stop,bugfix,balanced_supplement_v1,bugfix,continuous dynamics/pll,benchmark-vabench-main-v1,3282,345,0,3627,5.373,5.379,1,2026-05-09T05:03:37.867090+00:00,/Users/bucketsran/Documents/TsingProject/vaEvas/behavioral-veriloga-eval/generated-main120-S1-compile-skill-prompt-mimo-v2.5-pro-20260509/mimo-v2.5-pro/vbm1_vco_phase_integrator_bugfix/sample_0/generation_meta.json
mimo-v2.5-pro,mimo-v2.5-pro,mimo-v2.5-pro,,,vbm1_vco_phase_integrator_dut,0,source_selected,,spec-to-va,balanced_supplement_v1,spec-to-va,continuous dynamics/pll,benchmark-vabench-main-v1,0,0,0,0,0.0,0.0,0,2026-05-09T05:03:34.277264+00:00,/Users/bucketsran/Documents/TsingProject/vaEvas/behavioral-veriloga-eval/generated-main120-S1-compile-skill-prompt-mimo-v2.5-pro-20260509/mimo-v2.5-pro/vbm1_vco_phase_integrator_dut/sample_0/generation_meta.json
mimo-v2.5-pro,mimo-v2.5-pro,mimo-v2.5-pro,,,vbm1_vco_phase_integrator_e2e,0,source_selected,,end-to-end,balanced_supplement_v1,end-to-end,continuous dynamics/pll,benchmark-vabench-main-v1,0,0,0,0,0.0,0.0,0,2026-05-09T05:03:34.281930+00:00,/Users/bucketsran/Documents/TsingProject/vaEvas/behavioral-veriloga-eval/generated-main120-S1-compile-skill-prompt-mimo-v2.5-pro-20260509/mimo-v2.5-pro/vbm1_vco_phase_integrator_e2e/sample_0/generation_meta.json
mimo-v2.5-pro,mimo-v2.5-pro,mimo-v2.5-pro,,,vbm1_vco_phase_integrator_tb,0,source_selected,,tb-generation,balanced_supplement_v1,tb-generation,continuous dynamics/pll,benchmark-vabench-main-v1,0,0,0,0,0.0,0.0,0,2026-05-09T05:03:34.284974+00:00,/Users/bucketsran/Documents/TsingProject/vaEvas/behavioral-veriloga-eval/generated-main120-S1-compile-skill-prompt-mimo-v2.5-pro-20260509/mimo-v2.5-pro/vbm1_vco_phase_integrator_tb/sample_0/generation_meta.json
mimo-v2.5-pro,mimo-v2.5-pro,mimo-v2.5-pro,,,vbm1_voltage_clamp_bugfix,0,source_selected,,bugfix,balanced_supplement_v1,bugfix,threshold/static nonlinear,benchmark-vabench-main-v1,0,0,0,0,0.0,0.0,0,2026-05-09T05:03:34.288180+00:00,/Users/bucketsran/Documents/TsingProject/vaEvas/behavioral-veriloga-eval/generated-main120-S1-compile-skill-prompt-mimo-v2.5-pro-20260509/mimo-v2.5-pro/vbm1_voltage_clamp_bugfix/sample_0/generation_meta.json
mimo-v2.5-pro,mimo-v2.5-pro,mimo-v2.5-pro,mimo,mimo_thinking:disabled,vbm1_voltage_clamp_dut,0,generated,stop,spec-to-va,balanced_supplement_v1,spec-to-va,threshold/static nonlinear,benchmark-vabench-main-v1,3404,419,0,3823,6.41,6.416,1,2026-05-09T05:03:40.722478+00:00,/Users/bucketsran/Documents/TsingProject/vaEvas/behavioral-veriloga-eval/generated-main120-S1-compile-skill-prompt-mimo-v2.5-pro-20260509/mimo-v2.5-pro/vbm1_voltage_clamp_dut/sample_0/generation_meta.json
mimo-v2.5-pro,mimo-v2.5-pro,mimo-v2.5-pro,,,vbm1_voltage_clamp_e2e,0,source_selected,,end-to-end,balanced_supplement_v1,end-to-end,threshold/static nonlinear,benchmark-vabench-main-v1,0,0,0,0,0.0,0.0,0,2026-05-09T05:03:34.371226+00:00,/Users/bucketsran/Documents/TsingProject/vaEvas/behavioral-veriloga-eval/generated-main120-S1-compile-skill-prompt-mimo-v2.5-pro-20260509/mimo-v2.5-pro/vbm1_voltage_clamp_e2e/sample_0/generation_meta.json
mimo-v2.5-pro,mimo-v2.5-pro,mimo-v2.5-pro,mimo,mimo_thinking:disabled,vbm1_voltage_clamp_tb,0,generated,stop,tb-generation,balanced_supplement_v1,tb-generation,threshold/static nonlinear,benchmark-vabench-main-v1,2715,210,0,2925,3.459,3.462,1,2026-05-09T05:03:37.857276+00:00,/Users/bucketsran/Documents/TsingProject/vaEvas/behavioral-veriloga-eval/generated-main120-S1-compile-skill-prompt-mimo-v2.5-pro-20260509/mimo-v2.5-pro/vbm1_voltage_clamp_tb/sample_0/generation_meta.json
